opportunity,status,side,priority_score,sources,evidence,conflict,next_step
sol_volume_price_dislocation,paper_repeat_cost_adjusted_probe,long_reversal,118.00000000,market_breadth + market_price_context,"SOL: name=Solana, rank=7, vol_mcap=0.08171328, price24h=3.86570735, price7d=-17.97339276, price30d=-28.98597124; label=labeled_12h_pending_24h, dir1h=0.00104408, dir4h=0.00641579, source=hyperliquid; exec=paper_execution_probe, net4h_bps=55.36224757, spread_bps=0.29565243, depth_usage_250=0.00095461; paper_action=promote_to_fill_and_risk_check, outcome=paper_mark_win, paper_bps=193.30967303; fill_risk=cost_adjusted_paper_probe, net_after_cost_bps=185.03654573, spread_bps=0.14812730, depth_usage=0.00073036","repeat paper mark survives rough spread, taker-fee, funding, and visible-depth checks; stop behavior, adverse excursion, and realized fills are still missing",repeat the ticket and add stop/adverse-excursion notes before any promotion
eth_volume_price_dislocation,paper_repeat_cost_adjusted_probe,long_reversal,118.00000000,market_breadth + market_price_context,"ETH: name=Ethereum, rank=2, vol_mcap=0.08098977, price24h=4.27965276, price7d=-15.19850104, price30d=-27.46213770; label=labeled_12h_pending_24h, dir1h=0.00363203, dir4h=0.00458470, source=hyperliquid; exec=paper_execution_probe, net4h_bps=35.58535110, spread_bps=1.76164890, depth_usage_250=0.00011234; paper_action=wait_for_checkpoint, outcome=pending, paper_bps=; fill_risk=cost_adjusted_paper_probe, net_after_cost_bps=168.16563752, spread_bps=0.58908427, depth_usage=0.00002262","repeat paper mark survives rough spread, taker-fee, funding, and visible-depth checks; stop behavior, adverse excursion, and realized fills are still missing",repeat the ticket and add stop/adverse-excursion notes before any promotion
sui_hl_on_chain_flow_repeat_execution_gate,paper_repeat_cost_adjusted_probe,long_on_chain_flow_repeat_paper_check,118.00000000,candidate_validation + execution_context,"SUI: venue=HL, source=on_chain_flow, side=long, labels=6, hit15=1.000000, mean15_bps=63.3468, spread=0.13369073, depth10=75353.76429500, rough_net15_bps=55.2131; paper_action=promote_to_fill_and_risk_check, outcome=paper_mark_win, paper_bps=229.43153588; fill_risk=cost_adjusted_paper_probe, net_after_cost_bps=221.17666491, spread_bps=0.12987097, depth_usage=0.00871254","repeat paper mark survives rough spread, taker-fee, funding, and visible-depth checks; stop behavior, adverse excursion, and realized fills are still missing",repeat the ticket and add stop/adverse-excursion notes before any promotion
sui_okx_on_chain_flow_repeat_execution_gate,paper_repeat_cost_adjusted_probe,long_on_chain_flow_repeat_paper_check,118.00000000,candidate_validation + execution_context,"SUI: venue=OKX, source=on_chain_flow, side=long, labels=6, hit15=1.000000, mean15_bps=63.3468, spread=1.33788213, depth10=104995.62290000, rough_net15_bps=54.0089; paper_action=promote_to_fill_and_risk_check, outcome=paper_mark_win, paper_bps=229.43153588; fill_risk=cost_adjusted_paper_probe, net_after_cost_bps=221.17666491, spread_bps=0.12987097, depth_usage=0.00871254","repeat paper mark survives rough spread, taker-fee, funding, and visible-depth checks; stop behavior, adverse excursion, and realized fills are still missing",repeat the ticket and add stop/adverse-excursion notes before any promotion
link_volume_price_dislocation,paper_repeat_cost_adjusted_probe,long_reversal,115.98142343,market_breadth + market_price_context,"LINK: name=Chainlink, rank=20, vol_mcap=0.05417973, price24h=3.76880983, price7d=-11.82105026, price30d=-24.20201733; label=labeled_12h_pending_24h, dir1h=0.00114110, dir4h=0.00588302, source=hyperliquid; exec=paper_execution_probe, net4h_bps=46.01211772, spread_bps=4.31808228, depth_usage_250=0.05533449; paper_action=wait_for_checkpoint, outcome=pending, paper_bps=; fill_risk=cost_adjusted_paper_probe, net_after_cost_bps=129.81423426, spread_bps=4.31808228, depth_usage=0.05533449","repeat paper mark survives rough spread, taker-fee, funding, and visible-depth checks; stop behavior, adverse excursion, and realized fills are still missing",repeat the ticket and add stop/adverse-excursion notes before any promotion
fartcoin_volume_price_dislocation,paper_repeat_cost_adjusted_probe,long_reversal,114.33002551,market_breadth + market_price_context,"FARTCOIN: name=Fartcoin, rank=245, vol_mcap=0.19120370, price24h=6.24861761, price7d=-23.34693609, price30d=-52.97770875; label=labeled_12h_pending_24h, dir1h=0.01072527, dir4h=0.01116484, source=hyperliquid; exec=paper_execution_probe, net4h_bps=96.47728592, spread_bps=6.67111408, depth_usage_250=0.02933817; paper_action=wait_for_checkpoint, outcome=pending, paper_bps=; fill_risk=cost_adjusted_paper_probe, net_after_cost_bps=113.30025511, spread_bps=6.67111408, depth_usage=0.02933817","repeat paper mark survives rough spread, taker-fee, funding, and visible-depth checks; stop behavior, adverse excursion, and realized fills are still missing",repeat the ticket and add stop/adverse-excursion notes before any promotion
hype_volume_price_dislocation,paper_repeat_cost_adjusted_probe,long_reversal,104.48683995,market_breadth + market_price_context,"HYPE: name=Hyperliquid, rank=10, vol_mcap=0.05520152, price24h=6.84905547, price7d=-15.79949581, price30d=41.30665586; label=labeled_12h_pending_24h, dir1h=0.01957757, dir4h=0.04969039, source=hyperliquid; exec=paper_execution_probe, net4h_bps=486.07022700, spread_bps=1.69344100, depth_usage_250=0.00058295; paper_action=wait_for_checkpoint, outcome=pending, paper_bps=; fill_risk=cost_adjusted_paper_probe, net_after_cost_bps=14.86839947, spread_bps=0.15417942, depth_usage=0.00160862","repeat paper mark survives rough spread, taker-fee, funding, and visible-depth checks; stop behavior, adverse excursion, and realized fills are still missing",repeat the ticket and add stop/adverse-excursion notes before any promotion
btc_1971905_event_crypto_hedge,event_crypto_hedge_after_refresh_candidate,paper_long_risk_relief,103.04009142,prediction_markets + external_news + crypto_hedge,"BTC: event_market=1971905, action=paper_long, bias=risk_relief, gap=0.335000, edge_after_ask=0.330000, depth_5c=214008.090000, question=Strait of Hormuz traffic returns to normal by end of June?","event-market probability can be stale, manipulated, or non-causal for crypto beta; hedge needs event timestamp, funding, spread/depth, beta attribution, and failure regime","paper-label BTC paper_long around event market 'Strait of Hormuz traffic returns to normal by end of June?' with event timestamp, funding, spread/depth, beta attribution, and failure regime"
inj_volume_price_dislocation,paper_repeat_cost_adjusted_probe,long_reversal,103.00000000,market_breadth + market_price_context,"INJ: name=Injective, rank=94, vol_mcap=0.18231442, price24h=11.51408211, price7d=-14.97390276, price30d=34.41094707; label=labeled_12h_pending_24h, dir1h=0.00300905, dir4h=0.04554181, source=hyperliquid; exec=paper_execution_probe, net4h_bps=449.17446827, spread_bps=0.70353173, depth_usage_250=0.06383672; paper_action=keep_observing_quote, outcome=paper_mark_flat, paper_bps=0.00000000; fill_risk=cost_adjusted_paper_probe, net_after_cost_bps=100.47168531, spread_bps=0.70353173, depth_usage=0.06383672","repeat paper mark survives rough spread, taker-fee, funding, and visible-depth checks; stop behavior, adverse excursion, and realized fills are still missing",repeat the ticket and add stop/adverse-excursion notes before any promotion
eth_1971905_event_crypto_hedge,event_crypto_hedge_after_refresh_candidate,paper_long_risk_relief,102.03608228,prediction_markets + external_news + crypto_hedge,"ETH: event_market=1971905, action=paper_long, bias=risk_relief, gap=0.335000, edge_after_ask=0.330000, depth_5c=214008.090000, question=Strait of Hormuz traffic returns to normal by end of June?","event-market probability can be stale, manipulated, or non-causal for crypto beta; hedge needs event timestamp, funding, spread/depth, beta attribution, and failure regime","paper-label ETH paper_long around event market 'Strait of Hormuz traffic returns to normal by end of June?' with event timestamp, funding, spread/depth, beta attribution, and failure regime"
btc_event_pressure_cluster,multi_source_event_pressure,long_event_pressure,100.95871315,news_social + exchange_catalysts + attention_context,"BTC: sources=attention_price, rss:coindesk, rss:cointelegraph, rss:decrypt, events=19, newest_age_h=0.000000, top=institutional_flow: Spot Bitcoin ETFs bleed $1.7B as outflow streak hits four weeks || institutional_flow: Blame bitcoin's tumble on rising inflation, not Strategy, 10xResearch argues || institutional_flow: Strategy Buys Bitcoin, Pads Cash Reserves Following Biggest Weekly Stock Drop Since 2022 || institutional_flow: Strategy buys 1,550 Bitcoin after controversial 32 BTC sale","event pressure can be duplicated, stale, already priced, bot-amplified, or non-causal; clusters still need leakage-safe forward labels","label BTC event-pressure cluster over 15m/1h/4h, then check duplicate sources, funding, depth, and execution cost"
sol_1971905_event_crypto_hedge,event_crypto_hedge_after_refresh_candidate,paper_long_risk_relief,100.53006857,prediction_markets + external_news + crypto_hedge,"SOL: event_market=1971905, action=paper_long, bias=risk_relief, gap=0.335000, edge_after_ask=0.330000, depth_5c=214008.090000, question=Strait of Hormuz traffic returns to normal by end of June?","event-market probability can be stale, manipulated, or non-causal for crypto beta; hedge needs event timestamp, funding, spread/depth, beta attribution, and failure regime","paper-label SOL paper_long around event market 'Strait of Hormuz traffic returns to normal by end of June?' with event timestamp, funding, spread/depth, beta attribution, and failure regime"
sui_on_chain_flow_repeat_15m,cross_venue_repeat_15m_supported,on_chain_flow_repeat,100.33468000,candidate_validation,"SUI: group=asset_source, n=6, hit15=1.000000, mean15=0.00633468, min15=0.00187894, max15=0.01108542, examples=HL/SUI/on_chain_flow;OKX/SUI/on_chain_flow;OKX/SUI/on_chain_flow; pending=0","repeat label is still 15m-only and before costs; 1h confirmation, venue fees, slippage, funding PnL, and neutral baselines are missing",repeat SUI/on_chain_flow on a fresh batch and require 1h plus cost-adjusted confirmation
arb_count_long_short_ratio_short_opposite_intraday_paper_label,low_cost_intraday_paper_supported,short_opposite,99.50000000,p0_parallel + binance_derivatives_intraday_paper_labels,"ARBUSDT: feature=count_long_short_ratio, action=short_opposite, cost_bps=2.0000, prior_net1h=0.000124119875, recent_net1h=0.001049201111, combined_net1h=0.000586660493, combined_hit=0.51064116, trades=7424, score=279.09169588","intraday paper label uses rough cost only; it still needs live spread, funding timestamp, fill delay, stop rules, and sizing assumptions","paper-check ARBUSDT count_long_short_ratio short_opposite with live spread, funding timestamp, fill delay, and stop rules"
arb_count_top_long_short_ratio_short_opposite_intraday_paper_label,low_cost_intraday_paper_supported,short_opposite,99.50000000,p0_parallel + binance_derivatives_intraday_paper_labels,"ARBUSDT: feature=count_top_long_short_ratio, action=short_opposite, cost_bps=2.0000, prior_net1h=0.000086317442, recent_net1h=0.000798719147, combined_net1h=0.000442518295, combined_hit=0.50673491, trades=7424, score=264.52122603","intraday paper label uses rough cost only; it still needs live spread, funding timestamp, fill delay, stop rules, and sizing assumptions","paper-check ARBUSDT count_top_long_short_ratio short_opposite with live spread, funding timestamp, fill delay, and stop rules"
event_probability_actionability,event_probability_candidate_after_refresh_check,buy_yes: Strait of Hormuz traffic returns to normal by end of June?,99.17000000,prediction_markets + external_news + probability_gap + clob_depth + source_quality + refresh,"bid=0.100000, ask=0.110000, spread=0.010000, edge_after_ask=0.330000, bid_pnl=-0.010000, depth_5c=214008.090000, source_quality=source_quality_pass, refresh=paper_outcome_survived_refresh","rough edge, source quality, quote, depth, and refreshed mark all pass before fill checks","paper-check Strait of Hormuz traffic returns to normal by end of June? with explicit fee, queue, fill, resolution-risk, and adverse-selection assumptions"
jto_liquidation_repeat_15m,cross_venue_repeat_15m_supported,liquidation_repeat,99.00000000,candidate_validation,"JTO: group=asset_source, n=2, hit15=1.000000, mean15=0.01653881, min15=0.01250601, max15=0.02057161, examples=OKX/JTO/liquidation;OKX/JTO/liquidation; pending=0","repeat label is still 15m-only and before costs; 1h confirmation, venue fees, slippage, funding PnL, and neutral baselines are missing",repeat JTO/liquidation on a fresh batch and require 1h plus cost-adjusted confirmation
chip_exchange_catalyst_repeat_15m,cross_venue_repeat_15m_supported,exchange_catalyst_repeat,95.42361000,candidate_validation,"CHIP: group=asset_source, n=3, hit15=1.000000, mean15=0.00392361, min15=0.00194553, max15=0.00756579, examples=OKX/CHIP/exchange_catalyst;OKX/CHIP/exchange_catalyst;OKX/CHIP/exchange_catalyst; pending=0","repeat label is still 15m-only and before costs; 1h confirmation, venue fees, slippage, funding PnL, and neutral baselines are missing",repeat CHIP/exchange_catalyst on a fresh batch and require 1h plus cost-adjusted confirmation
public_hypertracker_example_eth_wallet_flow_actionability,wallet_position_follow_candidate,paper_long_wallet_flow,92.90791736,wallet_entity_flow + hyperliquid_public_user_fills + public_mark,"ETH: wallet=public_hypertracker_example, source_coin=ETH, fills=79, net_buy_usd=6903.68625000, net_pnl_after_fees=414.57586100, position_notional=4748.34714000, mark=1697.300000000000","public seed wallet can be stale, survivorship-biased, copy-crowded, or non-causal; candidate still needs forward labels, funding, spread/depth, and entity-quality controls","paper-label ETH paper_long_wallet_flow over 15m/1h/4h with funding, spread/depth, and copycat-risk controls"
public_hypertracker_example_zec_wallet_flow_actionability,wallet_position_follow_candidate,paper_long_wallet_flow,91.34085064,wallet_entity_flow + hyperliquid_public_user_fills + public_mark,"ZEC: wallet=public_hypertracker_example, source_coin=ZEC, fills=40, net_buy_usd=49.58980000, net_pnl_after_fees=443.76364400, position_notional=585.36720000, mark=442.700000000000","public seed wallet can be stale, survivorship-biased, copy-crowded, or non-causal; candidate still needs forward labels, funding, spread/depth, and entity-quality controls","paper-label ZEC paper_long_wallet_flow over 15m/1h/4h with funding, spread/depth, and copycat-risk controls"
mrvl_okx_liquidation_oi_intensity,forced_flow_oi_shock_watch,short_liquidation_squeeze_watch,90.10820490,liquidation_flow + okx_open_interest,"MRVL: liq=117073.12800000, oi=11274881.62500000, liq_oi=0.0103835350, imbalance=1.00000000, score=111.08204901","liquidation/OI intensity is still event context; direction, reversal/continuation choice, depth, fees, funding, and adverse excursion need forward labels","label MRVL short_liquidation_squeeze_watch over 5m/15m/1h with OKX depth, fees, funding, and adverse excursion"
public_hypertracker_example_apt_wallet_flow_actionability,wallet_position_follow_candidate,paper_long_wallet_flow,89.19386026,wallet_entity_flow + hyperliquid_public_user_fills + public_mark,"APT: wallet=public_hypertracker_example, source_coin=APT, fills=37, net_buy_usd=1196.41310500, net_pnl_after_fees=3.29543900, position_notional=363.70878900, mark=0.680000000000","public seed wallet can be stale, survivorship-biased, copy-crowded, or non-causal; candidate still needs forward labels, funding, spread/depth, and entity-quality controls","paper-label APT paper_long_wallet_flow over 15m/1h/4h with funding, spread/depth, and copycat-risk controls"
btc_20260626_medium_dated_delta_hedge_check,paper_delta_hedge_candidate,BTC_medium_dated_delta_hedge_check,88.19158652,options_volatility + hedge_plan,"BTC 2026-06-26: hedge=medium_dated_delta_hedge_check, interval=daily_or_large_delta_move, iv_premium_24h=-43.7860, max_loss_pct=7.550000, premium_to_rv=0.398156, spread=0.040541, depth=149039.26","long-vol hedge candidate still lacks multi-level sweep execution, delta-hedge realized PnL, margin, stop, and exit-bid behavior","paper-check BTC 2026-06-26 medium_dated_delta_hedge_check: sweep depth, delta hedge marks, exit bid, max loss, margin, and stop"
btc_20260619_short_dated_delta_hedge_check,paper_delta_hedge_candidate,BTC_short_dated_delta_hedge_check,88.12483627,options_volatility + hedge_plan,"BTC 2026-06-19: hedge=short_dated_delta_hedge_check, interval=4h_or_large_delta_move, iv_premium_24h=-41.5160, max_loss_pct=6.200000, premium_to_rv=0.420546, spread=0.041152, depth=122750.08","long-vol hedge candidate still lacks multi-level sweep execution, delta-hedge realized PnL, margin, stop, and exit-bid behavior","paper-check BTC 2026-06-19 short_dated_delta_hedge_check: sweep depth, delta hedge marks, exit bid, max loss, margin, and stop"
zec_privacy_sector_rotation_context,sector_perp_repeat_candidate,long_category_constituent,87.96872170,sector_rotation + perp_market_context,"ZEC: category=Privacy, category_action=sector_momentum_watch, change24=26.10040868, dir15=0.00024864, funding_support=1.02205333, hl_liquidity=343403144.86800009, okx_liquidity=805682392.59729993","category membership can be noisy and late; the same coin can belong to conflicting narratives; needs constituent weighting, forward labels, costs, and crowding checks","paper-label ZEC sector-rotation context over 15m/1h/4h with funding, spread/depth, and narrative-conflict checks"
arb_count_long_short_ratio_repeat_intraday_derivatives_feature,repeat_intraday_derivatives_feature_watch,low_repeat_count_long_short_ratio,87.50000000,p0_parallel + binance_derivatives_intraday_repeat,"ARBUSDT: feature=count_long_short_ratio, prior_bucket=low, recent_bucket=low, prior_score=135.91995180, recent_score=363.74390094, combined=365.85272235","non-overlapping intraday label repeat still excludes fees, spread, fill probability, funding PnL, stop behavior, and sizing assumptions","run ARBUSDT count_long_short_ratio intraday paper label with fees, spread, funding PnL, fill assumptions, and stop behavior"
arb_count_top_long_short_ratio_repeat_intraday_derivatives_feature,repeat_intraday_derivatives_feature_watch,low_repeat_count_top_long_short_ratio,87.50000000,p0_parallel + binance_derivatives_intraday_repeat,"ARBUSDT: feature=count_top_long_short_ratio, prior_bucket=low, recent_bucket=low, prior_score=115.79719603, recent_score=253.47565160, combined=319.65176556","non-overlapping intraday label repeat still excludes fees, spread, fill probability, funding PnL, stop behavior, and sizing assumptions","run ARBUSDT count_top_long_short_ratio intraday paper label with fees, spread, funding PnL, fill assumptions, and stop behavior"
arb_sum_top_long_short_ratio_repeat_intraday_derivatives_feature,repeat_intraday_derivatives_feature_watch,low_repeat_sum_top_long_short_ratio,87.50000000,p0_parallel + binance_derivatives_intraday_repeat,"ARBUSDT: feature=sum_top_long_short_ratio, prior_bucket=low, recent_bucket=low, prior_score=120.73755210, recent_score=187.48461818, combined=312.38198616","non-overlapping intraday label repeat still excludes fees, spread, fill probability, funding PnL, stop behavior, and sizing assumptions","run ARBUSDT sum_top_long_short_ratio intraday paper label with fees, spread, funding PnL, fill assumptions, and stop behavior"
ada_count_long_short_ratio_repeat_intraday_derivatives_feature,repeat_intraday_derivatives_feature_watch,low_repeat_count_long_short_ratio,87.50000000,p0_parallel + binance_derivatives_intraday_repeat,"ADAUSDT: feature=count_long_short_ratio, prior_bucket=low, recent_bucket=low, prior_score=96.09804603, recent_score=201.61593265, combined=285.64084177","non-overlapping intraday label repeat still excludes fees, spread, fill probability, funding PnL, stop behavior, and sizing assumptions","run ADAUSDT count_long_short_ratio intraday paper label with fees, spread, funding PnL, fill assumptions, and stop behavior"
uni_abs_premium_close_repeat_intraday_derivatives_feature,repeat_intraday_derivatives_feature_watch,high_repeat_abs_premium_close,87.50000000,p0_parallel + binance_derivatives_intraday_repeat,"UNIUSDT: feature=abs_premium_close, prior_bucket=high, recent_bucket=high, prior_score=107.54766360, recent_score=101.46352443, combined=273.26576204","non-overlapping intraday label repeat still excludes fees, spread, fill probability, funding PnL, stop behavior, and sizing assumptions","run UNIUSDT abs_premium_close intraday paper label with fees, spread, funding PnL, fill assumptions, and stop behavior"
uni_premium_close_repeat_intraday_derivatives_feature,repeat_intraday_derivatives_feature_watch,low_repeat_premium_close,87.50000000,p0_parallel + binance_derivatives_intraday_repeat,"UNIUSDT: feature=premium_close, prior_bucket=low, recent_bucket=low, prior_score=107.17566162, recent_score=95.22607260, combined=265.70641944","non-overlapping intraday label repeat still excludes fees, spread, fill probability, funding PnL, stop behavior, and sizing assumptions","run UNIUSDT premium_close intraday paper label with fees, spread, funding PnL, fill assumptions, and stop behavior"
doge_premium_close_repeat_intraday_derivatives_feature,repeat_intraday_derivatives_feature_watch,low_repeat_premium_close,87.50000000,p0_parallel + binance_derivatives_intraday_repeat,"DOGEUSDT: feature=premium_close, prior_bucket=low, recent_bucket=low, prior_score=87.46626775, recent_score=132.85945520, combined=261.53141234","non-overlapping intraday label repeat still excludes fees, spread, fill probability, funding PnL, stop behavior, and sizing assumptions","run DOGEUSDT premium_close intraday paper label with fees, spread, funding PnL, fill assumptions, and stop behavior"
doge_abs_premium_close_repeat_intraday_derivatives_feature,repeat_intraday_derivatives_feature_watch,high_repeat_abs_premium_close,87.50000000,p0_parallel + binance_derivatives_intraday_repeat,"DOGEUSDT: feature=abs_premium_close, prior_bucket=high, recent_bucket=high, prior_score=85.63907748, recent_score=128.58455415, combined=258.48380381","non-overlapping intraday label repeat still excludes fees, spread, fill probability, funding PnL, stop behavior, and sizing assumptions","run DOGEUSDT abs_premium_close intraday paper label with fees, spread, funding PnL, fill assumptions, and stop behavior"
zec_quantum_resistant_sector_rotation_context,sector_perp_repeat_candidate,long_category_constituent,86.54981710,sector_rotation + perp_market_context,"ZEC: category=Quantum-Resistant, category_action=sector_momentum_watch, change24=19.00588556, dir15=0.00024864, funding_support=1.02205333, hl_liquidity=343403144.86800009, okx_liquidity=805682392.59729993","category membership can be noisy and late; the same coin can belong to conflicting narratives; needs constituent weighting, forward labels, costs, and crowding checks","paper-label ZEC sector-rotation context over 15m/1h/4h with funding, spread/depth, and narrative-conflict checks"
hype_maker_or_low_fee_small_execution_edge,execution_low_fee_comparison_candidate,long_execution_mode,86.50000000,execution_edge + fill_risk,"HYPE: mode=maker_or_low_fee_small, action=compare_taker_vs_low_fee, size=250, current_net_bps=514.02103278, mode_net_bps=520.09834659, spread_bps=0.15462762, depth_usage=0.00260762, source=current_paper_ticket_fill_risk_check.csv","execution-mode candidate is still paper-only; maker fill probability, queue position, partial fills, latency, and adverse selection are not measured","paper-repeat HYPE with maker_or_low_fee_small, explicit fill assumption, funding, stop, and adverse-selection notes"
bera_maker_or_low_fee_small_execution_edge,execution_low_fee_comparison_candidate,long_execution_mode,86.50000000,execution_edge + fill_risk,"BERA: mode=maker_or_low_fee_small, action=compare_taker_vs_low_fee, size=100.00, current_net_bps=427.95583072, mode_net_bps=434.91613187, spread_bps=1.92060230, depth_usage=0.02511675, source=current_promoted_ticket_repeat_fill_risk_check.csv","execution-mode candidate is still paper-only; maker fill probability, queue position, partial fills, latency, and adverse selection are not measured","paper-repeat BERA with maker_or_low_fee_small, explicit fill assumption, funding, stop, and adverse-selection notes"
chip_maker_or_low_fee_small_execution_edge,execution_low_fee_comparison_candidate,long_execution_mode,86.50000000,execution_edge + fill_risk,"CHIP: mode=maker_or_low_fee_small, action=compare_taker_vs_low_fee, size=100.00, current_net_bps=330.56095991, mode_net_bps=339.56095991, spread_bps=6.44893823, depth_usage=0.02040643, source=current_promoted_ticket_repeat_fill_risk_check.csv","execution-mode candidate is still paper-only; maker fill probability, queue position, partial fills, latency, and adverse selection are not measured","paper-repeat CHIP with maker_or_low_fee_small, explicit fill assumption, funding, stop, and adverse-selection notes"
mon_maker_or_low_fee_small_execution_edge,execution_low_fee_comparison_candidate,long_execution_mode,86.50000000,execution_edge + fill_risk,"MON: mode=maker_or_low_fee_small, action=compare_taker_vs_low_fee, size=100.00, current_net_bps=232.19323958, mode_net_bps=239.31003394, spread_bps=2.23358871, depth_usage=0.02006151, source=current_promoted_ticket_repeat_fill_risk_check.csv","execution-mode candidate is still paper-only; maker fill probability, queue position, partial fills, latency, and adverse selection are not measured","paper-repeat MON with maker_or_low_fee_small, explicit fill assumption, funding, stop, and adverse-selection notes"
sndk_okx_liquidation_oi_intensity,forced_flow_oi_shock_watch,short_liquidation_squeeze_watch,86.46005701,liquidation_flow + okx_open_interest,"SNDK: liq=74705.69500000, oi=11051966.85700000, liq_oi=0.0067594932, imbalance=1.00000000, score=74.60057008","liquidation/OI intensity is still event context; direction, reversal/continuation choice, depth, fees, funding, and adverse excursion need forward labels","label SNDK short_liquidation_squeeze_watch over 5m/15m/1h with OKX depth, fees, funding, and adverse excursion"
mrvl_okx_intensity_liquidation_reversal,reversal_15m_supported_pending_1h,liquidation_reversal_short_liquidation_squeeze_watch,85.90083000,liquidation_flow + okx_open_interest + forward_label,"MRVL: action=short_liquidation_squeeze_watch, intensity=111.08204901, cont5=-0.00826446, cont15=-0.01190083, cont1h=, rev5=0.00826446, rev15=0.01190083, rev1h=","liquidation intensity label is price-only; it still excludes spread, fees, funding PnL, fill probability, stop behavior, and repeat-event evidence","wait for MRVL short_liquidation_squeeze_watch 1h label, then add depth, fees, funding, and adverse-excursion checks"
zec_zero_knowledge_zk_sector_rotation_context,sector_perp_repeat_candidate,long_category_constituent,85.80397040,sector_rotation + perp_market_context,"ZEC: category=Zero Knowledge (ZK), category_action=sector_momentum_watch, change24=15.27665202, dir15=0.00024864, funding_support=1.02205333, hl_liquidity=343403144.86800009, okx_liquidity=805682392.59729993","category membership can be noisy and late; the same coin can belong to conflicting narratives; needs constituent weighting, forward labels, costs, and crowding checks","paper-label ZEC sector-rotation context over 15m/1h/4h with funding, spread/depth, and narrative-conflict checks"
zec_privacy_coins_sector_rotation_context,sector_perp_repeat_candidate,long_category_constituent,85.61270960,sector_rotation + perp_market_context,"ZEC: category=Privacy Coins, category_action=sector_momentum_watch, change24=14.32034791, dir15=0.00024864, funding_support=1.02205333, hl_liquidity=343403144.86800009, okx_liquidity=805682392.59729993","category membership can be noisy and late; the same coin can belong to conflicting narratives; needs constituent weighting, forward labels, costs, and crowding checks","paper-label ZEC sector-rotation context over 15m/1h/4h with funding, spread/depth, and narrative-conflict checks"
ada_count_long_short_ratio_long_preferred_short_opposite_intraday_paper_label,low_cost_intraday_paper_recent_only,long_preferred_short_opposite,85.50000000,p0_parallel + binance_derivatives_intraday_paper_labels,"ADAUSDT: feature=count_long_short_ratio, action=long_preferred_short_opposite, cost_bps=2.0000, prior_net1h=0.000058636723, recent_net1h=0.000985473980, combined_net1h=0.000522055351, combined_hit=0.50898990, trades=9900, score=192.56513107","intraday paper label uses rough cost only; it still needs live spread, funding timestamp, fill delay, stop rules, and sizing assumptions",extend ADAUSDT count_long_short_ratio long_preferred_short_opposite to another non-overlapping window before promotion
arb_count_long_short_ratio_long_preferred_short_opposite_intraday_paper_label,low_cost_intraday_paper_recent_only,long_preferred_short_opposite,85.50000000,p0_parallel + binance_derivatives_intraday_paper_labels,"ARBUSDT: feature=count_long_short_ratio, action=long_preferred_short_opposite, cost_bps=2.0000, prior_net1h=0.000182542303, recent_net1h=0.000813591267, combined_net1h=0.000498066785, combined_hit=0.50373737, trades=9900, score=189.95617346","intraday paper label uses rough cost only; it still needs live spread, funding timestamp, fill delay, stop rules, and sizing assumptions",extend ARBUSDT count_long_short_ratio long_preferred_short_opposite to another non-overlapping window before promotion
ada_count_long_short_ratio_short_opposite_intraday_paper_label,low_cost_intraday_paper_recent_only,short_opposite,85.50000000,p0_parallel + binance_derivatives_intraday_paper_labels,"ADAUSDT: feature=count_long_short_ratio, action=short_opposite, cost_bps=2.0000, prior_net1h=-0.000061552540, recent_net1h=0.001320235159, combined_net1h=0.000629341309, combined_hit=0.51656789, trades=7424, score=163.59684646","intraday paper label uses rough cost only; it still needs live spread, funding timestamp, fill delay, stop rules, and sizing assumptions",extend ADAUSDT count_long_short_ratio short_opposite to another non-overlapping window before promotion
bsb_okx_liquidation_oi_intensity,forced_flow_oi_shock_watch,short_liquidation_squeeze_watch,85.30404974,liquidation_flow + okx_open_interest,"BSB: liq=41657.37900000, oi=7389964.28400000, liq_oi=0.0056370203, imbalance=1.00000000, score=63.04049738","liquidation/OI intensity is still event context; direction, reversal/continuation choice, depth, fees, funding, and adverse excursion need forward labels","label BSB short_liquidation_squeeze_watch over 5m/15m/1h with OKX depth, fees, funding, and adverse excursion"
hype_taker_small_execution_edge,execution_taker_repeat_candidate,long_execution_mode,84.50000000,execution_edge + fill_risk,"HYPE: mode=taker_small, action=repeat_taker_probe, size=250, current_net_bps=514.02103278, mode_net_bps=514.02103278, spread_bps=0.15462762, depth_usage=0.00260762, source=current_paper_ticket_fill_risk_check.csv","execution-mode candidate is still paper-only; maker fill probability, queue position, partial fills, latency, and adverse selection are not measured","paper-repeat HYPE with taker_small, explicit fill assumption, funding, stop, and adverse-selection notes"
bera_taker_small_execution_edge,execution_taker_repeat_candidate,long_execution_mode,84.50000000,execution_edge + fill_risk,"BERA: mode=taker_small, action=repeat_taker_probe, size=100.00, current_net_bps=427.95583072, mode_net_bps=427.95583072, spread_bps=1.92060230, depth_usage=0.02511675, source=current_promoted_ticket_repeat_fill_risk_check.csv","execution-mode candidate is still paper-only; maker fill probability, queue position, partial fills, latency, and adverse selection are not measured","paper-repeat BERA with taker_small, explicit fill assumption, funding, stop, and adverse-selection notes"
chip_taker_small_execution_edge,execution_taker_repeat_candidate,long_execution_mode,84.50000000,execution_edge + fill_risk,"CHIP: mode=taker_small, action=repeat_taker_probe, size=100.00, current_net_bps=330.56095991, mode_net_bps=330.56095991, spread_bps=6.44893823, depth_usage=0.02040643, source=current_promoted_ticket_repeat_fill_risk_check.csv","execution-mode candidate is still paper-only; maker fill probability, queue position, partial fills, latency, and adverse selection are not measured","paper-repeat CHIP with taker_small, explicit fill assumption, funding, stop, and adverse-selection notes"
near_sum_top_long_short_ratio_intraday_derivatives_feature,intraday_derivatives_feature_priority,high_sum_top_long_short_ratio,84.00000000,p0_parallel + binance_derivatives_intraday_labels,"NEARUSDT: feature=sum_top_long_short_ratio, obs=4885, bucket=high, low_1h=-0.002278041268, high_1h=0.001528627433, low_hit=0.44844517, high_hit=0.52945990, score=399.62678044","intraday feature label excludes fees, spread, fill probability, funding PnL, stop behavior, and fresh-window repeat checks","repeat NEARUSDT sum_top_long_short_ratio 5m-to-1h label on a fresh window, then add fees, spread, and fill assumptions"
op_count_long_short_ratio_intraday_derivatives_feature,intraday_derivatives_feature_priority,low_count_long_short_ratio,84.00000000,p0_parallel + binance_derivatives_intraday_labels,"OPUSDT: feature=count_long_short_ratio, obs=4728, bucket=low, low_1h=0.000867532182, high_1h=-0.002618437967, low_hit=0.48943364, high_hit=0.45600677, score=367.08154325","intraday feature label excludes fees, spread, fill probability, funding PnL, stop behavior, and fresh-window repeat checks","repeat OPUSDT count_long_short_ratio 5m-to-1h label on a fresh window, then add fees, spread, and fill assumptions"
arb_count_long_short_ratio_intraday_derivatives_feature,intraday_derivatives_feature_priority,low_count_long_short_ratio,84.00000000,p0_parallel + binance_derivatives_intraday_labels,"ARBUSDT: feature=count_long_short_ratio, obs=4676, bucket=low, low_1h=0.000321732165, high_1h=-0.003111075150, low_hit=0.50256410, high_hit=0.38408896, score=363.74390094","intraday feature label excludes fees, spread, fill probability, funding PnL, stop behavior, and fresh-window repeat checks","repeat ARBUSDT count_long_short_ratio 5m-to-1h label on a fresh window, then add fees, spread, and fill assumptions"
near_count_long_short_ratio_intraday_derivatives_feature,intraday_derivatives_feature_priority,high_count_long_short_ratio,84.00000000,p0_parallel + binance_derivatives_intraday_labels,"NEARUSDT: feature=count_long_short_ratio, obs=4885, bucket=high, low_1h=-0.001067324711, high_1h=0.001734039715, low_hit=0.46153846, high_hit=0.52127660, score=298.45224870","intraday feature label excludes fees, spread, fill probability, funding PnL, stop behavior, and fresh-window repeat checks","repeat NEARUSDT count_long_short_ratio 5m-to-1h label on a fresh window, then add fees, spread, and fill assumptions"
op_count_top_long_short_ratio_intraday_derivatives_feature,intraday_derivatives_feature_priority,low_count_top_long_short_ratio,84.00000000,p0_parallel + binance_derivatives_intraday_labels,"OPUSDT: feature=count_top_long_short_ratio, obs=4728, bucket=low, low_1h=0.000723160355, high_1h=-0.001972739705, low_hit=0.49366019, high_hit=0.47292724, score=287.49776936","intraday feature label excludes fees, spread, fill probability, funding PnL, stop behavior, and fresh-window repeat checks","repeat OPUSDT count_top_long_short_ratio 5m-to-1h label on a fresh window, then add fees, spread, and fill assumptions"
near_count_top_long_short_ratio_intraday_derivatives_feature,intraday_derivatives_feature_priority,high_count_top_long_short_ratio,84.00000000,p0_parallel + binance_derivatives_intraday_labels,"NEARUSDT: feature=count_top_long_short_ratio, obs=4885, bucket=high, low_1h=0.000075127649, high_1h=0.002635714879, low_hit=0.46235679, high_hit=0.54909984, score=275.14920118","intraday feature label excludes fees, spread, fill probability, funding PnL, stop behavior, and fresh-window repeat checks","repeat NEARUSDT count_top_long_short_ratio 5m-to-1h label on a fresh window, then add fees, spread, and fill assumptions"
arb_count_top_long_short_ratio_intraday_derivatives_feature,intraday_derivatives_feature_priority,low_count_top_long_short_ratio,84.00000000,p0_parallel + binance_derivatives_intraday_labels,"ARBUSDT: feature=count_top_long_short_ratio, obs=4676, bucket=low, low_1h=-0.000466581980, high_1h=-0.002814426165, low_hit=0.46581197, high_hit=0.39606501, score=253.47565160","intraday feature label excludes fees, spread, fill probability, funding PnL, stop behavior, and fresh-window repeat checks","repeat ARBUSDT count_top_long_short_ratio 5m-to-1h label on a fresh window, then add fees, spread, and fill assumptions"
op_sum_top_long_short_ratio_intraday_derivatives_feature,intraday_derivatives_feature_priority,high_sum_top_long_short_ratio,84.00000000,p0_parallel + binance_derivatives_intraday_labels,"OPUSDT: feature=sum_top_long_short_ratio, obs=4728, bucket=high, low_1h=-0.002306675480, high_1h=-0.000175914800, low_hit=0.45308538, high_hit=0.51692047, score=231.17773612","intraday feature label excludes fees, spread, fill probability, funding PnL, stop behavior, and fresh-window repeat checks","repeat OPUSDT sum_top_long_short_ratio 5m-to-1h label on a fresh window, then add fees, spread, and fill assumptions"
allo_okx_liquidation_oi_intensity,liquidation_oi_pressure_watch,mixed_liquidation_flow_watch,83.46464997,liquidation_flow + okx_open_interest,"ALLO: liq=97164.50180000, oi=9796590.00000000, liq_oi=0.0099181962, imbalance=-0.23060312, score=104.64649974","liquidation/OI intensity is still event context; direction, reversal/continuation choice, depth, fees, funding, and adverse excursion need forward labels","label ALLO mixed_liquidation_flow_watch over 5m/15m/1h with OKX depth, fees, funding, and adverse excursion"
doge_premium_close_short_opposite_intraday_paper_label,low_cost_intraday_paper_recent_only,short_opposite,83.13854377,p0_parallel + binance_derivatives_intraday_paper_labels,"DOGEUSDT: feature=premium_close, action=short_opposite, cost_bps=2.0000, prior_net1h=-0.000031523858, recent_net1h=0.000544491404, combined_net1h=0.000256444974, combined_hit=0.51852351, trades=7423, score=126.38543769","intraday paper label uses rough cost only; it still needs live spread, funding timestamp, fill delay, stop rules, and sizing assumptions",extend DOGEUSDT premium_close short_opposite to another non-overlapping window before promotion
uni_abs_premium_close_short_opposite_intraday_paper_label,low_cost_intraday_paper_recent_only,short_opposite,83.07133629,p0_parallel + binance_derivatives_intraday_paper_labels,"UNIUSDT: feature=abs_premium_close, action=short_opposite, cost_bps=2.0000, prior_net1h=-0.000238688158, recent_net1h=0.000747345923, combined_net1h=0.000254328883, combined_hit=0.50701187, trades=7416, score=125.71336293","intraday paper label uses rough cost only; it still needs live spread, funding timestamp, fill delay, stop rules, and sizing assumptions",extend UNIUSDT abs_premium_close short_opposite to another non-overlapping window before promotion
beat_okx_liquidation_oi_intensity,forced_flow_oi_shock_watch,short_liquidation_squeeze_watch,82.71194533,liquidation_flow + okx_open_interest,"BEAT: liq=128183.99300000, oi=42088291.30400000, liq_oi=0.0030455975, imbalance=0.75418600, score=37.11945332","liquidation/OI intensity is still event context; direction, reversal/continuation choice, depth, fees, funding, and adverse excursion need forward labels","label BEAT short_liquidation_squeeze_watch over 5m/15m/1h with OKX depth, fees, funding, and adverse excursion"
zec_event_pressure_cluster,two_source_event_pressure,long_event_pressure,82.15975395,news_social + exchange_catalysts + attention_context,"ZEC: sources=attention_price, rss:decrypt, events=3, newest_age_h=0.000000, top=attention_price_lag_candidate: rank=2; price_1h=1.79; price_24h=1.55; price_7d=-17.49; price_30d=-25.35; volume_to_mcap=0.1211 || institutional_flow: Winklevoss-Backed Zcash Treasury Plunges Nearly 40% on ZEC Privacy Bug Concerns || narrative_event: AI Is Helping Discover Tech Vulnerabilities—And Zcash Is Just the Latest Example","event pressure can be duplicated, stale, already priced, bot-amplified, or non-causal; clusters still need leakage-safe forward labels","label ZEC event-pressure cluster over 15m/1h/4h, then check duplicate sources, funding, depth, and execution cost"
solana_stablecoin_migration,paper_chain_stablecoin_inflow_watch,long_chain_beta_or_activity,82.02985522,stablecoin_liquidity,"Solana/SOL: supply=13099796300.64, day_change=454833106.44, week_change=930837276.44, week_pct=0.07649276, top_asset=USDC; label=pending_4h, dir1h=, dir4h=, dir12h=","stablecoin migration is a capital-flow proxy, not a bridge-fill; chain-token mapping, venues, and execution costs are still required",wait for SOL 4h label
hype_event_pressure_cluster,two_source_event_pressure,long_event_pressure,81.95337378,news_social + exchange_catalysts + attention_context,"HYPE: sources=attention_market, attention_price, events=2, newest_age_h=0.000000, top=attention_price_lag_candidate: rank=1; price_1h=0.19; price_24h=10.36; price_7d=-10.45; price_30d=48.27; volume_to_mcap=0.0617 || attention_funding_watch: rank=1, change=10.03822924","event pressure can be duplicated, stale, already priced, bot-amplified, or non-causal; clusters still need leakage-safe forward labels","label HYPE event-pressure cluster over 15m/1h/4h, then check duplicate sources, funding, depth, and execution cost"
beat_okx_intensity_liquidation_continuation,continuation_15m_supported_pending_1h,liquidation_continuation_short_liquidation_squeeze_watch,81.81268000,liquidation_flow + okx_open_interest + forward_label,"BEAT: action=short_liquidation_squeeze_watch, intensity=37.11945332, cont5=0.00045555, cont15=0.00781268, cont1h=, rev5=-0.00045555, rev15=-0.00781268, rev1h=","liquidation intensity label is price-only; it still excludes spread, fees, funding PnL, fill probability, stop behavior, and repeat-event evidence","wait for BEAT short_liquidation_squeeze_watch 1h label, then add depth, fees, funding, and adverse-excursion checks"
sol_event_pressure_cluster,two_source_event_pressure,mixed_event_pressure,81.39989143,news_social + exchange_catalysts + attention_context,"SOL: sources=attention_price, exchange_catalyst, events=2, newest_age_h=0.000000, top=attention_price_lag_candidate: rank=7; price_1h=1.07; price_24h=4.01; price_7d=-15.62; price_30d=-27.87; volume_to_mcap=0.0874 || exchange_removal_watch: Binance Alpha Will Remove REX, XO, TANSSI, DARKSTAR, YALA, RCADE, RDAC, SKATE, OVL, SLAY, Ghibli (SOL), Ghibli (BSC), PHY, VLR, SVSA, WBAI, EDGEN, FAIR3, MM, BUBB, AICELL, XLAB, SIGHT (2026-04-30)","event pressure can be duplicated, stale, already priced, bot-amplified, or non-causal; clusters still need leakage-safe forward labels","label SOL event-pressure cluster over 15m/1h/4h, then check duplicate sources, funding, depth, and execution cost"
crypto_equity_proxy_lead_short,paper_short_candidate,short_btc_eth,80.56427340,crypto_equity_proxy,crypto-linked equities underperform BTC while BTC has not repriced much,"equity proxies trade on different hours, have borrow/liquidity constraints, and can reflect corporate financing rather than crypto spot demand","label crypto_equity_proxy_lead_short against BTC/ETH spot, funding, equity-market beta, borrow constraints, and market-hours gaps"
chip_reduced_size_taker_execution_edge,execution_depth_capped_size_candidate,long_execution_mode,80.50000000,execution_edge + fill_risk,"CHIP: mode=reduced_size_taker, action=retry_with_depth_capped_size, size=268.41, current_net_bps=346.47978328, mode_net_bps=346.47978328, spread_bps=3.06983883, depth_usage=0.18627874, source=current_paper_ticket_fill_risk_check.csv","execution-mode candidate is still paper-only; maker fill probability, queue position, partial fills, latency, and adverse selection are not measured","paper-repeat CHIP with reduced_size_taker, explicit fill assumption, funding, stop, and adverse-selection notes"
mstr_btc_relative_value,paper_relative_value_watch,long_mstr_short_btc,80.41807720,crypto_equity_proxy + prediction_markets,MSTR strongly underperforms BTC; check announcement/news and equity-market risk before action,"requires equity borrow/liquidity, corporate-news check, and BTC hedge mapping; prediction market odds are not a direct equity fair-value model","label MSTR/BTC relative returns around BTC-purchase news and compare against borrow, spread, and hedge slippage"
exchange_beta_lead,paper_short_candidate,short_btc_eth,80.38878100,crypto_equity_proxy,COIN/HOOD underperform BTC while BTC has not repriced much,"equity proxies trade on different hours, have borrow/liquidity constraints, and can reflect corporate financing rather than crypto spot demand","label exchange_beta_lead against BTC/ETH spot, funding, equity-market beta, borrow constraints, and market-hours gaps"
wld_okx_liquidation_oi_intensity,liquidation_oi_pressure_watch,mixed_liquidation_flow_watch,78.35466313,liquidation_flow + okx_open_interest,"WLD: liq=161797.92930000, oi=33741895.25710000, liq_oi=0.0047951642, imbalance=-0.18356469, score=53.54663130","liquidation/OI intensity is still event context; direction, reversal/continuation choice, depth, fees, funding, and adverse excursion need forward labels","label WLD mixed_liquidation_flow_watch over 5m/15m/1h with OKX depth, fees, funding, and adverse excursion"
purr_oi_funding_crowding_watch,paper_oi_funding_crowding_watch,long_perp,78.24810318,perp_market_map,"PURR: obs=17, oi_change=0.02897275, ret24=0.10699443, funding=0.10950000, oi_vol=9.14277715, impact=0.012507051848, reason=OI notional is rising into an up move; test crowded continuation versus late-long squeeze risk","short-window OI notional can reflect mark-price movement, position changes, or stale monitor sampling; it needs forward labels and cross-venue OI before promotion","label PURR OI-shift candidate over 15m/1h/4h with funding, spread, depth, and failure-regime separation"
mrvl_okx_liquidation_intensity_paper_gate,small_paper_probe_pending_1h,short_liquidation_intensity_short_liquidation_squeeze_watch,78.06588411,liquidation_flow + okx_open_interest + forward_label + execution_context,"MRVL: action=short_liquidation_squeeze_watch, label=reversal_15m_supported_pending_1h, side=short, size=100.00, label15_bps=119.00830000, cost_bps=13.34945886, net_bps=105.65884114, depth10=99968.12500000, usage=0.00100032","paper gate uses current public book only; it still excludes real fills, funding PnL, stop behavior, event replay, and adverse-selection during liquidation bursts","wait for MRVL 1h label, then paper-check with fill, funding, stop, and repeat-event logs"
arb_mean_sum_top_long_short_ratio_binance_derivatives_symbol_feature,persistent_derivatives_symbol_feature_prior,low_mean_sum_top_long_short_ratio,78.00000000,p0_parallel + binance_derivatives_history + recent_window,"ARBUSDT: feature=mean_sum_top_long_short_ratio, historical_bucket=low, recent_bucket=low, historical_score=268.20771083, recent_score=428.44884702, combined=472.36444935","symbol-feature prior is historical/recent research evidence, not a current trade; it still needs recent intraday labels, costs, and execution gates","rerun ARBUSDT mean_sum_top_long_short_ratio with recent intraday labels, then add execution and funding PnL"
near_mean_funding_rate_binance_derivatives_symbol_feature,persistent_derivatives_symbol_feature_prior,high_mean_only_mean_funding_rate,78.00000000,p0_parallel + binance_derivatives_history + recent_window,"NEARUSDT: feature=mean_funding_rate, historical_bucket=high_mean_only, recent_bucket=high_mean_only, historical_score=340.64123123, recent_score=305.40671778, combined=417.73879749","symbol-feature prior is historical/recent research evidence, not a current trade; it still needs recent intraday labels, costs, and execution gates","rerun NEARUSDT mean_funding_rate with recent intraday labels, then add execution and funding PnL"
near_sum_funding_rate_binance_derivatives_symbol_feature,persistent_derivatives_symbol_feature_prior,high_mean_only_sum_funding_rate,78.00000000,p0_parallel + binance_derivatives_history + recent_window,"NEARUSDT: feature=sum_funding_rate, historical_bucket=high_mean_only, recent_bucket=high_mean_only, historical_score=340.64123123, recent_score=305.40671778, combined=417.73879749","symbol-feature prior is historical/recent research evidence, not a current trade; it still needs recent intraday labels, costs, and execution gates","rerun NEARUSDT sum_funding_rate with recent intraday labels, then add execution and funding PnL"
bch_mean_sum_top_long_short_ratio_binance_derivatives_symbol_feature,persistent_derivatives_symbol_feature_prior,high_mean_sum_top_long_short_ratio,78.00000000,p0_parallel + binance_derivatives_history + recent_window,"BCHUSDT: feature=mean_sum_top_long_short_ratio, historical_bucket=high, recent_bucket=high, historical_score=283.19300899, recent_score=305.42527675, combined=397.64398303","symbol-feature prior is historical/recent research evidence, not a current trade; it still needs recent intraday labels, costs, and execution gates","rerun BCHUSDT mean_sum_top_long_short_ratio with recent intraday labels, then add execution and funding PnL"
near_mean_sum_top_long_short_ratio_binance_derivatives_symbol_feature,persistent_derivatives_symbol_feature_prior,high_mean_only_mean_sum_top_long_short_ratio,78.00000000,p0_parallel + binance_derivatives_history + recent_window,"NEARUSDT: feature=mean_sum_top_long_short_ratio, historical_bucket=high_mean_only, recent_bucket=high_mean_only, historical_score=297.51358782, recent_score=294.17664037, combined=395.34457198","symbol-feature prior is historical/recent research evidence, not a current trade; it still needs recent intraday labels, costs, and execution gates","rerun NEARUSDT mean_sum_top_long_short_ratio with recent intraday labels, then add execution and funding PnL"
eth_public_treasury_flow,public_treasury_concentration_watch,eth_structural_demand_context,77.57890000,institutional_flow + public_treasury,"ETH: dominance=6.26000000, total_holdings=7555329.90587600, top=BitMine Immersion/BMNR.US, top_supply_pct=4.59400000, funding=0.10950000, oi_notional=1169973223.85","public treasury holdings update slowly, can be stale, and can reflect balance-sheet concentration rather than fresh spot demand","join ETH treasury concentration to equity proxy, issuance news, funding, and forward returns"
dola_stablecoin_peg_stress,paper_depeg_repeg_watch,watch_repeg_or_short_risk,77.53206285,stablecoin_liquidity,"DOLA/Dola: price=0.99446794, peg_deviation=-0.00553206, supply=90007421.64, week_change=0.00","stablecoin price can be stale or untradable; redemption path, venue depth, custody, and issuer risk must be checked first","check DOLA redemption route, liquidity, exchange depth, and repeated peg snapshots"
ethereum_usdc_msy_lending_actionability,lending_rate_candidate_after_risk_check,paper_lend_after_risk_check,77.52389839,defi_lending,"Ethereum USDC/msY: util=0.88163058, supply=30833091.44, borrow=27183396.43, liquidity=3649695.01, avg_supply_apy=0.11178447, avg_borrow_apy=0.12790463",market has visible remaining liquidity and material supply APY before protocol and withdrawal checks,"paper-check Ethereum USDC/msY withdrawal path, rate persistence, gas, oracle, liquidation, and smart-contract risk"
polygon_stablecoin_migration,paper_chain_stablecoin_outflow_watch,short_chain_beta_or_reduce_exposure,77.37020179,stablecoin_liquidity,"Polygon/POL: supply=3435388496.71, day_change=-89229105.82, week_change=-212411978.07, week_pct=-0.05823015, top_asset=USDC; label=pending_4h, dir1h=, dir4h=, dir12h=","stablecoin migration is a capital-flow proxy, not a bridge-fill; chain-token mapping, venues, and execution costs are still required",wait for POL 4h label
btc_public_treasury_flow,public_treasury_concentration_watch,btc_structural_demand_context,77.11440000,institutional_flow + public_treasury,"BTC: dominance=6.08000000, total_holdings=1277540.33138047, top=Strategy/MSTR.US, top_supply_pct=4.02500000, funding=0.10950000, oi_notional=1930148298.99","public treasury holdings update slowly, can be stale, and can reflect balance-sheet concentration rather than fresh spot demand","join BTC treasury concentration to equity proxy, issuance news, funding, and forward returns"
imx_oi_funding_crowding_watch,paper_oi_funding_crowding_watch,long_perp,76.99493890,perp_market_map,"IMX: obs=15, oi_change=0.02915078, ret24=0.07690482, funding=0.10950000, oi_vol=2.32003053, impact=0.002792885492, reason=OI notional is rising into an up move; test crowded continuation versus late-long squeeze risk","short-window OI notional can reflect mark-price movement, position changes, or stale monitor sampling; it needs forward labels and cross-venue OI before promotion","label IMX OI-shift candidate over 15m/1h/4h with funding, spread, depth, and failure-regime separation"
stable_hlperp_cash_or_spot_proxy_funding,paper_funding_dislocation_watch,HlPerp_vs_cash_or_spot_proxy,76.21773522,cross_exchange_funding,"STABLE: action=current_funding_monitor, annualized_edge=5.71773522, liquidity=791373.11702000, friction=0.00241465","funding dislocation can disappear before execution; borrow, margin, transfer, and venue failure risks are still unvalidated","paper-check STABLE cross-venue funding persistence with real fee, margin, and venue constraints"
layer_hlperp_cash_or_spot_proxy_funding,paper_funding_dislocation_watch,HlPerp_vs_cash_or_spot_proxy,75.66909029,cross_exchange_funding,"LAYER: action=current_funding_monitor, annualized_edge=5.16909029, liquidity=290957.94968900, friction=0.00390659","funding dislocation can disappear before execution; borrow, margin, transfer, and venue failure risks are still unvalidated","paper-check LAYER cross-venue funding persistence with real fee, margin, and venue constraints"
near_oi_funding_crowding_watch,paper_oi_funding_crowding_watch,long_perp,75.58374770,perp_market_map,"NEAR: obs=17, oi_change=0.02112340, ret24=0.10186976, funding=0.10950000, oi_vol=1.19648594, impact=0.000438778246, reason=OI notional is rising into an up move; test crowded continuation versus late-long squeeze risk","short-window OI notional can reflect mark-price movement, position changes, or stale monitor sampling; it needs forward labels and cross-venue OI before promotion","label NEAR OI-shift candidate over 15m/1h/4h with funding, spread, depth, and failure-regime separation"
dash_oi_funding_crowding_watch,paper_oi_funding_crowding_watch,long_perp,75.46757433,perp_market_map,"DASH: obs=17, oi_change=0.01930313, ret24=0.13010687, funding=0.10950000, oi_vol=0.34889516, impact=0.001231550376, reason=OI notional is rising into an up move; test crowded continuation versus late-long squeeze risk","short-window OI notional can reflect mark-price movement, position changes, or stale monitor sampling; it needs forward labels and cross-venue OI before promotion","label DASH OI-shift candidate over 15m/1h/4h with funding, spread, depth, and failure-regime separation"
eth-12jun26_basis,paper_long_basis_watch,long_future_short_spot_or_perp,75.08298945,basis_term_structure,"ETH-12JUN26: ann_basis=-0.05168861, basis=-0.00052402, dte=3.7004, volume_usd=4435836.00000000, spread=0.00029455","basis trade still needs spot/perp hedge route, funding, margin, fees, and order-book depth checks","check ETH-12JUN26 hedge route, fees, margin, funding, and order-book depth"
btc_risk_off_short_stack,paper_watch,short_btc_perp,74.87120382,institutional_flow + macro_regime + speculative_beta,"Hyperliquid/BTC-USD perpetual short funding ticket score=3.42283217; risk-off pressure is visible, but crypto already repriced; btc5d=0.0024, eth5d=-0.0593; risk-off shock is visible, but crypto may already have repriced",BTC and ETH may already have repriced lower; Deribit put-skew screen points to rich downside vol rather than clean directional short,label 4h/12h/24h BTC outcomes when ETF/funding short watch overlaps macro and speculative-beta risk-off pressure
btc-25sep26_basis,paper_short_basis_watch,short_future_long_spot_or_perp,74.43098966,basis_term_structure,"BTC-25SEP26: ann_basis=0.03001697, basis=0.00893933, dte=108.7004, volume_usd=19486290.00000000, spread=0.00019336","basis trade still needs spot/perp hedge route, funding, margin, fees, and order-book depth checks","check BTC-25SEP26 hedge route, fees, margin, funding, and order-book depth"
layer_hlperp_binperp_funding,paper_funding_dislocation_watch,HlPerp_vs_BinPerp,74.32494888,cross_exchange_funding,"LAYER: action=current_funding_monitor, annualized_edge=3.82494888, liquidity=291004.58998700, friction=0.00238221","funding dislocation can disappear before execution; borrow, margin, transfer, and venue failure risks are still unvalidated","paper-check LAYER cross-venue funding persistence with real fee, margin, and venue constraints"
beat_okx_liquidation_intensity_paper_gate,small_paper_probe_pending_1h,long_liquidation_intensity_short_liquidation_squeeze_watch,74.28049484,liquidation_flow + okx_open_interest + forward_label + execution_context,"BEAT: action=short_liquidation_squeeze_watch, label=continuation_15m_supported_pending_1h, side=long, size=100.00, label15_bps=78.12680000, cost_bps=10.32185159, net_bps=67.80494841, depth10=10662.29800000, usage=0.00937884","paper gate uses current public book only; it still excludes real fills, funding PnL, stop behavior, event replay, and adverse-selection during liquidation bursts","wait for BEAT 1h label, then paper-check with fill, funding, stop, and repeat-event logs"
zec_oi_unwind_watch,paper_oi_unwind_watch,context_only,74.09111112,perp_market_map,"ZEC: obs=17, oi_change=-0.01677105, ret24=0.18264728, funding=-0.34577209, oi_vol=0.42561027, impact=0.000375546857, reason=OI notional is falling into an up move; test short-cover exhaustion versus cleaner continuation","short-window OI notional can reflect mark-price movement, position changes, or stale monitor sampling; it needs forward labels and cross-venue OI before promotion","label ZEC OI-shift candidate over 15m/1h/4h with funding, spread, depth, and failure-regime separation"
btc-12jun26_basis,paper_long_basis_watch,long_future_short_spot_or_perp,74.00005872,basis_term_structure,"BTC-12JUN26: ann_basis=-0.03045096, basis=-0.00030871, dte=3.7004, volume_usd=14588660.00000000, spread=0.00003903","basis trade still needs spot/perp hedge route, funding, margin, fees, and order-book depth checks","check BTC-12JUN26 hedge route, fees, margin, funding, and order-book depth"
arb_oi_value_change_binance_derivatives_symbol_feature,recent_derivatives_symbol_feature_prior,high_oi_value_change,74.00000000,p0_parallel + binance_derivatives_history + recent_window,"ARBUSDT: feature=oi_value_change, historical_bucket=high_mean_only, recent_bucket=high, historical_score=15.26221237, recent_score=546.03594874, combined=425.26514101","symbol-feature prior is historical/recent research evidence, not a current trade; it still needs recent intraday labels, costs, and execution gates",extend recent ARBUSDT oi_value_change window and check whether the effect survives costs
arb_mean_premium_close_binance_derivatives_symbol_feature,recent_derivatives_symbol_feature_prior,high_mean_premium_close,74.00000000,p0_parallel + binance_derivatives_history + recent_window,"ARBUSDT: feature=mean_premium_close, historical_bucket=low, recent_bucket=high, historical_score=28.55775329, recent_score=507.47838125, combined=384.85616146","symbol-feature prior is historical/recent research evidence, not a current trade; it still needs recent intraday labels, costs, and execution gates",extend recent ARBUSDT mean_premium_close window and check whether the effect survives costs
op_oi_value_change_binance_derivatives_symbol_feature,recent_derivatives_symbol_feature_prior,high_oi_value_change,74.00000000,p0_parallel + binance_derivatives_history + recent_window,"OPUSDT: feature=oi_value_change, historical_bucket=high, recent_bucket=high, historical_score=95.77606099, recent_score=426.66021949, combined=375.85076401","symbol-feature prior is historical/recent research evidence, not a current trade; it still needs recent intraday labels, costs, and execution gates",extend recent OPUSDT oi_value_change window and check whether the effect survives costs
eth_treasury_proxy_lead,eth_treasury_proxy_watch,eth_treasury_vs_eth_context,73.79686590,crypto_equity_proxy,ETH treasury equities are a current institutional demand proxy; strongest=BTBT vs_eth_5d=-0.1039,"equity proxies trade on different hours, have borrow/liquidity constraints, and can reflect corporate financing rather than crypto spot demand","label eth_treasury_proxy_lead against BTC/ETH spot, funding, equity-market beta, borrow constraints, and market-hours gaps"
saharausdt_umcbl_bitget_futures_positioning,paper_oi_funding_crowding_watch,watch_short_crowded_long,73.26805378,derivatives_positioning,"Bitget Futures SAHARAUSDT_UMCBL: oi=80873013.97000000, vol24=13134579.17395258, oi_vol=6.15725962, funding=0.19440000, basis=-0.46279253","aggregated derivatives data still needs venue-specific depth, funding timing, fees, margin, and forward labels","label Bitget Futures SAHARAUSDT_UMCBL forward returns, funding PnL, depth, fees, and margin constraints"
eth-26mar27_basis,paper_short_basis_watch,short_future_long_spot_or_perp,73.23075053,basis_term_structure,"ETH-26MAR27: ann_basis=0.03329783, basis=0.02651970, dte=290.7004, volume_usd=4153077.00000000, spread=0.00014340","basis trade still needs spot/perp hedge route, funding, margin, fees, and order-book depth checks","check ETH-26MAR27 hedge route, fees, margin, funding, and order-book depth"
zec_perp_whitebit_futures_positioning,paper_oi_funding_crowding_watch,watch_long_crowded_short,73.12045099,derivatives_positioning,"WhiteBIT Futures ZEC_PERP: oi=60624892.16000000, vol24=14788228.53169752, oi_vol=4.09953714, funding=-0.21166400, basis=0.30162834","aggregated derivatives data still needs venue-specific depth, funding timing, fees, margin, and forward labels","label WhiteBIT Futures ZEC_PERP forward returns, funding PnL, depth, fees, and margin constraints"
husdtm_kucoin_futures_positioning,paper_oi_funding_crowding_watch,watch_long_crowded_short,72.98113253,derivatives_positioning,"KuCoin Futures HUSDTM: oi=65207036.03000000, vol24=16576268.26063031, oi_vol=3.93375849, funding=-0.03370000, basis=0.01337117","aggregated derivatives data still needs venue-specific depth, funding timing, fees, margin, and forward labels","label KuCoin Futures HUSDTM forward returns, funding PnL, depth, fees, and margin constraints"
beatusdtm_kucoin_futures_positioning,paper_oi_funding_crowding_watch,watch_long_crowded_short,72.92300686,derivatives_positioning,"KuCoin Futures BEATUSDTM: oi=59520886.84000000, vol24=45139900.36450537, oi_vol=1.31858702, funding=-0.04610000, basis=0.08602544","aggregated derivatives data still needs venue-specific depth, funding timing, fees, margin, and forward labels","label KuCoin Futures BEATUSDTM forward returns, funding PnL, depth, fees, and margin constraints"
labusdt_umcbl_bitget_futures_positioning,paper_oi_funding_crowding_watch,watch_short_crowded_long,72.86741256,derivatives_positioning,"Bitget Futures LABUSDT_UMCBL: oi=64955488.12000000, vol24=29685107.50381197, oi_vol=2.18815068, funding=0.12120000, basis=-0.42149965","aggregated derivatives data still needs venue-specific depth, funding timing, fees, margin, and forward labels","label Bitget Futures LABUSDT_UMCBL forward returns, funding PnL, depth, fees, and margin constraints"
pengu_oi_unwind_watch,paper_oi_unwind_watch,context_only,72.75302619,perp_market_map,"PENGU: obs=17, oi_change=-0.01823508, ret24=0.09311934, funding=-0.25177204, oi_vol=1.11717608, impact=0.000726532985, reason=OI notional is falling into an up move; test short-cover exhaustion versus cleaner continuation","short-window OI notional can reflect mark-price movement, position changes, or stale monitor sampling; it needs forward labels and cross-venue OI before promotion","label PENGU OI-shift candidate over 15m/1h/4h with funding, spread, depth, and failure-regime separation"
bio_bybitperp_hlperp_funding,paper_funding_dislocation_watch,BybitPerp_vs_HlPerp,72.69377118,cross_exchange_funding,"BIO: action=current_funding_monitor, annualized_edge=2.19377118, liquidity=1383760.22221800, friction=0.00168998","funding dislocation can disappear before execution; borrow, margin, transfer, and venue failure risks are still unvalidated","paper-check BIO cross-venue funding persistence with real fee, margin, and venue constraints"
eth-perp_variational_omni_positioning,paper_oi_funding_crowding_watch,watch_long_crowded_short,72.61112139,derivatives_positioning,"Variational Omni ETH-PERP: oi=143939277.59999999, vol24=81508423.75797845, oi_vol=1.76594358, funding=-0.14570000, basis=0.09489064","aggregated derivatives data still needs venue-specific depth, funding timing, fees, margin, and forward labels","label Variational Omni ETH-PERP forward returns, funding PnL, depth, fees, and margin constraints"
zec_attention_price_context,attention_price_lag_candidate,long_attention_lag,72.40975395,news_social + market_price_context,"ZEC: name=Zcash, rank=2, price24h=1.55399868, price7d=-17.48774114, price30d=-25.34698347, vol_mcap=0.12111599","attention can be non-causal, late, bot-driven, or already crowded; needs leakage-safe forward labels and execution checks","paper-label ZEC attention-price lag over 1h, 4h, 12h, and 24h"
hype_attention_price_context,attention_price_lag_candidate,long_attention_lag,72.35337378,news_social + market_price_context,"HYPE: name=Hyperliquid, rank=1, price24h=10.35547027, price7d=-10.44790161, price30d=48.26597086, vol_mcap=0.06171672","attention can be non-causal, late, bot-driven, or already crowded; needs leakage-safe forward labels and execution checks","paper-label HYPE attention-price lag over 1h, 4h, 12h, and 24h"
move_hlperp_bybitperp_funding,paper_funding_dislocation_watch,HlPerp_vs_BybitPerp,72.35184473,cross_exchange_funding,"MOVE: action=current_funding_monitor, annualized_edge=1.85184473, liquidity=1310125.57313600, friction=0.00206288","funding dislocation can disappear before execution; borrow, margin, transfer, and venue failure risks are still unvalidated","paper-check MOVE cross-venue funding persistence with real fee, margin, and venue constraints"
ethereum_mainstreet_msusd_yield_peg,yield_supply_stress_watch,watch_supply_or_redemption_risk,72.11514370,defi_yield + stablecoin_liquidity,"Ethereum/mainstreet MSUSD: apy=12.000000, base=12.000000, tvl=81845813.00, peg=MSUSD, price=0.99935473, peg_deviation=-0.00064527","yield can be real carry, but peg, redemption, issuer, custody, and exit-liquidity risk can fully explain the APY","check MSUSD supply change, issuer updates, redemption route, and pool exit liquidity"
chip_okx_exchange_catalyst_repeat_execution_gate,paper_repeat_depth_too_thin,long_exchange_catalyst_repeat_paper_check,72.00000000,candidate_validation + execution_context,"CHIP: venue=OKX, source=exchange_catalyst, side=long, labels=3, hit15=1.000000, mean15_bps=39.2361, spread=3.24096581, depth10=6074.78400000, rough_net15_bps=27.9951; paper_action=promote_to_fill_and_risk_check, outcome=paper_mark_win, paper_bps=365.54354736; fill_risk=depth_too_thin_for_probe, net_after_cost_bps=355.81542981, spread_bps=3.06607389, depth_usage=0.24750398",paper mark win is not enough because the candidate size consumes too much visible depth,reduce candidate size or skip until depth improves
pengu_attention_price_context,attention_price_lag_candidate,long_attention_lag,71.88516168,news_social + market_price_context,"PENGU: name=Pudgy Penguins, rank=3, price24h=3.41173512, price7d=-7.43988173, price30d=-34.17607708, vol_mcap=0.27958695","attention can be non-causal, late, bot-driven, or already crowded; needs leakage-safe forward labels and execution checks","paper-label PENGU attention-price lag over 1h, 4h, 12h, and 24h"
sol_attention_price_context,attention_price_lag_candidate,long_attention_lag,71.79989143,news_social + market_price_context,"SOL: name=Solana, rank=7, price24h=4.00738704, price7d=-15.62374907, price30d=-27.86692055, vol_mcap=0.08735556","attention can be non-causal, late, bot-driven, or already crowded; needs leakage-safe forward labels and execution checks","paper-label SOL attention-price lag over 1h, 4h, 12h, and 24h"
ethereum_ethena-usde_susde_yield_peg,yield_supply_stress_watch,watch_supply_or_redemption_risk,71.72250090,defi_yield + stablecoin_liquidity,"Ethereum/ethena-usde SUSDE: apy=4.509150, base=4.509150, tvl=1772820104.00, peg=USDe, price=0.99921613, peg_deviation=-0.00078387","yield can be real carry, but peg, redemption, issuer, custody, and exit-liquidity risk can fully explain the APY","check USDe supply change, issuer updates, redemption route, and pool exit liquidity"
bsc_unitas_susdu_yield_peg,yield_supply_stress_watch,watch_supply_or_redemption_risk,71.71797820,defi_yield + stablecoin_liquidity,"BSC/unitas SUSDU: apy=9.957090, base=9.957090, tvl=43505239.00, peg=USDU, price=0.99867581, peg_deviation=-0.00132419","yield can be real carry, but peg, redemption, issuer, custody, and exit-liquidity risk can fully explain the APY","check USDU supply change, issuer updates, redemption route, and pool exit liquidity"
base_stablecoin_migration,paper_chain_stablecoin_inflow_watch,chain_activity_or_related_assets,71.57973582,stablecoin_liquidity,"Base/-: supply=4475481886.70, day_change=49566480.93, week_change=169236522.75, week_pct=0.03930025, top_asset=USDC","stablecoin migration is a capital-flow proxy, not a bridge-fill; chain-token mapping, venues, and execution costs are still required",label Base activity and related assets after stablecoin inflow; check bridge route and venue coverage
ethereum_stablecoin_migration,chain_stablecoin_flow_reversal_watch,collect_label,71.34035136,stablecoin_liquidity,"Ethereum/ETH: supply=147257248777.50, day_change=-133182923.30, week_change=-2549343868.46, week_pct=-0.01701757, top_asset=USDT; label=pending_4h, dir1h=, dir4h=, dir12h=","stablecoin migration is a capital-flow proxy, not a bridge-fill; chain-token mapping, venues, and execution costs are still required",wait for ETH 4h label
arb_count_top_long_short_ratio_long_preferred_short_opposite_intraday_paper_label,intraday_paper_positive_mean_watch,long_preferred_short_opposite,71.30832102,p0_parallel + binance_derivatives_intraday_paper_labels,"ARBUSDT: feature=count_top_long_short_ratio, action=long_preferred_short_opposite, cost_bps=2.0000, prior_net1h=0.000125846290, recent_net1h=0.000437918924, combined_net1h=0.000281882607, combined_hit=0.49737374, trades=9900, score=128.08321019","intraday paper label uses rough cost only; it still needs live spread, funding timestamp, fill delay, stop rules, and sizing assumptions",do not promote ARBUSDT count_top_long_short_ratio long_preferred_short_opposite without stronger cost-aware repeat evidence
ethereum_ember-protocol_usdc_yield_peg,paper_yield_without_peg_stress_watch,allocate_stablecoin_capital_after_ops_check,70.91749460,defi_yield + stablecoin_liquidity,"Ethereum/ember-protocol USDC: apy=12.461940, base=12.461940, tvl=37638707.00, peg=USDC, price=0.99967417, peg_deviation=-0.00032583","yield can be real carry, but peg, redemption, issuer, custody, and exit-liquidity risk can fully explain the APY","check Ethereum/ember-protocol custody, APY source, withdrawal path, capacity, and exit liquidity"
tron_stablecoin_migration,chain_stablecoin_flow_reversal_watch,collect_label,70.87796041,stablecoin_liquidity,"Tron/TRX: supply=89349190154.35, day_change=-104168340.97, week_change=-455311942.59, week_pct=-0.00507003, top_asset=USDT; label=pending_4h, dir1h=, dir4h=, dir12h=","stablecoin migration is a capital-flow proxy, not a bridge-fill; chain-token mapping, venues, and execution costs are still required",wait for TRX 4h label
ethereum_centrifuge-protocol_usds_yield_peg,paper_yield_without_peg_stress_watch,allocate_stablecoin_capital_after_ops_check,70.67529240,defi_yield + stablecoin_liquidity,"Ethereum/centrifuge-protocol USDS: apy=4.759970, base=4.759970, tvl=865366178.00, peg=USDS, price=0.99956366, peg_deviation=-0.00043634","yield can be real carry, but peg, redemption, issuer, custody, and exit-liquidity risk can fully explain the APY","check Ethereum/centrifuge-protocol custody, APY source, withdrawal path, capacity, and exit liquidity"
ethereum_maple_usdt_yield_peg,paper_yield_without_peg_stress_watch,allocate_stablecoin_capital_after_ops_check,70.65744460,defi_yield + stablecoin_liquidity,"Ethereum/maple USDT: apy=4.144590, base=4.144590, tvl=850335024.00, peg=USDT, price=0.99930971, peg_deviation=-0.00069029","yield can be real carry, but peg, redemption, issuer, custody, and exit-liquidity risk can fully explain the APY","check Ethereum/maple custody, APY source, withdrawal path, capacity, and exit liquidity"
btc_20260611_expiry_gamma_scalp_check,expiry_gamma_hedge_watch,BTC_expiry_gamma_scalp_check,70.10196026,options_volatility + hedge_plan,"BTC 2026-06-11: hedge=expiry_gamma_scalp_check, interval=2h_or_large_delta_move, iv_premium_24h=-36.5560, max_loss_pct=3.500000, premium_to_rv=0.472770, spread=0.058824, depth=63924.13","long-vol hedge candidate still lacks multi-level sweep execution, delta-hedge realized PnL, margin, stop, and exit-bid behavior","paper-check BTC 2026-06-11 expiry_gamma_scalp_check: event timing, gamma scalping interval, exit bid, and expiry handling"
eth_cross_modal_context,cross_modal_probe_after_conflict_check,context_long,70.00000000,cross_modal_alpha_context,"ETH: aligned=event_pressure, wallet_flow, chain_context_okx, chain_context_hl; conflict=wallet_flow; score=277.55500002; event=repeated_event_context; sources=1; events=2; top=rss:decrypt || wallet=public_hypertracker_example; status=wallet_position_follow_candidate; position_notional=4748.34714000; pnl=414.57586100 || chain_context=chain_flow_reversal_watch; venue=OKX; funding_support=0.07598815; context=0.57304300 || chain_context=chain_flow_reversal_watch; venue=HL; funding_support=-0.10950000; context=0.32863522","event timestamp quality, duplicate-source filtering, beta attribution, and execution check; wallet source quality, copycat risk, forward labels, funding, spread/depth, and survivorship bias; repeat labels, venue-specific funding PnL, depth, fees, and liquidation context","split ETH by modal source, then paper-label the long context if conflicts are explained"
btc_long_atm_straddle_20260612_volatility_actionability,volatility_quote_mechanics_watch,paper_quote_check,69.73741670,options_volatility,"BTC 2026-06-12: iv_premium_24h=-37.9260, quote_spread=0.077922, max_loss_pct=4.000000, premium_to_realized_move=0.461497, top_ask_depth_usd=86608.35","quote exists, but spread, premium size, depth, or breakeven move still needs mechanics review","check BTC 2026-06-12 long_atm_straddle spread, top depth, premium-at-risk, breakeven move, and hedge feasibility"
eth_long_atm_straddle_20260626_volatility_actionability,volatility_quote_mechanics_watch,paper_quote_check,69.72009742,options_volatility,"ETH 2026-06-26: iv_premium_24h=-52.5572, quote_spread=0.019139, max_loss_pct=10.550000, premium_to_realized_move=0.427681, top_ask_depth_usd=10048.71","quote exists, but spread, premium size, depth, or breakeven move still needs mechanics review","check ETH 2026-06-26 long_atm_straddle spread, top depth, premium-at-risk, breakeven move, and hedge feasibility"
eth_l2_imbalance_probe,l2_imbalance_15m_only_probe,directional_l2_probe,69.67839229,market_making,"ETH: size=100.00, net15=61.78392287bps, net1h=-27.79847713bps, imbalance_10bps=0.13780812, depth_usage=0.00001000","directional L2 probe is not maker edge; queue position, fill probability, rebates, and adverse selection are still missing",repeat ETH L2 imbalance on fresh snapshots and log trade prints plus fill-side next return
avalanche_avant-avusd_savusd_yield,paper_base_yield_watch,allocate_stablecoin_capital,69.00227610,defi_yield,"Avalanche/avant-avusd SAVUSD: apy=8.525670, base=8.525670, reward=0.000000, tvl=79693357.00, dev30=0.353630","DeFi yield requires custody, withdrawal, smart-contract, issuer, APY-decay, and exit-liquidity checks","check Avalanche/avant-avusd custody, withdrawal path, APY source, capacity, and exit liquidity"
xpl_volume_price_dislocation,paper_repeat_depth_too_thin,long_reversal,68.87806178,market_breadth + market_price_context,"XPL: name=Plasma, rank=182, vol_mcap=0.34172490, price24h=3.62760842, price7d=-22.63322228, price30d=-34.68937983; label=labeled_12h_pending_24h, dir1h=-0.00215268, dir4h=0.01031553, source=hyperliquid; exec=paper_execution_probe, net4h_bps=89.41348688, spread_bps=5.24181312, depth_usage_250=0.11469589; paper_action=promote_to_fill_and_risk_check, outcome=paper_mark_win, paper_bps=132.14743094; fill_risk=depth_too_thin_for_probe, net_after_cost_bps=118.78061782, spread_bps=5.24181312, depth_usage=0.11469589",paper mark win is not enough because the candidate size consumes too much visible depth,reduce candidate size or skip until depth improves
solana_worldcup_sol_dex_pool,paper_dex_pool_momentum_watch,watch_pool_momentum,68.20621953,dex_pool_flow,"solana/pumpswap WORLDCUP / SOL: reserve=352176.24030000, vol1h=105324.96438267, vol_reserve=0.29906891, chg1h=7.20000000, chg24h=51.15700000","DEX pool flow can be thin, manipulated, or unexecutable; route depth, slippage, gas, MEV, and token restrictions are unvalidated","check solana/pumpswap WORLDCUP / SOL route depth, slippage, gas, MEV, token restrictions, and repeat flow"
btc_cross_modal_context,cross_modal_probe_after_conflict_check,context_long,68.00389019,cross_modal_alpha_context,"BTC: aligned=event_pressure, chain_context_okx, chain_context_hl; conflict=wallet_flow; score=200.03890190; event=multi_source_event_pressure; sources=4; events=19; top=attention_price, rss:coindesk, rss:cointelegraph, rss:decrypt || chain_context=chain_flow_reversal_watch; venue=OKX; funding_support=0.08956514; context=0.55138115 || chain_context=chain_flow_reversal_watch; venue=HL; funding_support=-0.10950000; context=0.28829626","event timestamp quality, duplicate-source filtering, beta attribution, and execution check; repeat labels, venue-specific funding PnL, depth, fees, and liquidation context","split BTC by modal source, then paper-label the long context if conflicts are explained"
solana_bountywork_sol_dex_pool,paper_dex_reversal_risk_watch,watch_reversal_or_no_trade,67.90281455,dex_pool_flow,"solana/pumpswap Bountywork / SOL: reserve=113153.05520000, vol1h=149342.72921304, vol_reserve=1.31982940, chg1h=2.89200000, chg24h=117.67000000","DEX pool flow can be thin, manipulated, or unexecutable; route depth, slippage, gas, MEV, and token restrictions are unvalidated","check solana/pumpswap Bountywork / SOL route depth, slippage, gas, MEV, token restrictions, and repeat flow"
sui_l2_imbalance_probe,l2_imbalance_15m_only_probe,directional_l2_probe,67.19174059,market_making,"SUI: size=100.00, net15=36.91740590bps, net1h=-34.84339410bps, imbalance_10bps=0.32812876, depth_usage=0.00213766","directional L2 probe is not maker edge; queue position, fill probability, rebates, and adverse selection are still missing",repeat SUI L2 imbalance on fresh snapshots and log trade prints plus fill-side next return
okx_eth_chain_flow_context,paper_chain_flow_watch,repeat_priority,66.85329490,on_chain_flow,"OKX/ETH: observations=4, hit15=1.00000000, mean_dir15=0.00140417, funding_support=0.15684211",sample is tiny and chain TVL flow may be slow or indirect relative to tradable venue returns,repeat ETH chain-flow labels and isolate venue-specific execution costs
okx_mon_chain_flow_context,paper_chain_flow_watch,collect_repeat,66.82356840,on_chain_flow,"OKX/MON: observations=4, hit15=1.00000000, mean_dir15=0.00641319, funding_support=0.79998656",sample is tiny and chain TVL flow may be slow or indirect relative to tradable venue returns,repeat MON chain-flow labels and isolate venue-specific execution costs
btc_l2_imbalance_probe,l2_imbalance_15m_only_probe,directional_l2_probe,66.80256058,market_making,"BTC: size=100.00, net15=33.02560578bps, net1h=-36.57479422bps, imbalance_10bps=0.74032299, depth_usage=0.00007456","directional L2 probe is not maker edge; queue position, fill probability, rebates, and adverse selection are still missing",repeat BTC L2 imbalance on fresh snapshots and log trade prints plus fill-side next return
btc_long_atm_straddle_20260626_volatility_actionability,volatility_candidate_needs_sweep_hedge,paper_long_vol_sweep_hedge_check,66.79074704,options_volatility,"BTC 2026-06-26: iv_premium_24h=-43.7860, quote_spread=0.040541, max_loss_pct=7.550000, premium_to_realized_move=0.398156, top_ask_depth_usd=149039.26","cheap IV has visible top depth and capped premium, but sweep depth and hedge behavior are not checked yet","paper-check BTC 2026-06-26 long_atm_straddle multi-level sweep, delta hedge schedule, max premium loss, margin, and exit bid"
btc_long_atm_straddle_20260619_volatility_actionability,volatility_candidate_needs_sweep_hedge,paper_long_vol_sweep_hedge_check,66.67948032,options_volatility,"BTC 2026-06-19: iv_premium_24h=-41.5160, quote_spread=0.041152, max_loss_pct=6.200000, premium_to_realized_move=0.420546, top_ask_depth_usd=122750.08","cheap IV has visible top depth and capped premium, but sweep depth and hedge behavior are not checked yet","paper-check BTC 2026-06-19 long_atm_straddle multi-level sweep, delta hedge schedule, max premium loss, margin, and exit bid"
okx_sol_chain_flow_context,paper_chain_flow_watch,keep_sampling,66.62818980,on_chain_flow,"OKX/SOL: observations=4, hit15=0.50000000, mean_dir15=0.00046158, funding_support=0.38344944",sample is tiny and chain TVL flow may be slow or indirect relative to tradable venue returns,repeat SOL chain-flow labels and isolate venue-specific execution costs
hmstr_arcade_games_sector_rotation_context,sector_rotation_label_pending,long_category_constituent,66.39293210,sector_rotation + perp_market_context,"HMSTR: category=Arcade Games, category_action=sector_momentum_watch, change24=91.60294913, dir15=, funding_support=-0.09276577, hl_liquidity=623201.31006400, okx_liquidity=","category membership can be noisy and late; the same coin can belong to conflicting narratives; needs constituent weighting, forward labels, costs, and crowding checks","paper-label HMSTR sector-rotation context over 15m/1h/4h with funding, spread/depth, and narrative-conflict checks"
doge_l2_imbalance_probe,l2_imbalance_15m_only_probe,directional_l2_probe,66.31792931,market_making,"DOGE: size=100.00, net15=28.17929313bps, net1h=-74.83070687bps, imbalance_10bps=0.08425551, depth_usage=0.00057578","directional L2 probe is not maker edge; queue position, fill probability, rebates, and adverse selection are still missing",repeat DOGE L2 imbalance on fresh snapshots and log trade prints plus fill-side next return
hype_attention_funding_overlap,paper_attention_funding_watch,attention_funding_watch,66.25566549,news_social,"HYPE/Hyperliquid: attention_rank=1, attention_change=10.03822924, funding=0.28021050, impact_spread=0.000114119162",attention is not causal edge; social/narrative signals need repeat labels and latency checks,collect repeated HYPE attention/funding overlaps and compare 15m/1h decay after costs
eth_chain_flow_context,paper_chain_flow_watch,repeat_priority,66.08834470,on_chain_flow,"ETH: observations=4, hit15=1.00000000, mean_dir15=0.00134586, funding_support=0.10553348",sample is tiny and chain TVL flow may be slow or indirect relative to tradable venue returns,repeat ETH chain-flow labels and isolate venue-specific execution costs
bnb_l2_imbalance_probe,l2_imbalance_15m_only_probe,directional_l2_probe,65.99236043,market_making,"BNB: size=100.00, net15=24.92360434bps, net1h=-61.80839566bps, imbalance_10bps=0.26744553, depth_usage=0.00153359","directional L2 probe is not maker edge; queue position, fill probability, rebates, and adverse selection are still missing",repeat BNB L2 imbalance on fresh snapshots and log trade prints plus fill-side next return
lit_l2_imbalance_probe,l2_imbalance_15m_only_probe,directional_l2_probe,65.79454247,market_making,"LIT: size=100.00, net15=22.94542471bps, net1h=-148.09217529bps, imbalance_10bps=0.76377410, depth_usage=0.05095162","directional L2 probe is not maker edge; queue position, fill probability, rebates, and adverse selection are still missing",repeat LIT L2 imbalance on fresh snapshots and log trade prints plus fill-side next return
eth_event_pressure_cluster,repeated_event_context,long_event_pressure,65.66061140,news_social + exchange_catalysts + attention_context,"ETH: sources=rss:decrypt, events=2, newest_age_h=3.595924, top=stablecoin_event: Reform UK's Farage 'Evading' Scrutiny Over Tether Billionaire's $6.7M Gift: Labour || institutional_flow: Tom Lee's Ethereum Treasury BitMine Prices Preferred Shares With 9.5% Dividend","event pressure can be duplicated, stale, already priced, bot-amplified, or non-causal; clusters still need leakage-safe forward labels","label ETH event-pressure cluster over 15m/1h/4h, then check duplicate sources, funding, depth, and execution cost"
xmr_l2_imbalance_probe,l2_imbalance_15m_only_probe,directional_l2_probe,65.59856388,market_making,"XMR: size=100.00, net15=20.98563879bps, net1h=-36.70166121bps, imbalance_10bps=0.64501018, depth_usage=0.01809686","directional L2 probe is not maker edge; queue position, fill probability, rebates, and adverse selection are still missing",repeat XMR L2 imbalance on fresh snapshots and log trade prints plus fill-side next return
ton_l2_imbalance_probe,l2_imbalance_15m_only_probe,directional_l2_probe,64.92153286,market_making,"TON: size=100.00, net15=14.21532857bps, net1h=-84.28657143bps, imbalance_10bps=0.08290101, depth_usage=0.00286757","directional L2 probe is not maker edge; queue position, fill probability, rebates, and adverse selection are still missing",repeat TON L2 imbalance on fresh snapshots and log trade prints plus fill-side next return
btc_1962237_event_crypto_hedge,event_crypto_hedge_watch,paper_long_risk_relief,64.74942004,prediction_markets + external_news + crypto_hedge,"BTC: event_market=1962237, action=paper_long, bias=risk_relief, gap=0.085000, edge_after_ask=0.080000, depth_5c=81670.040000, question=US x Iran permanent peace deal by June 30, 2026?","event-market probability can be stale, manipulated, or non-causal for crypto beta; hedge needs event timestamp, funding, spread/depth, beta attribution, and failure regime","paper-label BTC paper_long around event market 'US x Iran permanent peace deal by June 30, 2026?' with event timestamp, funding, spread/depth, beta attribution, and failure regime"
btc_2296152_event_crypto_hedge,event_crypto_hedge_watch,paper_short_risk_escalation,64.69511347,prediction_markets + external_news + crypto_hedge,"BTC: event_market=2296152, action=paper_short, bias=risk_escalation, gap=0.100000, edge_after_ask=0.090000, depth_5c=9837.130000, question=Israel closes its airspace by June 15?","event-market probability can be stale, manipulated, or non-causal for crypto beta; hedge needs event timestamp, funding, spread/depth, beta attribution, and failure regime","paper-label BTC paper_short around event market 'Israel closes its airspace by June 15?' with event timestamp, funding, spread/depth, beta attribution, and failure regime"
link_privacy_sector_rotation_context,sector_rotation_label_pending,long_category_constituent,64.42250200,sector_rotation + perp_market_context,"LINK: category=Privacy, category_action=sector_momentum_watch, change24=26.10040868, dir15=, funding_support=0.02024203, hl_liquidity=5322821.38458000, okx_liquidity=42353957.16000000","category membership can be noisy and late; the same coin can belong to conflicting narratives; needs constituent weighting, forward labels, costs, and crowding checks","paper-label LINK sector-rotation context over 15m/1h/4h with funding, spread/depth, and narrative-conflict checks"
eth_1962237_event_crypto_hedge,event_crypto_hedge_watch,paper_long_risk_relief,64.17447804,prediction_markets + external_news + crypto_hedge,"ETH: event_market=1962237, action=paper_long, bias=risk_relief, gap=0.085000, edge_after_ask=0.080000, depth_5c=81670.040000, question=US x Iran permanent peace deal by June 30, 2026?","event-market probability can be stale, manipulated, or non-causal for crypto beta; hedge needs event timestamp, funding, spread/depth, beta attribution, and failure regime","paper-label ETH paper_long around event market 'US x Iran permanent peace deal by June 30, 2026?' with event timestamp, funding, spread/depth, beta attribution, and failure regime"
usdf_stablecoin_peg_stress,peg_supply_stress_watch,none,64.15121922,stablecoin_liquidity,"USDf/Falcon USD: price=0.99584878, peg_deviation=-0.00415122, supply=1296913329.33, week_change=-204892249.05","stablecoin price can be stale or untradable; redemption path, venue depth, custody, and issuer risk must be checked first","check USDf redemption route, liquidity, exchange depth, and repeated peg snapshots"
eth_2296152_event_crypto_hedge,event_crypto_hedge_watch,paper_short_risk_escalation,64.12560212,prediction_markets + external_news + crypto_hedge,"ETH: event_market=2296152, action=paper_short, bias=risk_escalation, gap=0.100000, edge_after_ask=0.090000, depth_5c=9837.130000, question=Israel closes its airspace by June 15?","event-market probability can be stale, manipulated, or non-causal for crypto beta; hedge needs event timestamp, funding, spread/depth, beta attribution, and failure regime","paper-label ETH paper_short around event market 'Israel closes its airspace by June 15?' with event timestamp, funding, spread/depth, beta attribution, and failure regime"
jto_liquid_staking_governance_tokens_sector_rotation_context,sector_rotation_label_pending,long_category_constituent,64.10976850,sector_rotation + perp_market_context,"JTO: category=Liquid Staking Governance Tokens, category_action=sector_momentum_watch, change24=14.25063227, dir15=, funding_support=0.22596420, hl_liquidity=6391000.03132000, okx_liquidity=34379140.75410000","category membership can be noisy and late; the same coin can belong to conflicting narratives; needs constituent weighting, forward labels, costs, and crowding checks","paper-label JTO sector-rotation context over 15m/1h/4h with funding, spread/depth, and narrative-conflict checks"
public_hypertracker_example_hyna_eth_wallet_flow_actionability,wallet_flow_watch,paper_short_wallet_flow,63.58517416,wallet_entity_flow + hyperliquid_public_user_fills + public_mark,"ETH: wallet=public_hypertracker_example, source_coin=hyna:ETH, fills=40, net_buy_usd=-385.04173000, net_pnl_after_fees=369.33399700, position_notional=0.00000000, mark=1697.300000000000","public seed wallet can be stale, survivorship-biased, copy-crowded, or non-causal; candidate still needs forward labels, funding, spread/depth, and entity-quality controls",keep ETH as wallet-flow context until position/flow size or repeat labels improve
h_zero_knowledge_zk_sector_rotation_context,sector_rotation_label_pending,long_category_constituent,63.55322850,sector_rotation + perp_market_context,"H: category=Zero Knowledge (ZK), category_action=sector_momentum_watch, change24=15.27665202, dir15=, funding_support=0.14978981, hl_liquidity=, okx_liquidity=71102242.63339999","category membership can be noisy and late; the same coin can belong to conflicting narratives; needs constituent weighting, forward labels, costs, and crowding checks","paper-label H sector-rotation context over 15m/1h/4h with funding, spread/depth, and narrative-conflict checks"
sol_1962237_event_crypto_hedge,event_crypto_hedge_watch,paper_long_risk_relief,63.31206503,prediction_markets + external_news + crypto_hedge,"SOL: event_market=1962237, action=paper_long, bias=risk_relief, gap=0.085000, edge_after_ask=0.080000, depth_5c=81670.040000, question=US x Iran permanent peace deal by June 30, 2026?","event-market probability can be stale, manipulated, or non-causal for crypto beta; hedge needs event timestamp, funding, spread/depth, beta attribution, and failure regime","paper-label SOL paper_long around event market 'US x Iran permanent peace deal by June 30, 2026?' with event timestamp, funding, spread/depth, beta attribution, and failure regime"
public_hypertracker_example_hyna_btc_wallet_flow_actionability,wallet_flow_watch,paper_short_wallet_flow,63.07599161,wallet_entity_flow + hyperliquid_public_user_fills + public_mark,"BTC: wallet=public_hypertracker_example, source_coin=hyna:BTC, fills=40, net_buy_usd=-281.87345000, net_pnl_after_fees=269.56085400, position_notional=0.00000000, mark=64034.000000000000","public seed wallet can be stale, survivorship-biased, copy-crowded, or non-causal; candidate still needs forward labels, funding, spread/depth, and entity-quality controls",keep BTC as wallet-flow context until position/flow size or repeat labels improve
ofi_liquidity_state_factor_template,needs_feature_history,factor_hypothesis_template,62.97871357,llm_factor_generation + current_alpha_stack,"LOB / order-flow representation learning: inputs=book depth imbalance, taker buy/sell ratio, depth slope, spread, premium, funding; transform=rank cross-section by OFI shock conditioned on liquidity state; test continuation and fade buckets separately; seeds=eth_l2_imbalance_probe;sui_l2_imbalance_probe;btc_l2_imbalance_probe;doge_l2_imbalance_probe;bnb_l2_imbalance_probe","gross-only microstructure edge disappears after spread, queue, and adverse-selection costs",extend Binance bookDepth walk-forward with OFI and queue/adverse-selection labels
crowded_positioning_unwind_factor_template,needs_cross_venue_labels,factor_hypothesis_template,62.89800000,llm_factor_generation + current_alpha_stack,"derivatives positioning / crowding: inputs=open-interest change, funding, long/short ratios, premium, volume shock, impact spread; transform=separate crowded continuation from crowded unwind by OI direction and funding sign; seeds=arb_count_long_short_ratio_short_opposite_intraday_paper_label;arb_count_top_long_short_ratio_short_opposite_intraday_paper_label;allo_okx_liquidation_oi_intensity;arb_count_long_short_ratio_repeat_intraday_derivatives_feature;arb_count_top_long_short_ratio_repeat_intraday_derivatives_feature",OI notional reflects mark-price changes rather than fresh position changes,"join Binance metrics, CoinGecko derivatives, and Hyperliquid OI labels into one repeat table"
source_diverse_news_shock_factor_template,needs_duplicate_source_review,factor_hypothesis_template,62.80388059,llm_factor_generation + current_alpha_stack,"news / social contagion: inputs=timestamped event kind, source count, source independence, headline freshness, attention rank; transform=score only non-duplicate multi-source shocks; compare immediate continuation versus delayed fade; seeds=btc_event_pressure_cluster;zec_event_pressure_cluster;aave_event_pressure_cluster;sol_event_pressure_cluster;near_event_pressure_cluster","headline is stale, duplicated, already priced, or sentiment is non-causal",repeat BTC/ZEC gated news labels after fresh archives and add duplicate-source review
crv_protocol_fee_growth,paper_long_context,long_token_or_relative_value,62.70189769,protocol_fundamentals,"CRV/Curve DEX: fees7d=2393608.00000000, fees30d=5005855.00000000, growth7d=222.41000000, funding=0.03925273; fee_growth_7d=222.41; funding=0.0393; perp_pressure=short_carry_watch","protocol fees are not a direct token valuation model; fee growth can be lagging, crowded, or disconnected from token value; review=fee_growth_unconfirmed",collect another CRV fee-growth snapshot and label forward returns
public_live_bot_example_xrp_wallet_flow_actionability,wallet_flow_watch,paper_long_wallet_flow,62.59213827,wallet_entity_flow + hyperliquid_public_user_fills + public_mark,"XRP: wallet=public_live_bot_example, source_coin=XRP, fills=201, net_buy_usd=8.13420000, net_pnl_after_fees=17.13303300, position_notional=28.29840000, mark=1.178200000000","public seed wallet can be stale, survivorship-biased, copy-crowded, or non-causal; candidate still needs forward labels, funding, spread/depth, and entity-quality controls",keep XRP as wallet-flow context until position/flow size or repeat labels improve
prediction_market_crypto_beta_factor_template,needs_event_beta_attribution,factor_hypothesis_template,62.55911982,llm_factor_generation + current_alpha_stack,"prediction markets / event beta: inputs=prediction-market probability gap, bid/ask depth, event topic, crypto beta bucket, macro/news context; transform=map event probability change to crypto risk-on/risk-off exposure with beta attribution; seeds=btc_1971905_event_crypto_hedge;eth_1971905_event_crypto_hedge;sol_1971905_event_crypto_hedge;event_probability_actionability;mstr_btc_relative_value","prediction market is stale, manipulated, illiquid, or unrelated to crypto beta",label refreshed event-probability crypto hedges with beta attribution and resolution-risk notes
jup_protocol_fee_growth,paper_long_context,long_token_or_relative_value,62.53149088,protocol_fundamentals,"JUP/Jupiter Perpetual Exchange: fees7d=3881957.00000000, fees30d=8801350.00000000, growth7d=232.55000000, funding=-0.18770578; fee_growth_7d=232.55; funding=-0.1877","protocol fees are not a direct token valuation model; fee growth can be lagging, crowded, or disconnected from token value; review=fee_growth_unconfirmed",collect another JUP fee-growth snapshot and label forward returns
public_live_bot_example_sol_wallet_flow_actionability,wallet_flow_watch,paper_short_wallet_flow,62.48319175,wallet_entity_flow + hyperliquid_public_user_fills + public_mark,"SOL: wallet=public_live_bot_example, source_coin=SOL, fills=194, net_buy_usd=-4.68633000, net_pnl_after_fees=2.54462400, position_notional=0.00000000, mark=67.495000000000","public seed wallet can be stale, survivorship-biased, copy-crowded, or non-causal; candidate still needs forward labels, funding, spread/depth, and entity-quality controls",keep SOL as wallet-flow context until position/flow size or repeat labels improve
wallet_entity_follow_or_fade_factor_template,needs_entity_quality,factor_hypothesis_template,62.47158939,llm_factor_generation + current_alpha_stack,"wallet / entity flow: inputs=public wallet fills, realized PnL, current position notional, symbol liquidity, copy-crowding proxy; transform=classify entity flow as informed follow, forced unwind, or copy-crowded late signal; seeds=public_hypertracker_example_eth_wallet_flow_actionability;public_hypertracker_example_zec_wallet_flow_actionability;public_hypertracker_example_apt_wallet_flow_actionability;public_hypertracker_example_hyna_eth_wallet_flow_actionability;public_hypertracker_example_hyna_btc_wallet_flow_actionability","survivorship bias, fake smart-wallet quality, or copied flow already exhausted",collect independent wallet/entity quality labels before treating public wallet flow as alpha
xau_okx_liquidation_followup,liquidation_followup_watch,short_liquidation_squeeze_watch,62.41165882,liquidation_flow,"XAU: obs=3, monitor_score=0.11336835, cont15=0.00016099, spread_bps=0.23084825, near_depth_5bps=1213655.43100000","liquidation-flow signal is not yet a gated paper trade; fees, spread, label coverage, venue depth, and fresh-event repeats can kill the edge",repeat XAU liquidation-flow observation and require positive label plus paper-gate net after costs
usdy_peg_anomaly_tradeability,peg_anomaly_mechanics_watch,paper_mechanics_check,62.36229810,anomaly_stress + stablecoin_liquidity,"USDY: price=1.13245962, peg_deviation=0.13245962, pool_matches=0, best_pool=, pool_reserve=0.00000000, yield_conflicts=7","peg anomaly also appears in yield-risk rows, so the mechanism matters before any trade","check USDY issuer/redemption mechanics, yield linkage, venue access, and quote freshness"
chain_liquidity_migration_factor_template,needs_asset_mapping,factor_hypothesis_template,62.32773045,llm_factor_generation + current_alpha_stack,"on-chain liquidity / stablecoin migration: inputs=stablecoin supply change, chain migration, DEX pool turnover, protocol TVL/fees, tradable token mapping; transform=separate capital migration from price-chasing flow and map chain-level flow to liquid instruments; seeds=solana_stablecoin_migration;polygon_stablecoin_migration;satusd_stablecoin_peg_stress;ethereum_mainstreet_msusd_yield_peg;arbitrum_usd-ai_susdai_yield_peg","chain flow has no direct tradable asset, is stale, or reflects stablecoin rotation only",build one chain-flow-to-asset map and label against liquid perps instead of generic chain names
fdusd_stablecoin_peg_stress,peg_supply_stress_watch,none,62.31541750,stablecoin_liquidity,"FDUSD/First Digital USD: price=0.99768458, peg_deviation=-0.00231542, supply=338903335.84, week_change=-14965268.74","stablecoin price can be stale or untradable; redemption path, venue depth, custody, and issuer risk must be checked first","check FDUSD redemption route, liquidity, exchange depth, and repeated peg snapshots"
public_hypertracker_example_hype_wallet_flow_actionability,wallet_flow_watch,paper_short_wallet_flow,62.29367853,wallet_entity_flow + hyperliquid_public_user_fills + public_mark,"HYPE: wallet=public_hypertracker_example, source_coin=HYPE, fills=33, net_buy_usd=-128.54098000, net_pnl_after_fees=123.16488700, position_notional=0.00000000, mark=64.840000000000","public seed wallet can be stale, survivorship-biased, copy-crowded, or non-causal; candidate still needs forward labels, funding, spread/depth, and entity-quality controls",keep HYPE as wallet-flow context until position/flow size or repeat labels improve
vol_surface_dislocation_factor_template,needs_hedged_pnl,factor_hypothesis_template,62.25245226,llm_factor_generation + current_alpha_stack,"options volatility: inputs=IV premium to realized vol, skew, term structure, option depth, spread, delta hedge interval; transform=identify cheap convexity or rich downside skew conditioned on realized-vol regime; seeds=btc_20260619_short_dated_delta_hedge_check;eth_20260619_short_dated_delta_hedge_check;eth_20260626_medium_dated_delta_hedge_check;btc_20260612_short_dated_delta_hedge_check;btc_long_atm_straddle_20260619_volatility_actionability",vol edge is a mark artifact or option spread/hedge cost consumes it,paper-check short-dated BTC/ETH delta-hedge candidates with realized hedge PnL
nusd_stablecoin_peg_stress,peg_supply_stress_watch,none,62.19748002,stablecoin_liquidity,"NUSD/Neutrl USD: price=1.00219748, peg_deviation=0.00219748, supply=130151828.28, week_change=-12959091.53","stablecoin price can be stale or untradable; redemption path, venue depth, custody, and issuer risk must be checked first","check NUSD redemption route, liquidity, exchange depth, and repeated peg snapshots"
cross_venue_funding_basis_factor_template,needs_real_funding_persistence,factor_hypothesis_template,62.11381576,llm_factor_generation + current_alpha_stack,"cross-exchange funding / basis: inputs=predicted funding, venue pair, basis, hedge route, fee ceiling, depth, margin requirements; transform=score net carry only when persistence, borrow/margin route, and hedge liquidity agree; seeds=move_hlperp_cash_or_spot_proxy_funding;btc-26mar27_basis;move_okxswap_hlperp_funding;me_binperp_hlperp_funding;husdtm_kucoin_futures_positioning",funding disappears before entry or venue/borrow/margin constraints dominate,convert funding dislocation candidates into real funding-persistence paper records
eth_20260619_short_dated_delta_hedge_check,quote_only_hedge_watch,ETH_short_dated_delta_hedge_check,62.09263045,options_volatility + hedge_plan,"ETH 2026-06-19: hedge=short_dated_delta_hedge_check, interval=4h_or_large_delta_move, iv_premium_24h=-50.5872, max_loss_pct=8.550000, premium_to_rv=0.445808, spread=0.029674, depth=9736.42","long-vol hedge candidate still lacks multi-level sweep execution, delta-hedge realized PnL, margin, stop, and exit-bid behavior",keep ETH 2026-06-19 short_dated_delta_hedge_check at quote-mechanics review until sweep depth and hedge path improve
usdtb_stablecoin_peg_stress,peg_supply_stress_watch,none,62.08428352,stablecoin_liquidity,"USDTB/Ethena USDtb: price=1.00208428, peg_deviation=0.00208428, supply=1058379127.48, week_change=-48242331.61","stablecoin price can be stale or untradable; redemption path, venue depth, custody, and issuer risk must be checked first","check USDTB redemption route, liquidity, exchange depth, and repeated peg snapshots"
iusd_stablecoin_peg_stress,peg_supply_stress_watch,none,62.00468627,stablecoin_liquidity,"IUSD/infiniFi USD: price=1.00200469, peg_deviation=0.00200469, supply=78769601.06, week_change=-16709457.54","stablecoin price can be stale or untradable; redemption path, venue depth, custody, and issuer risk must be checked first","check IUSD redemption route, liquidity, exchange depth, and repeated peg snapshots"
usyc_peg_anomaly_tradeability,peg_anomaly_mechanics_watch,paper_mechanics_check,61.93748280,anomaly_stress + stablecoin_liquidity,"USYC: price=1.12749656, peg_deviation=0.12749656, pool_matches=0, best_pool=, pool_reserve=0.00000000, yield_conflicts=2","peg anomaly also appears in yield-risk rows, so the mechanism matters before any trade","check USYC issuer/redemption mechanics, yield linkage, venue access, and quote freshness"
hype_protocol_fee_growth,paper_long_context,long_token_or_relative_value,61.93260178,protocol_fundamentals,"HYPE/Hyperliquid Perps: fees7d=28154279.00000000, fees30d=72198318.00000000, growth7d=111.41000000, funding=0.03093882; fee_growth_7d=111.41; funding=0.0309; perp_pressure=short_carry_premium_watch; unlock=paper_short_candidate/short","protocol fees are not a direct token valuation model; fee growth can be lagging, crowded, or disconnected from token value; review=fee_growth_unlock_conflict; token unlock lane has paper_short_candidate with side=short",separate HYPE protocol growth thesis from unlock short pressure and label both windows
crv_protocol_fee_actionability,protocol_fee_pending_forward_label,long_token,61.92616159,protocol_fundamentals + market_price_context + forward_label + execution_context,"CRV/Curve DEX: thesis=fee_growth_price_lag_candidate 56.54039665, fee_to_mcap=0.18263141, growth7d=222.41000000, price7d=-4.39278665, exec=paper_observation_ready, labels=4, labeled4h=0, wins4h=0, mean4h=0.00000000, latest_label=pending_4h",forward label is not mature yet: pending_4h,wait for CRV 4h forward label before treating this as an alpha candidate
usdai_peg_anomaly_tradeability,peg_anomaly_mechanics_watch,paper_mechanics_check,61.74297690,anomaly_stress + stablecoin_liquidity,"USDai: price=1.00859538, peg_deviation=0.00859538, pool_matches=0, best_pool=, pool_reserve=0.00000000, yield_conflicts=4","peg anomaly also appears in yield-risk rows, so the mechanism matters before any trade","check USDai issuer/redemption mechanics, yield linkage, venue access, and quote freshness"
morpho_protocol_fee_growth,paper_long_context,long_token_or_relative_value,61.74204282,protocol_fundamentals,"MORPHO/Morpho Blue: fees7d=8318388.00000000, fees30d=19684070.00000000, growth7d=140.49000000, funding=0.10950000; fee_growth_7d=140.49; funding=0.1095","protocol fees are not a direct token valuation model; fee growth can be lagging, crowded, or disconnected from token value; review=fee_growth_unconfirmed",collect another MORPHO fee-growth snapshot and label forward returns
uni_protocol_fee_growth,paper_long_context,long_token_or_relative_value,61.70748453,protocol_fundamentals,"UNI/Uniswap V3: fees7d=8381348.00000000, fees30d=21191585.00000000, growth7d=126.91000000, funding=0.10950000; fee_growth_7d=126.91; funding=0.1095; perp_pressure=short_carry_watch","protocol fees are not a direct token valuation model; fee growth can be lagging, crowded, or disconnected from token value; review=fee_growth_unconfirmed",collect another UNI fee-growth snapshot and label forward returns
allo_attention_price_context,attention_chase_risk,wait_or_fade_watch,61.70000000,news_social + market_price_context,"ALLO: name=Allora, rank=4, price24h=45.19756536, price7d=157.57061094, price30d=323.34090229, vol_mcap=3.66233798","attention can be non-causal, late, bot-driven, or already crowded; needs leakage-safe forward labels and execution checks",avoid chasing ALLO; label pullback or fade setups instead
chip_event_pressure_cluster,repeated_event_context,long_event_pressure,61.60718104,news_social + exchange_catalysts + attention_context,"CHIP: sources=exchange_catalyst, events=4, newest_age_h=991.259897, top=perp_listing_watch: Binance Futures Will Launch USDⓈ-Margined CHIPUSDT Perpetual Contract Pre-Market Trading (2026-04-16) || spot_listing_watch: Binance Will Add Chip (CHIP) on Earn, Buy Crypto, Convert, VIP Loan, Margin & Futures || spot_listing_watch: Introducing USD.AI (CHIP) on Binance HODLer Airdrops! Earn CHIP With Retroactive BNB Simple Earn Subscriptions || spot_listing_watch: Binance Will List Chip (CHIP) with Seed Tag Applied","event pressure can be duplicated, stale, already priced, bot-amplified, or non-causal; clusters still need leakage-safe forward labels","label CHIP event-pressure cluster over 15m/1h/4h, then check duplicate sources, funding, depth, and execution cost"
aave_protocol_fee_growth,paper_long_context,long_token_or_relative_value,61.53455508,protocol_fundamentals,"AAVE/Aave V3: fees7d=17090582.00000000, fees30d=42561357.00000000, growth7d=129.82000000, funding=-0.24588957; fee_growth_7d=129.82; funding=-0.2459; perp_pressure=long_carry_discount_watch","protocol fees are not a direct token valuation model; fee growth can be lagging, crowded, or disconnected from token value; review=fee_growth_unconfirmed",collect another AAVE fee-growth snapshot and label forward returns
reusd_peg_anomaly_tradeability,peg_anomaly_mechanics_watch,paper_mechanics_check,61.30752375,anomaly_stress + stablecoin_liquidity,"reUSD: price=1.08150475, peg_deviation=0.08150475, pool_matches=0, best_pool=, pool_reserve=0.00000000, yield_conflicts=1","peg anomaly also appears in yield-risk rows, so the mechanism matters before any trade","check reUSD issuer/redemption mechanics, yield linkage, venue access, and quote freshness"
uni_protocol_fee_actionability,protocol_fee_pending_forward_label,watch_or_short,61.22875078,protocol_fundamentals + market_price_context + forward_label + execution_context,"UNI/Uniswap V4: thesis=fee_decay_price_weakness_context 32.18769400, fee_to_mcap=0.15008128, growth7d=-32.64000000, price7d=-12.13495639, exec=, labels=4, labeled4h=0, wins4h=0, mean4h=0.00000000, latest_label=pending_4h",forward label is not mature yet: pending_4h,wait for UNI 4h forward label before treating this as an alpha candidate
apxusd_peg_anomaly_tradeability,peg_anomaly_mechanics_watch,paper_mechanics_check,61.18001515,anomaly_stress + stablecoin_liquidity,"apxUSD: price=0.94399697, peg_deviation=-0.05600303, pool_matches=0, best_pool=, pool_reserve=0.00000000, yield_conflicts=1","peg anomaly also appears in yield-risk rows, so the mechanism matters before any trade","check apxUSD issuer/redemption mechanics, yield linkage, venue access, and quote freshness"
sol_protocol_fee_actionability,protocol_fee_pending_forward_label,watch_or_short,61.14283856,protocol_fundamentals + market_price_context + forward_label + execution_context,"SOL/Solana: thesis=fee_decay_price_weakness_context 10.70963900, fee_to_mcap=0.00802380, growth7d=-8.33000000, price7d=-15.59631699, exec=, labels=4, labeled4h=0, wins4h=0, mean4h=0.00000000, latest_label=pending_4h",forward label is not mature yet: pending_4h,wait for SOL 4h forward label before treating this as an alpha candidate
jup_protocol_fee_actionability,protocol_fee_pending_forward_label,long_token,60.97856774,protocol_fundamentals + market_price_context + forward_label + execution_context,"JUP/Jupiter Perpetual Exchange: thesis=fee_growth_price_lag_candidate 94.64193447, fee_to_mcap=0.57968807, growth7d=232.55000000, price7d=-13.33937147, exec=thin_volume_watch, labels=4, labeled4h=0, wins4h=0, mean4h=0.00000000, latest_label=pending_4h",forward label is not mature yet: pending_4h,wait for JUP 4h forward label before treating this as an alpha candidate
beat_attention_price_context,attention_chase_risk,wait_or_fade_watch,60.96769856,news_social + market_price_context,"BEAT: name=Audiera, rank=5, price24h=59.36917207, price7d=300.21796173, price30d=753.13657191, vol_mcap=0.07353971","attention can be non-causal, late, bot-driven, or already crowded; needs leakage-safe forward labels and execution checks",avoid chasing BEAT; label pullback or fade setups instead
uni_protocol_fee_actionability,protocol_fee_pending_forward_label,long_token,60.91096840,protocol_fundamentals + market_price_context + forward_label + execution_context,"UNI/Uniswap V3: thesis=fee_growth_price_lag_candidate 77.74210039, fee_to_mcap=0.32932086, growth7d=126.91000000, price7d=-12.13495639, exec=thin_volume_watch, labels=4, labeled4h=0, wins4h=0, mean4h=0.00000000, latest_label=pending_4h",forward label is not mature yet: pending_4h,wait for UNI 4h forward label before treating this as an alpha candidate
pendle_protocol_fee_actionability,protocol_fee_pending_forward_label,long_token,60.75044003,protocol_fundamentals + market_price_context + forward_label + execution_context,"PENDLE/Pendle: thesis=fee_growth_price_lag_candidate 37.61000638, fee_to_mcap=0.11468184, growth7d=158.66000000, price7d=-3.32412938, exec=thin_volume_watch, labels=4, labeled4h=0, wins4h=0, mean4h=0.00000000, latest_label=pending_4h",forward label is not mature yet: pending_4h,wait for PENDLE 4h forward label before treating this as an alpha candidate
monad_upshift_earnausd_yield,paper_incentive_yield_watch,watch_incentive_decay,60.72168290,defi_yield,"Monad/upshift EARNAUSD: apy=10.793710, base=9.104350, reward=1.689360, tvl=22385037.00, dev30=4.745870","DeFi yield requires custody, withdrawal, smart-contract, issuer, APY-decay, and exit-liquidity checks","check Monad/upshift custody, withdrawal path, APY source, capacity, and exit liquidity"
morpho_protocol_fee_actionability,protocol_fee_pending_forward_label,long_token,60.67899190,protocol_fundamentals + market_price_context + forward_label + execution_context,"MORPHO/Morpho Blue: thesis=fee_growth_price_lag_candidate 44.67644149, fee_to_mcap=0.16325786, growth7d=140.49000000, price7d=-3.75343049, exec=thin_volume_watch, labels=4, labeled4h=0, wins4h=0, mean4h=0.00000000, latest_label=pending_4h",forward label is not mature yet: pending_4h,wait for MORPHO 4h forward label before treating this as an alpha candidate
ethereum_dolomite_usd1_yield,paper_incentive_yield_watch,watch_incentive_decay,60.10671860,defi_yield,"Ethereum/dolomite USD1: apy=10.190880, base=3.714390, reward=6.476480, tvl=29285930.00, dev30=0.850140","DeFi yield requires custody, withdrawal, smart-contract, issuer, APY-decay, and exit-liquidity checks","check Ethereum/dolomite custody, withdrawal path, APY source, capacity, and exit liquidity"
zec_cross_modal_context,label_cross_modal_context,paper_long,60.00000000,cross_modal_alpha_context,"ZEC: aligned=event_pressure, wallet_flow; conflict=; score=179.00604593; event=two_source_event_pressure; sources=2; events=3; top=attention_price, rss:decrypt || wallet=public_hypertracker_example; status=wallet_position_follow_candidate; position_notional=585.36720000; pnl=443.76364400","event timestamp quality, duplicate-source filtering, beta attribution, and execution check; wallet source quality, copycat risk, forward labels, funding, spread/depth, and survivorship bias","label ZEC long context over 15m/1h/4h using sources: event_pressure, wallet_flow"
zec_protocol_activity_context,paper_protocol_activity_watch,protocol_activity_funding_overlap,59.56100412,protocol_activity,"ZEC/Zcash: commits4w=143, telegram=0, funding=-0.24933150, spread=0.000107547532","developer and community activity are slow context, not immediate execution edge",label ZEC protocol-activity context over longer horizons and join to funding/events
binance_um_max_abs_premium_close_feature_prior,historical_derivatives_feature_prior,mean_prefers_high_max_abs_premium_close,59.43639559,p0_parallel + binance_derivatives_history,"max_abs_premium_close: obs=1779, corr=0.10633370, low_mean=0.00274931, low_hit=0.53707865, high_mean=0.01035695, high_hit=0.50561798","this is a 2024Q1 Binance USD-M historical feature prior, not a current trade; it can be regime-specific and excludes execution costs","rerun max_abs_premium_close on recent windows, split by symbol/regime, and only then join to current execution gates"
binance_um_mean_funding_rate_feature_prior,historical_derivatives_feature_prior,mean_prefers_high_mean_funding_rate,57.92990502,p0_parallel + binance_derivatives_history,"mean_funding_rate: obs=1779, corr=0.05850243, low_mean=0.00203549, low_hit=0.51409245, high_mean=0.00830219, high_hit=0.50561798","this is a 2024Q1 Binance USD-M historical feature prior, not a current trade; it can be regime-specific and excludes execution costs","rerun mean_funding_rate on recent windows, split by symbol/regime, and only then join to current execution gates"
binance_um_sum_funding_rate_feature_prior,historical_derivatives_feature_prior,mean_prefers_high_sum_funding_rate,57.92990502,p0_parallel + binance_derivatives_history,"sum_funding_rate: obs=1779, corr=0.05850243, low_mean=0.00203549, low_hit=0.51409245, high_mean=0.00830219, high_hit=0.50561798","this is a 2024Q1 Binance USD-M historical feature prior, not a current trade; it can be regime-specific and excludes execution costs","rerun sum_funding_rate on recent windows, split by symbol/regime, and only then join to current execution gates"
btc_protocol_activity_context,paper_protocol_activity_watch,protocol_activity_watch,57.91563786,protocol_activity,"BTC/Bitcoin: commits4w=279, telegram=0, funding=0.10950000, spread=0.000135847289","developer and community activity are slow context, not immediate execution edge",label BTC protocol-activity context over longer horizons and join to funding/events
btc_institutional_flow_news_event_quality_gate,repeat_after_pending_archive,paper_long_news_event,56.49579164,news_social + forward_label + quality_gate,"BTC: kind=institutional_flow, side=paper_long_news_event, sources=3, labels=9, support=3, reject=3, mean1h=118.33107131, mean4h=134.71209543, title=Strategy’s Saylor signals BTC buy as preferred dividend pay date vote looms","news-event quality gate still needs manual duplicate-source review, execution costs, and longer non-overlapping OOS events","wait for fresh BTC archives, then repeat the news-event quality gate"
hype_unlock_actionability,unlock_event_label_pending,short,56.00983962,token_unlocks + perp_market_context,"HYPE: ticket=paper_short_candidate 32.69651590, days_until=27, unlock_value=594900000.00, supply=4.5000%, funding=0.10950000, volume=881357290.96877921, impact=0.000129841022, market_action=large_unlock_watch",unlock short thesis has no event-window forward label yet,label HYPE unlock event window before treating the supply event as a tradable alpha
sol_cross_modal_context,split_conflicting_modal_context,context_long,55.95730361,cross_modal_alpha_context,"SOL: aligned=stablecoin_migration, chain_context_okx; conflict=wallet_flow; score=104.57303610; stablecoin=paper_chain_stablecoin_inflow_watch; chain=Solana; week_pct=0.07649276; top_asset=USDC || chain_context=chain_flow_reversal_watch; venue=OKX; funding_support=0.06482913; context=0.07715655","bridge route, chain-token mapping, venue coverage, and beta attribution; repeat labels, venue-specific funding PnL, depth, fees, and liquidation context",do not collapse SOL; label conflicting modal sources separately
zro_unlock_actionability,unlock_event_label_pending,short,55.82472495,token_unlocks + perp_market_context,"ZRO: ticket=paper_short_candidate 31.51942970, days_until=11, unlock_value=34450000.00, supply=10.2000%, funding=0.10950000, volume=2604693.46455300, impact=0.000283729798, market_action=unlock_short_pressure_funding_overlap",unlock short thesis has no event-window forward label yet,label ZRO unlock event window before treating the supply event as a tradable alpha
kaito_unlock_actionability,unlock_event_label_pending,short,55.51427407,token_unlocks + perp_market_context,"KAITO: ticket=paper_short_candidate 27.93404733, days_until=11, unlock_value=7950000.00, supply=7.3000%, funding=0.10950000, volume=195800.41160000, impact=0.002078660419, market_action=unlock_short_pressure_funding_overlap",unlock short thesis has no event-window forward label yet,label KAITO unlock event window before treating the supply event as a tradable alpha
eigen_unlock_actionability,unlock_event_label_pending,short,55.33330056,token_unlocks + perp_market_context,"EIGEN: ticket=paper_short_candidate 25.37869624, days_until=23, unlock_value=7750000.00, supply=5.0000%, funding=0.10950000, volume=1210527.09658400, impact=0.001626898048, market_action=unlock_short_pressure_funding_overlap",unlock short thesis has no event-window forward label yet,label EIGEN unlock event window before treating the supply event as a tradable alpha
binance_um_mean_sum_taker_long_short_vol_ratio_feature_prior,historical_derivatives_feature_prior,long_high_mean_sum_taker_long_short_vol_ratio,55.10084349,p0_parallel + binance_derivatives_history,"mean_sum_taker_long_short_vol_ratio: obs=1779, corr=0.02735735, low_mean=0.00634883, low_hit=0.54157303, high_mean=0.00980937, high_hit=0.57752809","this is a 2024Q1 Binance USD-M historical feature prior, not a current trade; it can be regime-specific and excludes execution costs","rerun mean_sum_taker_long_short_vol_ratio on recent windows, split by symbol/regime, and only then join to current execution gates"
mu_okx_liquidation_followup,liquidation_label_needed_watch,long_liquidation_cascade_watch,55.01809954,liquidation_flow,"MU: obs=3, monitor_score=0.26199090, cont15=, spread_bps=0.10460415, near_depth_5bps=20013.48040000","liquidation-flow signal is not yet a gated paper trade; fees, spread, label coverage, venue depth, and fresh-event repeats can kill the edge",repeat MU liquidation-flow observation and require positive label plus paper-gate net after costs
eth_okx_liquidation_followup,liquidation_label_needed_watch,short_liquidation_squeeze_watch,55.00637767,liquidation_flow,"ETH: obs=3, monitor_score=0.02755346, cont15=, spread_bps=0.05873939, near_depth_5bps=1019967.68334000","liquidation-flow signal is not yet a gated paper trade; fees, spread, label coverage, venue depth, and fresh-event repeats can kill the edge",repeat ETH liquidation-flow observation and require positive label plus paper-gate net after costs
wld_okx_liquidation_followup,liquidation_label_needed_watch,mixed_liquidation_flow_watch,55.00588925,liquidation_flow,"WLD: obs=3, monitor_score=0.01778494, cont15=, spread_bps=2.05486489, near_depth_5bps=11278.60150000","liquidation-flow signal is not yet a gated paper trade; fees, spread, label coverage, venue depth, and fresh-event repeats can kill the edge",repeat WLD liquidation-flow observation and require positive label plus paper-gate net after costs
beat_okx_liquidation_followup,liquidation_label_needed_watch,long_liquidation_cascade_watch,55.00527378,liquidation_flow,"BEAT: obs=3, monitor_score=0.06998681, cont15=, spread_bps=0.22816204, near_depth_5bps=3548.87600000","liquidation-flow signal is not yet a gated paper trade; fees, spread, label coverage, venue depth, and fresh-event repeats can kill the edge",repeat BEAT liquidation-flow observation and require positive label plus paper-gate net after costs
home_okx_liquidation_followup,liquidation_label_needed_watch,short_liquidation_squeeze_watch,55.00303306,liquidation_flow,"HOME: obs=3, monitor_score=0.04764173, cont15=, spread_bps=3.21181950, near_depth_5bps=1301.94500000","liquidation-flow signal is not yet a gated paper trade; fees, spread, label coverage, venue depth, and fresh-event repeats can kill the edge",repeat HOME liquidation-flow observation and require positive label plus paper-gate net after costs
allo_okx_liquidation_followup,liquidation_label_needed_watch,mixed_liquidation_flow_watch,55.00206956,liquidation_flow,"ALLO: obs=3, monitor_score=0.02234686, cont15=, spread_bps=2.66631116, near_depth_5bps=1904.43080000","liquidation-flow signal is not yet a gated paper trade; fees, spread, label coverage, venue depth, and fresh-event repeats can kill the edge",repeat ALLO liquidation-flow observation and require positive label plus paper-gate net after costs
virtual_volume_price_dislocation,keep_observing_quote,long_reversal,55.00000000,market_breadth + market_price_context,"VIRTUAL: name=Virtuals Protocol, rank=121, vol_mcap=0.20338172, price24h=4.95732489, price7d=-17.39435305, price30d=-37.40184668; label=labeled_12h_pending_24h, dir1h=0.00199352, dir4h=0.00381368, source=hyperliquid; exec=paper_execution_probe, net4h_bps=27.62201920, spread_bps=4.20553280, depth_usage_250=0.03312408; paper_action=keep_observing_quote, outcome=paper_mark_flat, paper_bps=0.00000000","volume/price dislocation can be a liquidation bounce, news reaction, or crowded trap; venue depth, fees, funding, stop behavior, and repeat labels are still required; rough public-book gate passes but realized fills, stops, and repeat labels are unproven",keep observing until quote moves or external evidence changes
binance_um_mean_count_long_short_ratio_feature_prior,historical_derivatives_feature_prior,long_low_mean_count_long_short_ratio,54.94201903,p0_parallel + binance_derivatives_history,"mean_count_long_short_ratio: obs=1779, corr=-0.03784357, low_mean=0.00619916, low_hit=0.53932584, high_mean=0.00292366, high_hit=0.50337079","this is a 2024Q1 Binance USD-M historical feature prior, not a current trade; it can be regime-specific and excludes execution costs","rerun mean_count_long_short_ratio on recent windows, split by symbol/regime, and only then join to current execution gates"
pepe_okx_liquidation_followup,liquidation_followup_watch,long_liquidation_cascade_watch,54.50356217,liquidation_flow,"PEPE: obs=3, monitor_score=0.00005989, cont15=0.00177809, spread_bps=, near_depth_5bps=","liquidation-flow signal is not yet a gated paper trade; fees, spread, label coverage, venue depth, and fresh-event repeats can kill the edge",repeat PEPE liquidation-flow observation and require positive label plus paper-gate net after costs
miner_stress_vs_btc,paper_risk_context,de_risk_alt_beta,53.57038000,crypto_equity_proxy,"miners materially underperform BTC, which can indicate equity-market stress around crypto beta","equity proxies trade on different hours, have borrow/liquidity constraints, and can reflect corporate financing rather than crypto spot demand","label miner_stress_vs_btc against BTC/ETH spot, funding, equity-market beta, borrow constraints, and market-hours gaps"
pmusd_peg_anomaly_tradeability,peg_anomaly_stale_or_unrouted,no_trade_until_route,53.13262478,anomaly_stress + stablecoin_liquidity,"pmUSD: price=0.68368761, peg_deviation=-0.31631239, pool_matches=0, best_pool=, pool_reserve=0.00000000, yield_conflicts=0",material peg anomaly lacks a current route/depth confirmation in the joined public snapshots,"do not promote pmUSD; first find a live route, quote freshness, redemption path, and executable depth"
baby_mark_oracle_reversion_actionability,dislocation_repeat_needs_execution_check,long_perp,52.60000000,perp_market_map,"BABY: source=paper_mark_oracle_reversion_candidate, monitor_obs=0, current15=pending_15m 0.00000000, current1h=pending_1h 0.00000000, gate=, cons_net1h=0.00000000, history=repeat_paper_probe_priority, hist_win1h=2, hist_mean1h=346.85611966",repeated 1h label history is positive but the current execution gate is missing or weak,refresh BABY public-book execution gate before any paper probe
hyper_mark_oracle_reversion_actionability,dislocation_repeat_needs_execution_check,long_perp,52.49731832,perp_market_map,"HYPER: source=paper_mark_oracle_reversion_candidate, monitor_obs=0, current15=pending_15m 0.00000000, current1h=pending_1h 0.00000000, gate=, cons_net1h=0.00000000, history=repeat_paper_probe_priority, hist_win1h=2, hist_mean1h=238.39099320",repeated 1h label history is positive but the current execution gate is missing or weak,refresh HYPER public-book execution gate before any paper probe
2z_extreme_funding_carry_actionability,dislocation_repeat_needs_execution_check,long_perp,52.25275936,perp_market_map,"2Z: source=paper_extreme_funding_carry_candidate, monitor_obs=0, current15=pending_15m 0.00000000, current1h=pending_1h 0.00000000, gate=, cons_net1h=0.00000000, history=repeat_paper_probe_priority, hist_win1h=2, hist_mean1h=91.65561270",repeated 1h label history is positive but the current execution gate is missing or weak,refresh 2Z public-book execution gate before any paper probe
hype_crowded_momentum_continuation_actionability,dislocation_repeat_needs_execution_check,long_perp,52.23127427,perp_market_map,"HYPE: source=paper_crowded_momentum_continuation_candidate, monitor_obs=8, current15=pending_15m 0.00000000, current1h=pending_1h 0.00000000, gate=, cons_net1h=0.00000000, history=repeat_paper_probe_priority, hist_win1h=2, hist_mean1h=78.76456095",repeated 1h label history is positive but the current execution gate is missing or weak,refresh HYPE public-book execution gate before any paper probe
dydx_crowded_momentum_reversal_actionability,dislocation_repeat_needs_execution_check,short_perp,52.18050964,perp_market_map,"DYDX: source=paper_crowded_momentum_reversal_candidate, monitor_obs=13, current15=pending_15m 0.00000000, current1h=pending_1h 0.00000000, gate=, cons_net1h=0.00000000, history=repeat_paper_probe_priority, hist_win1h=2, hist_mean1h=48.30578306",repeated 1h label history is positive but the current execution gate is missing or weak,refresh DYDX public-book execution gate before any paper probe
near_crowded_momentum_continuation_actionability,dislocation_repeat_needs_execution_check,long_perp,52.17838133,perp_market_map,"NEAR: source=paper_crowded_momentum_continuation_candidate, monitor_obs=17, current15=pending_15m 0.00000000, current1h=pending_1h 0.00000000, gate=, cons_net1h=0.00000000, history=repeat_paper_probe_priority, hist_win1h=2, hist_mean1h=47.02879606",repeated 1h label history is positive but the current execution gate is missing or weak,refresh NEAR public-book execution gate before any paper probe
imx_crowded_momentum_continuation_actionability,dislocation_repeat_needs_execution_check,long_perp,52.15431373,perp_market_map,"IMX: source=paper_crowded_momentum_continuation_candidate, monitor_obs=15, current15=pending_15m 0.00000000, current1h=pending_1h 0.00000000, gate=, cons_net1h=0.00000000, history=repeat_paper_probe_priority, hist_win1h=2, hist_mean1h=32.58823849",repeated 1h label history is positive but the current execution gate is missing or weak,refresh IMX public-book execution gate before any paper probe
me_extreme_funding_carry_actionability,dislocation_repeat_needs_execution_check,long_perp,52.14409902,perp_market_map,"ME: source=paper_extreme_funding_carry_candidate, monitor_obs=0, current15=pending_15m 0.00000000, current1h=pending_1h 0.00000000, gate=, cons_net1h=0.00000000, history=repeat_paper_probe_priority, hist_win1h=2, hist_mean1h=26.45941048",repeated 1h label history is positive but the current execution gate is missing or weak,refresh ME public-book execution gate before any paper probe
mega_cross_modal_context,watch_cross_modal_context,context_watch,51.79704555,cross_modal_alpha_context,"MEGA: aligned=event_pressure, chain_context_okx; conflict=; score=67.97045551; event=repeated_event_context; sources=1; events=2; top=exchange_catalyst || chain_context=chain_flow_reversal_watch; venue=OKX; funding_support=0.36992183; context=0.27125385","event timestamp quality, duplicate-source filtering, beta attribution, and execution check; repeat labels, venue-specific funding PnL, depth, fees, and liquidation context",keep collecting MEGA cross-modal evidence before paper probing
me_unlock_actionability,unlock_event_crowded_squeeze_watch,watch_squeeze,51.45630351,token_unlocks + perp_market_context,"ME: ticket=crowded_short_risk 29.71256034, days_until=1, unlock_value=10360000.00, supply=30.9000%, funding=-0.95318962, volume=298745.14127300, impact=0.002407704655, market_action=unlock_supply_shock_crowded_short_overlap",supply shock overlaps crowded short or negative funding risk,label ME both short-pressure and squeeze outcomes before any short probe
bnb_cross_modal_context,watch_cross_modal_context,context_watch,50.56089280,cross_modal_alpha_context,"BNB: aligned=chain_context_okx, chain_context_hl; conflict=; score=55.60892800; chain_context=chain_flow_reversal_watch; venue=OKX; funding_support=0.04088892; context=0.25179960 || chain_context=chain_flow_reversal_watch; venue=HL; funding_support=-0.10950000; context=0.06428968","repeat labels, venue-specific funding PnL, depth, fees, and liquidation context",keep collecting BNB cross-modal evidence before paper probing
arb_count_long_short_ratio_short_opposite_100_00usd_intraday_live_gate,intraday_live_feature_source_blocked,short_opposite,47.35227870,p0_parallel + binance_intraday_live_execution_gate + okx_book,"ARBUSDT: feature=count_long_short_ratio, action=short_opposite, size=100.00, source=binance_region_blocked, condition=unknown, spread_bps=1.18757793, depth5=4165.96794000, funding1h_bps=-0.02083476, low_fee_net_bps=3.52278698, taker_net_bps=-4.47721302","live execution gate uses OKX book/funding because Binance live feature endpoints are unavailable; maker fill probability, queue position, and stop behavior remain unmodeled",Binance live feature endpoint is unavailable; execution context only
arb_count_long_short_ratio_short_opposite_250_00usd_intraday_live_gate,intraday_live_feature_source_blocked,short_opposite,47.31352100,p0_parallel + binance_intraday_live_execution_gate + okx_book,"ARBUSDT: feature=count_long_short_ratio, action=short_opposite, size=250.00, source=binance_region_blocked, condition=unknown, spread_bps=1.18757793, depth5=4165.96794000, funding1h_bps=-0.02083476, low_fee_net_bps=3.13520999, taker_net_bps=-4.86479001","live execution gate uses OKX book/funding because Binance live feature endpoints are unavailable; maker fill probability, queue position, and stop behavior remain unmodeled",Binance live feature endpoint is unavailable; execution context only
arb_count_long_short_ratio_short_opposite_1000_00usd_intraday_live_gate,intraday_live_feature_source_blocked,short_opposite,47.21303841,p0_parallel + binance_intraday_live_execution_gate + okx_book,"ARBUSDT: feature=count_long_short_ratio, action=short_opposite, size=1000.00, source=binance_region_blocked, condition=unknown, spread_bps=1.18757793, depth5=4165.96794000, funding1h_bps=-0.02083476, low_fee_net_bps=2.13038415, taker_net_bps=-5.86961585","live execution gate uses OKX book/funding because Binance live feature endpoints are unavailable; maker fill probability, queue position, and stop behavior remain unmodeled",Binance live feature endpoint is unavailable; execution context only
arb_count_top_long_short_ratio_short_opposite_100_00usd_intraday_live_gate,intraday_live_feature_source_blocked,short_opposite,47.20813650,p0_parallel + binance_intraday_live_execution_gate + okx_book,"ARBUSDT: feature=count_top_long_short_ratio, action=short_opposite, size=100.00, source=binance_region_blocked, condition=unknown, spread_bps=1.18757793, depth5=4250.14794000, funding1h_bps=-0.02083476, low_fee_net_bps=2.08136500, taker_net_bps=-5.91863500","live execution gate uses OKX book/funding because Binance live feature endpoints are unavailable; maker fill probability, queue position, and stop behavior remain unmodeled",Binance live feature endpoint is unavailable; execution context only
hype_cross_modal_context,split_conflicting_modal_context,context_long,45.52441370,cross_modal_alpha_context,"HYPE: aligned=event_pressure; conflict=wallet_flow; score=64.75586297; event=two_source_event_pressure; sources=2; events=2; top=attention_market, attention_price","event timestamp quality, duplicate-source filtering, beta attribution, and execution check",do not collapse HYPE; label conflicting modal sources separately
pol_cross_modal_context,split_conflicting_modal_context,context_short,45.13454486,cross_modal_alpha_context,POL: aligned=stablecoin_migration; conflict=event_pressure; score=71.34544857; stablecoin=paper_chain_stablecoin_outflow_watch; chain=Polygon; week_pct=-0.05823015; top_asset=USDC,"bridge route, chain-token mapping, venue coverage, and beta attribution",do not collapse POL; label conflicting modal sources separately
zec_institutional_flow_news_event_quality_gate,repeat_single_source_label,paper_long_news_event,40.97827681,news_social + forward_label + quality_gate,"ZEC: kind=institutional_flow, side=paper_long_news_event, sources=1, labels=1, support=1, reject=0, mean1h=749.15979224, mean4h=226.09227009, title=Winklevoss-Backed Zcash Treasury Plunges Nearly 40% on ZEC Privacy Bug Concerns","news-event quality gate still needs manual duplicate-source review, execution costs, and longer non-overlapping OOS events",seek another independent ZEC source before treating the news event as alpha
zec_narrative_event_news_event_quality_gate,repeat_single_source_label,paper_long_news_event,40.92857143,news_social + forward_label + quality_gate,"ZEC: kind=narrative_event, side=paper_long_news_event, sources=1, labels=1, support=1, reject=0, mean1h=85.71428571, mean4h=632.85714286, title=AI Is Helping Discover Tech Vulnerabilities—And Zcash Is Just the Latest Example","news-event quality gate still needs manual duplicate-source review, execution costs, and longer non-overlapping OOS events",seek another independent ZEC source before treating the news event as alpha
zec_security_risk_news_event_quality_gate,repeat_single_source_label,paper_short_news_event,39.49734757,news_social + forward_label + quality_gate,"ZEC: kind=security_risk, side=paper_short_news_event, sources=1, labels=1, support=1, reject=0, mean1h=159.46951318, mean4h=-1380.23613133, title=Morning Minute: Massive ZCash Exploit Found by Claude, Extent Unknown","news-event quality gate still needs manual duplicate-source review, execution costs, and longer non-overlapping OOS events",seek another independent ZEC source before treating the news event as alpha
zro_validated_perp_crowding_reversion,crowding_unwind_label_not_supported,short_carry_reversion_watch,36.97881827,perp_market_map + candidate_validation,"ZRO: action=short_carry_reversion_watch, monitor_obs=6, label_obs=6, dir15=0.00000000, dir1h=0.00000000, net1h_proxy=-0.00047289, hit1h=0.00000000, funding=0.31289727, impact=0.000508605627, cross_venue=cross_venue_context_only, venues=16/0, max_oi_vol=11.31474464, max_funding=0.01088300, label_gate=crowding_unwind_label_not_supported, label_gate_score=23.52711000, gate_reason=current forward labels do not support the unwind after funding and impact proxy","cross-venue context is not a positive return label; public-book gate excludes queue position, repeated adverse selection, stop behavior, and live fill evidence",do not promote ZRO unwind; only revisit if a fresh snapshot creates positive forward labels
virtual_validated_perp_crowding_reversion,crowding_unwind_label_not_supported,long_carry_reversion_watch,36.76403825,perp_market_map + candidate_validation,"VIRTUAL: action=long_carry_reversion_watch, monitor_obs=6, label_obs=6, dir15=0.00000000, dir1h=0.00000000, net1h_proxy=-0.00072955, hit1h=0.00000000, funding=-0.74919856, impact=0.000815073382, cross_venue=cross_venue_context_only, venues=17/0, max_oi_vol=28.78603240, max_funding=0.02044053, label_gate=crowding_unwind_label_not_supported, label_gate_score=23.27045000, gate_reason=current forward labels do not support the unwind after funding and impact proxy","cross-venue context is not a positive return label; public-book gate excludes queue position, repeated adverse selection, stop behavior, and live fill evidence",do not promote VIRTUAL unwind; only revisit if a fresh snapshot creates positive forward labels
aave_validated_perp_crowding_reversion,crowding_unwind_label_not_supported,long_carry_reversion_watch,36.72668705,perp_market_map + candidate_validation,"AAVE: action=long_carry_reversion_watch, monitor_obs=6, label_obs=6, dir15=0.00000000, dir1h=0.00000000, net1h_proxy=-0.00048117, hit1h=0.00000000, funding=-0.08015604, impact=0.000490320612, cross_venue=cross_venue_context_ready_needs_labels, venues=35/2, max_oi_vol=9.84166427, max_funding=0.04068200, label_gate=crowding_unwind_label_not_supported, label_gate_score=23.51883000, gate_reason=current forward labels do not support the unwind after funding and impact proxy","cross-venue context is not a positive return label; public-book gate excludes queue position, repeated adverse selection, stop behavior, and live fill evidence",do not promote AAVE unwind; only revisit if a fresh snapshot creates positive forward labels
hemi_validated_perp_crowding_reversion,crowding_unwind_label_not_supported,short_carry_reversion_watch,36.72406162,perp_market_map + candidate_validation,"HEMI: action=short_carry_reversion_watch, monitor_obs=6, label_obs=6, dir15=0.00000000, dir1h=0.00000000, net1h_proxy=-0.00229704, hit1h=0.00000000, funding=0.10950000, impact=0.002309539961, cross_venue=cross_venue_context_only, venues=3/0, max_oi_vol=8.74272962, max_funding=0.00500000, label_gate=crowding_unwind_label_not_supported, label_gate_score=21.70296000, gate_reason=current forward labels do not support the unwind after funding and impact proxy","cross-venue context is not a positive return label; public-book gate excludes queue position, repeated adverse selection, stop behavior, and live fill evidence",do not promote HEMI unwind; only revisit if a fresh snapshot creates positive forward labels
trump_validated_perp_crowding_reversion,crowding_unwind_label_not_supported,long_carry_reversion_watch,36.62752842,perp_market_map + candidate_validation,"TRUMP: action=long_carry_reversion_watch, monitor_obs=6, label_obs=6, dir15=0.00000000, dir1h=0.00000000, net1h_proxy=-0.00058699, hit1h=0.00000000, funding=-0.55037883, impact=0.000649814752, cross_venue=cross_venue_context_ready_needs_labels, venues=19/3, max_oi_vol=9.56748438, max_funding=0.03390000, label_gate=crowding_unwind_label_not_supported, label_gate_score=23.41301000, gate_reason=current forward labels do not support the unwind after funding and impact proxy","cross-venue context is not a positive return label; public-book gate excludes queue position, repeated adverse selection, stop behavior, and live fill evidence",do not promote TRUMP unwind; only revisit if a fresh snapshot creates positive forward labels
snx_validated_perp_crowding_reversion,crowding_unwind_label_not_supported,long_carry_reversion_watch,36.59198396,perp_market_map + candidate_validation,"SNX: action=long_carry_reversion_watch, monitor_obs=6, label_obs=6, dir15=0.00000000, dir1h=0.00000000, net1h_proxy=-0.00203165, hit1h=0.00000000, funding=-0.98861593, impact=0.002144505363, cross_venue=cross_venue_context_only, venues=5/0, max_oi_vol=3.88772805, max_funding=0.01180000, label_gate=crowding_unwind_label_not_supported, label_gate_score=21.96835000, gate_reason=current forward labels do not support the unwind after funding and impact proxy","cross-venue context is not a positive return label; public-book gate excludes queue position, repeated adverse selection, stop behavior, and live fill evidence",do not promote SNX unwind; only revisit if a fresh snapshot creates positive forward labels
xmr_validated_perp_crowding_reversion,crowding_unwind_label_not_supported,short_carry_reversion_watch,36.59137990,perp_market_map + candidate_validation,"XMR: action=short_carry_reversion_watch, monitor_obs=6, label_obs=6, dir15=0.00000000, dir1h=0.00000000, net1h_proxy=-0.00078183, hit1h=0.00000000, funding=0.52147506, impact=0.000841363462, cross_venue=cross_venue_context_only, venues=21/1, max_oi_vol=989.69599679, max_funding=10.95000000, label_gate=crowding_unwind_label_not_supported, label_gate_score=23.21817000, gate_reason=current forward labels do not support the unwind after funding and impact proxy","cross-venue context is not a positive return label; public-book gate excludes queue position, repeated adverse selection, stop behavior, and live fill evidence",do not promote XMR unwind; only revisit if a fresh snapshot creates positive forward labels
stbl_validated_perp_crowding_reversion,crowding_unwind_label_not_supported,short_carry_reversion_watch,36.55666870,perp_market_map + candidate_validation,"STBL: action=short_carry_reversion_watch, monitor_obs=6, label_obs=6, dir15=0.00000000, dir1h=0.00000000, net1h_proxy=-0.00346132, hit1h=0.00000000, funding=0.10950000, impact=0.003473824453, cross_venue=cross_venue_context_only, venues=4/0, max_oi_vol=8.52401187, max_funding=0.00500000, label_gate=crowding_unwind_label_not_supported, label_gate_score=20.53868000, gate_reason=current forward labels do not support the unwind after funding and impact proxy","cross-venue context is not a positive return label; public-book gate excludes queue position, repeated adverse selection, stop behavior, and live fill evidence",do not promote STBL unwind; only revisit if a fresh snapshot creates positive forward labels
