timestamp,asset,status,side,score,direction,annualized_funding,impact_spread,conservative_cost_bps,raw_return_15m,raw_return_1h,raw_return_4h,directional_return_15m,directional_return_1h,directional_return_4h,funding_return_15m,funding_return_1h,funding_return_4h,net_15m_bps,net_1h_bps,net_4h_bps,outcome_15m,outcome_1h,outcome_4h
2026-06-07T23:28:18.334491+00:00,2Z,paper_extreme_funding_carry_candidate,long_perp,7.80614111,1,-0.72392027,0.001773779285,27.73779285,0.00133437,0.01009298,,0.00133437,0.01009298,,0.00002066,0.00008264,0.00033056,-14.18745125,74.01840355,,paper_15m_loss,paper_1h_win,pending_4h
2026-06-07T23:28:18.334491+00:00,2Z,paper_mark_oracle_reversion_candidate,long_perp,8.84746163,1,-0.72392027,0.001773779285,27.73779285,0.00133437,0.01009298,,0.00133437,0.01009298,,0.00002066,0.00008264,0.00033056,-14.18745125,74.01840355,,paper_15m_loss,paper_1h_win,pending_4h
2026-06-07T23:28:18.334491+00:00,ADA,paper_crowded_momentum_continuation_candidate,long_perp,12.19252991,1,0.05184869,0.000428562806,14.28562806,-0.00319566,-0.00156768,,-0.00319566,-0.00156768,,-0.00000148,-0.00000592,-0.00002368,-46.25701234,-30.02163246,,paper_15m_loss,paper_1h_loss,pending_4h
2026-06-07T23:28:18.334491+00:00,ADA,paper_crowded_momentum_reversal_candidate,short_perp,10.36365042,-1,0.05184869,0.000428562806,14.28562806,-0.00319566,-0.00156768,,0.00319566,0.00156768,,0.00000148,0.00000592,0.00002368,17.68575622,1.45037634,,paper_15m_win,paper_1h_win,pending_4h
2026-06-07T23:28:18.334491+00:00,AERO,paper_crowded_momentum_continuation_candidate,long_perp,17.72862058,1,-0.27908221,0.001512755483,25.12755483,-0.00044707,0.00593109,,-0.00044707,0.00593109,,0.00000796,0.00003186,0.00012743,-29.51858047,34.50195253,,paper_15m_loss,paper_1h_win,pending_4h
2026-06-07T23:28:18.334491+00:00,AERO,paper_crowded_momentum_reversal_candidate,short_perp,15.06932750,-1,-0.27908221,0.001512755483,25.12755483,-0.00044707,0.00593109,,0.00044707,-0.00593109,,-0.00000796,-0.00003186,-0.00012743,-20.73652919,-84.75706219,,paper_15m_loss,paper_1h_loss,pending_4h
2026-06-07T23:28:18.334491+00:00,AERO,paper_mark_oracle_reversion_candidate,long_perp,13.22220520,1,-0.27908221,0.001512755483,25.12755483,-0.00044707,0.00593109,,-0.00044707,0.00593109,,0.00000796,0.00003186,0.00012743,-29.51858047,34.50195253,,paper_15m_loss,paper_1h_win,pending_4h
2026-06-07T23:28:18.334491+00:00,AIXBT,paper_crowded_momentum_continuation_candidate,long_perp,11.50653732,1,-0.05665618,0.001584355620,25.84355620,-0.00407148,-0.00325718,,-0.00407148,-0.00325718,,0.00000162,0.00000647,0.00002587,-66.54215761,-58.35069653,,paper_15m_loss,paper_1h_loss,pending_4h
2026-06-07T23:28:18.334491+00:00,AIXBT,paper_crowded_momentum_reversal_candidate,short_perp,9.78055672,-1,-0.05665618,0.001584355620,25.84355620,-0.00407148,-0.00325718,,0.00407148,0.00325718,,-0.00000162,-0.00000647,-0.00002587,14.85504521,6.66358413,,paper_15m_win,paper_1h_win,pending_4h
2026-06-07T23:28:18.334491+00:00,AIXBT,paper_mark_oracle_reversion_candidate,long_perp,5.13332018,1,-0.05665618,0.001584355620,25.84355620,-0.00407148,-0.00325718,,-0.00407148,-0.00325718,,0.00000162,0.00000647,0.00002587,-66.54215761,-58.35069653,,paper_15m_loss,paper_1h_loss,pending_4h
2026-06-07T23:28:18.334491+00:00,ALT,paper_mark_oracle_reversion_candidate,long_perp,5.09396080,1,-0.11352172,0.002294792586,32.94792586,-0.00141243,0.00105932,,-0.00141243,0.00105932,,0.00000324,0.00001296,0.00005184,-47.03982189,-22.22511452,,paper_15m_loss,paper_1h_loss,pending_4h
2026-06-07T23:28:18.334491+00:00,AR,paper_crowded_momentum_continuation_candidate,long_perp,12.74294662,1,0.10950000,0.001658291457,26.58291457,-0.00221250,-0.00241364,,-0.00221250,-0.00241364,,-0.00000313,-0.00001250,-0.00005000,-48.73917086,-50.84428506,,paper_15m_loss,paper_1h_loss,pending_4h
2026-06-07T23:28:18.334491+00:00,AR,paper_crowded_momentum_reversal_candidate,short_perp,10.83150463,-1,0.10950000,0.001658291457,26.58291457,-0.00221250,-0.00241364,,0.00221250,0.00241364,,0.00000313,0.00001250,0.00005000,-4.42665828,-2.32154408,,paper_15m_loss,paper_1h_loss,pending_4h
2026-06-07T23:28:18.334491+00:00,ATOM,paper_crowded_momentum_continuation_candidate,long_perp,15.31587076,1,0.10950000,0.001990982023,29.90982023,0.00000000,0.00497309,,0.00000000,0.00497309,,-0.00000313,-0.00001250,-0.00005000,-29.94107023,19.69604801,,paper_15m_loss,paper_1h_win,pending_4h
2026-06-07T23:28:18.334491+00:00,ATOM,paper_crowded_momentum_reversal_candidate,short_perp,13.01849015,-1,0.10950000,0.001990982023,29.90982023,0.00000000,0.00497309,,-0.00000000,-0.00497309,,0.00000313,0.00001250,0.00005000,-29.87857023,-79.51568847,,paper_15m_loss,paper_1h_loss,pending_4h
2026-06-07T23:28:18.334491+00:00,BABY,paper_extreme_funding_carry_candidate,long_perp,5.39138931,1,-0.86864510,0.002276266922,32.76266922,-0.00922100,-0.02149572,,-0.00922100,-0.02149572,,0.00002479,0.00009916,0.00039664,-124.72481552,-246.72825342,,paper_15m_loss,paper_1h_loss,pending_4h
2026-06-07T23:28:18.334491+00:00,BABY,paper_mark_oracle_reversion_candidate,long_perp,5.44695073,1,-0.86864510,0.002276266922,32.76266922,-0.00922100,-0.02149572,,-0.00922100,-0.02149572,,0.00002479,0.00009916,0.00039664,-124.72481552,-246.72825342,,paper_15m_loss,paper_1h_loss,pending_4h
2026-06-07T23:28:18.334491+00:00,BCH,paper_crowded_momentum_continuation_candidate,long_perp,13.09078155,1,0.10950000,0.000695081967,16.95081967,-0.00109247,0.00502535,,-0.00109247,0.00502535,,-0.00000313,-0.00001250,-0.00005000,-27.90673319,33.17763252,,paper_15m_loss,paper_1h_win,pending_4h
2026-06-07T23:28:18.334491+00:00,BCH,paper_crowded_momentum_reversal_candidate,short_perp,11.12716431,-1,0.10950000,0.000695081967,16.95081967,-0.00109247,0.00502535,,0.00109247,-0.00502535,,0.00000313,0.00001250,0.00005000,-5.99490615,-67.07927186,,paper_15m_loss,paper_1h_loss,pending_4h
2026-06-07T23:28:18.334491+00:00,BIO,paper_crowded_momentum_continuation_candidate,long_perp,16.46478393,1,0.10950000,0.001701825917,27.01825917,-0.00177079,-0.00159371,,-0.00177079,-0.00159371,,-0.00000313,-0.00001250,-0.00005000,-44.75739981,-43.08036074,,paper_15m_loss,paper_1h_loss,pending_4h
2026-06-07T23:28:18.334491+00:00,BIO,paper_crowded_momentum_reversal_candidate,short_perp,13.99506634,-1,0.10950000,0.001701825917,27.01825917,-0.00177079,-0.00159371,,0.00177079,0.00159371,,0.00000313,0.00001250,0.00005000,-9.27911853,-10.95615760,,paper_15m_loss,paper_1h_loss,pending_4h
2026-06-07T23:28:18.334491+00:00,BIO,paper_mark_oracle_reversion_candidate,long_perp,7.20021087,1,0.10950000,0.001701825917,27.01825917,-0.00177079,-0.00159371,,-0.00177079,-0.00159371,,-0.00000313,-0.00001250,-0.00005000,-44.75739981,-43.08036074,,paper_15m_loss,paper_1h_loss,pending_4h
2026-06-07T23:28:18.334491+00:00,BNB,paper_crowded_momentum_continuation_candidate,long_perp,13.66885935,1,0.10950000,0.000294336503,12.94336503,-0.00183474,0.00224797,,-0.00183474,0.00224797,,-0.00000313,-0.00001250,-0.00005000,-31.32202573,9.41134538,,paper_15m_loss,paper_1h_win,pending_4h
2026-06-07T23:28:18.334491+00:00,BNB,paper_crowded_momentum_reversal_candidate,short_perp,11.61853045,-1,0.10950000,0.000294336503,12.94336503,-0.00183474,0.00224797,,0.00183474,-0.00224797,,0.00000313,0.00001250,0.00005000,5.43529567,-35.29807544,,paper_15m_win,paper_1h_loss,pending_4h
2026-06-07T23:28:18.334491+00:00,BRETT,paper_mark_oracle_reversion_candidate,long_perp,5.17908897,1,-0.33066898,0.004214963119,52.14963119,0.00929825,-0.00263158,,0.00929825,-0.00263158,,0.00000944,0.00003775,0.00015099,40.92719395,-78.08794466,,paper_15m_win,paper_1h_loss,pending_4h
2026-06-07T23:28:18.334491+00:00,CAKE,paper_crowded_momentum_continuation_candidate,long_perp,11.36097391,1,-0.04919879,0.002449011733,34.49011733,-0.00354303,-0.00212582,,-0.00354303,-0.00212582,,0.00000140,0.00000562,0.00002247,-69.90635766,-55.69212298,,paper_15m_loss,paper_1h_loss,pending_4h
2026-06-07T23:28:18.334491+00:00,CAKE,paper_crowded_momentum_reversal_candidate,short_perp,9.65682783,-1,-0.04919879,0.002449011733,34.49011733,-0.00354303,-0.00212582,,0.00354303,0.00212582,,-0.00000140,-0.00000562,-0.00002247,0.92612300,-13.28811168,,paper_15m_win,paper_1h_loss,pending_4h
2026-06-07T23:28:18.334491+00:00,CELO,paper_mark_oracle_reversion_candidate,long_perp,4.12821355,1,0.10950000,0.003892462477,48.92462477,-0.00115426,0.00029681,,-0.00115426,0.00029681,,-0.00000313,-0.00001250,-0.00005000,-60.49845866,-46.08153177,,paper_15m_loss,paper_1h_loss,pending_4h
2026-06-07T23:28:18.334491+00:00,CFX,paper_crowded_momentum_continuation_candidate,long_perp,13.63386595,1,0.80120099,0.003176744490,41.76744490,0.00015201,0.00566788,,0.00015201,0.00566788,,-0.00002287,-0.00009146,-0.00036585,-40.47597828,13.99669734,,paper_15m_loss,paper_1h_win,pending_4h
2026-06-07T23:28:18.334491+00:00,CFX,paper_crowded_momentum_reversal_candidate,short_perp,11.58878605,-1,0.80120099,0.003176744490,41.76744490,0.00015201,0.00566788,,-0.00015201,-0.00566788,,0.00002287,0.00009146,0.00036585,-43.05891152,-97.53158714,,paper_15m_loss,paper_1h_loss,pending_4h
2026-06-07T23:28:18.334491+00:00,CFX,paper_extreme_funding_carry_candidate,short_perp,8.39603079,-1,0.80120099,0.003176744490,41.76744490,0.00015201,0.00566788,,-0.00015201,-0.00566788,,0.00002287,0.00009146,0.00036585,-43.05891152,-97.53158714,,paper_15m_loss,paper_1h_loss,pending_4h
2026-06-07T23:28:18.334491+00:00,CFX,paper_mark_oracle_reversion_candidate,short_perp,8.60959399,-1,0.80120099,0.003176744490,41.76744490,0.00015201,0.00566788,,-0.00015201,-0.00566788,,0.00002287,0.00009146,0.00036585,-43.05891152,-97.53158714,,paper_15m_loss,paper_1h_loss,pending_4h
2026-06-07T23:28:18.334491+00:00,COMP,paper_mark_oracle_reversion_candidate,long_perp,7.53182944,1,0.04743628,0.003263869931,42.63869931,-0.00394178,0.00418435,,-0.00394178,0.00418435,,-0.00000135,-0.00000542,-0.00002166,-82.07006605,-0.84930877,,paper_15m_loss,paper_1h_loss,pending_4h
2026-06-07T23:28:18.334491+00:00,CRV,paper_crowded_momentum_continuation_candidate,long_perp,12.63318333,1,0.10950000,0.000813214740,18.13214740,-0.00253884,-0.00035544,,-0.00253884,-0.00035544,,-0.00000313,-0.00001250,-0.00005000,-43.55184058,-21.81152945,,paper_15m_loss,paper_1h_loss,pending_4h
2026-06-07T23:28:18.334491+00:00,CRV,paper_crowded_momentum_reversal_candidate,short_perp,10.73820583,-1,0.10950000,0.000813214740,18.13214740,-0.00253884,-0.00035544,,0.00253884,0.00035544,,0.00000313,0.00001250,0.00005000,7.28754578,-14.45276535,,paper_15m_win,paper_1h_loss,pending_4h
2026-06-07T23:28:18.334491+00:00,DASH,paper_crowded_momentum_continuation_candidate,long_perp,23.01326821,1,0.10950000,0.001838635539,28.38635539,-0.00376283,-0.00507983,,-0.00376283,-0.00507983,,-0.00000313,-0.00001250,-0.00005000,-66.04594491,-79.30961374,,paper_15m_loss,paper_1h_loss,pending_4h
2026-06-07T23:28:18.334491+00:00,DASH,paper_crowded_momentum_reversal_candidate,short_perp,19.56127798,-1,0.10950000,0.001838635539,28.38635539,-0.00376283,-0.00507983,,0.00376283,0.00507983,,0.00000313,0.00001250,0.00005000,9.27323413,22.53690296,,paper_15m_win,paper_1h_win,pending_4h
2026-06-07T23:28:18.334491+00:00,DOGE,paper_crowded_momentum_continuation_candidate,long_perp,12.25231577,1,0.05627074,0.000255912152,12.55912152,-0.00137012,0.00147462,,-0.00137012,0.00147462,,-0.00000161,-0.00000642,-0.00002569,-26.27635557,2.12282240,,paper_15m_loss,paper_1h_win,pending_4h
2026-06-07T23:28:18.334491+00:00,DOGE,paper_crowded_momentum_reversal_candidate,short_perp,10.41446841,-1,0.05627074,0.000255912152,12.55912152,-0.00137012,0.00147462,,0.00137012,-0.00147462,,0.00000161,0.00000642,0.00002569,1.15811253,-27.24106544,,paper_15m_win,paper_1h_loss,pending_4h
2026-06-07T23:28:18.334491+00:00,DYDX,paper_crowded_momentum_continuation_candidate,long_perp,16.02407501,1,0.10950000,0.003392881872,43.92881872,0.00443367,-0.00353308,,0.00443367,-0.00353308,,-0.00000313,-0.00001250,-0.00005000,0.37661296,-79.38461193,,paper_15m_win,paper_1h_loss,pending_4h
2026-06-07T23:28:18.334491+00:00,DYDX,paper_crowded_momentum_reversal_candidate,short_perp,13.62046376,-1,0.10950000,0.003392881872,43.92881872,0.00443367,-0.00353308,,-0.00443367,0.00353308,,0.00000313,0.00001250,0.00005000,-88.23425040,-8.47302551,,paper_15m_loss,paper_1h_loss,pending_4h
2026-06-07T23:28:18.334491+00:00,EIGEN,paper_crowded_momentum_continuation_candidate,long_perp,21.50853579,1,0.10950000,0.002218524681,32.18524681,-0.00720222,0.00443213,,-0.00720222,0.00443213,,-0.00000313,-0.00001250,-0.00005000,-104.23865747,12.01108283,,paper_15m_loss,paper_1h_win,pending_4h
2026-06-07T23:28:18.334491+00:00,EIGEN,paper_crowded_momentum_reversal_candidate,short_perp,18.28225542,-1,0.10950000,0.002218524681,32.18524681,-0.00720222,0.00443213,,0.00720222,-0.00443213,,0.00000313,0.00001250,0.00005000,39.86816385,-76.38157645,,paper_15m_win,paper_1h_loss,pending_4h
2026-06-07T23:28:18.334491+00:00,ETH,paper_crowded_momentum_continuation_candidate,long_perp,15.20522479,1,0.04869246,0.000178396218,11.78396218,-0.00011875,0.00807505,,-0.00011875,0.00807505,,-0.00000139,-0.00000556,-0.00002223,-12.98536585,68.91095751,,paper_15m_loss,paper_1h_win,pending_4h
2026-06-07T23:28:18.334491+00:00,ETH,paper_crowded_momentum_reversal_candidate,short_perp,12.92444107,-1,0.04869246,0.000178396218,11.78396218,-0.00011875,0.00807505,,0.00011875,-0.00807505,,0.00000139,0.00000556,0.00002223,-10.58255851,-92.47888187,,paper_15m_loss,paper_1h_loss,pending_4h
2026-06-07T23:28:18.334491+00:00,FARTCOIN,paper_crowded_momentum_continuation_candidate,long_perp,17.43472547,1,0.10950000,0.001044750131,20.44750131,0.00069499,0.00321432,,0.00069499,0.00321432,,-0.00000313,-0.00001250,-0.00005000,-13.52887728,11.57066610,,paper_15m_loss,paper_1h_win,pending_4h
2026-06-07T23:28:18.334491+00:00,FARTCOIN,paper_crowded_momentum_reversal_candidate,short_perp,14.81951665,-1,0.10950000,0.001044750131,20.44750131,0.00069499,0.00321432,,-0.00069499,-0.00321432,,0.00000313,0.00001250,0.00005000,-27.36612534,-52.46566872,,paper_15m_loss,paper_1h_loss,pending_4h
2026-06-07T23:28:18.334491+00:00,FET,paper_crowded_momentum_continuation_candidate,long_perp,14.38156098,1,0.10950000,0.001388009660,23.88009660,0.00150164,-0.00258095,,0.00150164,-0.00258095,,-0.00000313,-0.00001250,-0.00005000,-8.89492239,-49.81457572,,paper_15m_loss,paper_1h_loss,pending_4h
2026-06-07T23:28:18.334491+00:00,FET,paper_crowded_momentum_reversal_candidate,short_perp,12.22432683,-1,0.10950000,0.001388009660,23.88009660,0.00150164,-0.00258095,,-0.00150164,0.00258095,,0.00000313,0.00001250,0.00005000,-38.86527081,2.05438252,,paper_15m_loss,paper_1h_win,pending_4h
2026-06-07T23:28:18.334491+00:00,FIL,paper_crowded_momentum_continuation_candidate,long_perp,13.27675369,1,0.10950000,0.001306158343,23.06158343,-0.00247224,-0.00020710,,-0.00247224,-0.00020710,,-0.00000313,-0.00001250,-0.00005000,-47.81519228,-25.25756637,,paper_15m_loss,paper_1h_loss,pending_4h
2026-06-07T23:28:18.334491+00:00,FIL,paper_crowded_momentum_reversal_candidate,short_perp,11.28524064,-1,0.10950000,0.001306158343,23.06158343,-0.00247224,-0.00020710,,0.00247224,0.00020710,,0.00000313,0.00001250,0.00005000,1.69202542,-20.86560049,,paper_15m_win,paper_1h_loss,pending_4h
2026-06-07T23:28:18.334491+00:00,FIL,paper_mark_oracle_reversion_candidate,long_perp,7.66272029,1,0.10950000,0.001306158343,23.06158343,-0.00247224,-0.00020710,,-0.00247224,-0.00020710,,-0.00000313,-0.00001250,-0.00005000,-47.81519228,-25.25756637,,paper_15m_loss,paper_1h_loss,pending_4h
2026-06-07T23:28:18.334491+00:00,HYPE,paper_crowded_momentum_continuation_candidate,long_perp,13.01013406,1,0.10950000,0.000089345167,10.89345167,0.00251596,0.03949546,,0.00251596,0.03949546,,-0.00000313,-0.00001250,-0.00005000,14.23486741,383.93612602,,paper_15m_win,paper_1h_win,pending_4h
2026-06-07T23:28:18.334491+00:00,HYPE,paper_crowded_momentum_reversal_candidate,short_perp,11.05861395,-1,0.10950000,0.000089345167,10.89345167,0.00251596,0.03949546,,-0.00251596,-0.03949546,,0.00000313,0.00001250,0.00005000,-36.02177075,-405.72302936,,paper_15m_loss,paper_1h_loss,pending_4h
2026-06-07T23:28:18.334491+00:00,HYPER,paper_mark_oracle_reversion_candidate,long_perp,4.87021472,1,-0.09883382,0.001743515850,27.43515850,-0.00152718,0.03583109,,-0.00152718,0.03583109,,0.00000282,0.00001128,0.00004513,-42.67874723,330.98854737,,paper_15m_loss,paper_1h_win,pending_4h
2026-06-07T23:28:18.334491+00:00,ICP,paper_mark_oracle_reversion_candidate,long_perp,5.93459472,1,-0.12233428,0.000835425413,18.35425413,-0.00088570,-0.00185576,,-0.00088570,-0.00185576,,0.00000349,0.00001397,0.00005586,-27.17636373,-36.77217377,,paper_15m_loss,paper_1h_loss,pending_4h
2026-06-07T23:28:18.334491+00:00,IMX,paper_crowded_momentum_continuation_candidate,long_perp,13.76103760,1,0.10950000,0.004068950211,50.68950211,0.00088476,0.01408243,,0.00088476,0.01408243,,-0.00000313,-0.00001250,-0.00005000,-41.87315202,90.00979930,,paper_15m_loss,paper_1h_win,pending_4h
2026-06-07T23:28:18.334491+00:00,IMX,paper_crowded_momentum_reversal_candidate,short_perp,11.69688196,-1,0.10950000,0.004068950211,50.68950211,0.00088476,0.01408243,,-0.00088476,-0.01408243,,0.00000313,0.00001250,0.00005000,-59.50585220,-191.38880352,,paper_15m_loss,paper_1h_loss,pending_4h
2026-06-07T23:28:18.334491+00:00,INJ,paper_crowded_momentum_continuation_candidate,long_perp,11.82986407,1,0.10675024,0.001320548250,23.20548250,0.00223867,0.02146161,,0.00223867,0.02146161,,-0.00000305,-0.00001219,-0.00004874,-0.84926875,191.28875270,,paper_15m_loss,paper_1h_win,pending_4h
2026-06-07T23:28:18.334491+00:00,INJ,paper_crowded_momentum_reversal_candidate,short_perp,10.05538446,-1,0.10675024,0.001320548250,23.20548250,0.00223867,0.02146161,,-0.00223867,-0.02146161,,0.00000305,0.00001219,0.00004874,-45.56169625,-237.69971770,,paper_15m_loss,paper_1h_loss,pending_4h
2026-06-07T23:28:18.334491+00:00,IO,paper_extreme_funding_carry_candidate,long_perp,2.80615086,1,-0.41432698,0.002474707038,34.74707038,0.00000000,-0.00159988,,0.00000000,-0.00159988,,0.00001182,0.00004730,0.00018919,-34.62882638,-50.27293082,,paper_15m_loss,paper_1h_loss,pending_4h
2026-06-07T23:28:18.334491+00:00,IO,paper_mark_oracle_reversion_candidate,long_perp,5.20357586,1,-0.41432698,0.002474707038,34.74707038,0.00000000,-0.00159988,,0.00000000,-0.00159988,,0.00001182,0.00004730,0.00018919,-34.62882638,-50.27293082,,paper_15m_loss,paper_1h_loss,pending_4h
2026-06-07T23:28:18.334491+00:00,JTO,paper_crowded_momentum_continuation_candidate,long_perp,32.24774378,1,-0.66467201,0.001410238786,24.10238786,-0.00407207,-0.00206835,,-0.00407207,-0.00206835,,0.00001897,0.00007588,0.00030350,-64.63338996,-44.02715575,,paper_15m_loss,paper_1h_loss,pending_4h
2026-06-07T23:28:18.334491+00:00,JTO,paper_crowded_momentum_reversal_candidate,short_perp,27.41058221,-1,-0.66467201,0.001410238786,24.10238786,-0.00407207,-0.00206835,,0.00407207,0.00206835,,-0.00001897,-0.00007588,-0.00030350,16.42861424,-4.17761997,,paper_15m_win,paper_1h_loss,pending_4h
2026-06-07T23:28:18.334491+00:00,JTO,paper_extreme_funding_carry_candidate,long_perp,4.81428619,1,-0.66467201,0.001410238786,24.10238786,-0.00407207,-0.00206835,,-0.00407207,-0.00206835,,0.00001897,0.00007588,0.00030350,-64.63338996,-44.02715575,,paper_15m_loss,paper_1h_loss,pending_4h
2026-06-07T23:28:18.334491+00:00,JTO,paper_mark_oracle_reversion_candidate,long_perp,5.98161061,1,-0.66467201,0.001410238786,24.10238786,-0.00407207,-0.00206835,,-0.00407207,-0.00206835,,0.00001897,0.00007588,0.00030350,-64.63338996,-44.02715575,,paper_15m_loss,paper_1h_loss,pending_4h
2026-06-07T23:28:18.334491+00:00,LDO,paper_crowded_momentum_continuation_candidate,long_perp,18.33757708,1,-0.01718887,0.001176903273,21.76903273,-0.00260914,0.00191092,,-0.00260914,0.00191092,,0.00000049,0.00000196,0.00000785,-47.85555748,-2.64019421,,paper_15m_loss,paper_1h_loss,pending_4h
2026-06-07T23:28:18.334491+00:00,LDO,paper_crowded_momentum_reversal_candidate,short_perp,15.58694052,-1,-0.01718887,0.001176903273,21.76903273,-0.00260914,0.00191092,,0.00260914,-0.00191092,,-0.00000049,-0.00000196,-0.00000785,4.31749202,-40.89787125,,paper_15m_win,paper_1h_loss,pending_4h
2026-06-07T23:28:18.334491+00:00,LINK,paper_crowded_momentum_continuation_candidate,long_perp,18.90770132,1,0.10950000,0.000507871373,15.07871373,-0.00185963,0.00514877,,-0.00185963,0.00514877,,-0.00000313,-0.00001250,-0.00005000,-33.70625965,36.28398994,,paper_15m_loss,paper_1h_win,pending_4h
2026-06-07T23:28:18.334491+00:00,LINK,paper_crowded_momentum_reversal_candidate,short_perp,16.07154612,-1,0.10950000,0.000507871373,15.07871373,-0.00185963,0.00514877,,0.00185963,-0.00514877,,0.00000313,0.00001250,0.00005000,3.54883219,-66.44141740,,paper_15m_win,paper_1h_loss,pending_4h
2026-06-07T23:28:18.334491+00:00,MANTA,paper_crowded_momentum_continuation_candidate,short_perp,19.17743836,-1,0.10950000,0.001570064111,25.70064111,-0.00392362,0.00745488,,0.00392362,-0.00745488,,0.00000313,0.00001250,0.00005000,13.56681083,-100.12442479,,paper_15m_win,paper_1h_loss,pending_4h
2026-06-07T23:28:18.334491+00:00,MANTA,paper_crowded_momentum_reversal_candidate,long_perp,16.30082260,1,0.10950000,0.001570064111,25.70064111,-0.00392362,0.00745488,,-0.00392362,0.00745488,,-0.00000313,-0.00001250,-0.00005000,-64.96809305,48.72314257,,paper_15m_loss,paper_1h_win,pending_4h
2026-06-07T23:28:18.334491+00:00,ME,paper_extreme_funding_carry_candidate,long_perp,3.72350228,1,-0.53901244,0.001840080294,28.40080294,0.00083612,0.00384615,,0.00083612,0.00384615,,0.00001538,0.00006153,0.00024612,-19.88577118,10.67604653,,paper_15m_loss,paper_1h_win,pending_4h
2026-06-07T23:28:18.334491+00:00,ME,paper_mark_oracle_reversion_candidate,long_perp,6.84670586,1,-0.53901244,0.001840080294,28.40080294,0.00083612,0.00384615,,0.00083612,0.00384615,,0.00001538,0.00006153,0.00024612,-19.88577118,10.67604653,,paper_15m_loss,paper_1h_win,pending_4h
2026-06-07T23:28:18.334491+00:00,MEGA,paper_crowded_momentum_continuation_candidate,long_perp,17.65761273,1,0.10950000,0.001329842497,23.29842497,0.00529408,-0.00058131,,0.00529408,-0.00058131,,-0.00000313,-0.00001250,-0.00005000,29.61113513,-29.23653353,,paper_15m_win,paper_1h_loss,pending_4h
2026-06-07T23:28:18.334491+00:00,MEGA,paper_crowded_momentum_reversal_candidate,short_perp,15.00897082,-1,0.10950000,0.001329842497,23.29842497,0.00529408,-0.00058131,,-0.00529408,0.00058131,,0.00000313,0.00001250,0.00005000,-76.20798507,-17.36031641,,paper_15m_loss,paper_1h_loss,pending_4h
2026-06-07T23:28:18.334491+00:00,MEME,paper_crowded_momentum_continuation_candidate,long_perp,11.24368439,1,0.10950000,0.003407155026,44.07155026,0.00000000,0.00340716,,0.00000000,0.00340716,,-0.00000313,-0.00001250,-0.00005000,-44.10280026,-10.12500000,,paper_15m_loss,paper_1h_loss,pending_4h
2026-06-07T23:28:18.334491+00:00,MEME,paper_crowded_momentum_reversal_candidate,short_perp,9.55713173,-1,0.10950000,0.003407155026,44.07155026,0.00000000,0.00340716,,-0.00000000,-0.00340716,,0.00000313,0.00001250,0.00005000,-44.04030026,-78.01810052,,paper_15m_loss,paper_1h_loss,pending_4h
2026-06-07T23:28:18.334491+00:00,MERL,paper_extreme_funding_carry_candidate,long_perp,5.49781664,1,-0.80816694,0.003327461343,43.27461343,0.00097737,0.00395836,,0.00097737,0.00395836,,0.00002306,0.00009226,0.00036903,-33.27023421,-2.76840967,,paper_15m_loss,paper_1h_loss,pending_4h
2026-06-07T23:28:18.334491+00:00,MERL,paper_mark_oracle_reversion_candidate,long_perp,6.26106186,1,-0.80816694,0.003327461343,43.27461343,0.00097737,0.00395836,,0.00097737,0.00395836,,0.00002306,0.00009226,0.00036903,-33.27023421,-2.76840967,,paper_15m_loss,paper_1h_loss,pending_4h
2026-06-07T23:28:18.334491+00:00,MINA,paper_mark_oracle_reversion_candidate,long_perp,6.98765981,1,0.10950000,0.003862620998,48.62620998,-0.00323226,0.00362757,,-0.00323226,0.00362757,,-0.00000313,-0.00001250,-0.00005000,-80.98003462,-12.47551470,,paper_15m_loss,paper_1h_loss,pending_4h
2026-06-07T23:28:18.334491+00:00,MON,paper_crowded_momentum_continuation_candidate,long_perp,16.09328855,1,0.10950000,0.001766624388,27.66624388,0.00507177,0.00896617,,0.00507177,0.00896617,,-0.00000313,-0.00001250,-0.00005000,23.02025280,61.87048686,,paper_15m_win,paper_1h_win,pending_4h
2026-06-07T23:28:18.334491+00:00,MON,paper_crowded_momentum_reversal_candidate,short_perp,13.67929527,-1,0.10950000,0.001766624388,27.66624388,0.00507177,0.00896617,,-0.00507177,-0.00896617,,0.00000313,0.00001250,0.00005000,-78.35274056,-117.20297462,,paper_15m_loss,paper_1h_loss,pending_4h
2026-06-07T23:28:18.334491+00:00,MORPHO,paper_mark_oracle_reversion_candidate,long_perp,8.14077336,1,-0.09155426,0.002111111111,31.11111111,0.00070163,0.00812723,,0.00070163,0.00812723,,0.00000261,0.00001045,0.00004181,-24.06866968,50.26569430,,paper_15m_loss,paper_1h_win,pending_4h
2026-06-07T23:28:18.334491+00:00,NEAR,paper_crowded_momentum_continuation_candidate,long_perp,17.17050051,1,0.10950000,0.001086291684,20.86291684,0.00254341,0.00782587,,0.00254341,0.00782587,,-0.00000313,-0.00001250,-0.00005000,4.53992462,57.27082613,,paper_15m_win,paper_1h_win,pending_4h
2026-06-07T23:28:18.334491+00:00,NEAR,paper_crowded_momentum_reversal_candidate,short_perp,14.59492544,-1,0.10950000,0.001086291684,20.86291684,0.00254341,0.00782587,,-0.00254341,-0.00782587,,0.00000313,0.00001250,0.00005000,-46.26575830,-98.99665981,,paper_15m_loss,paper_1h_loss,pending_4h
2026-06-07T23:28:18.334491+00:00,NEO,paper_extreme_funding_carry_candidate,long_perp,3.99495687,1,-0.39253735,0.002300119606,33.00119606,-0.00147160,-0.00078179,,-0.00147160,-0.00078179,,0.00001120,0.00004481,0.00017924,-47.60519723,-40.37098323,,paper_15m_loss,paper_1h_loss,pending_4h
2026-06-07T23:28:18.334491+00:00,NEO,paper_mark_oracle_reversion_candidate,long_perp,6.26160441,1,-0.39253735,0.002300119606,33.00119606,-0.00147160,-0.00078179,,-0.00147160,-0.00078179,,0.00001120,0.00004481,0.00017924,-47.60519723,-40.37098323,,paper_15m_loss,paper_1h_loss,pending_4h
2026-06-07T23:28:18.334491+00:00,NIL,paper_mark_oracle_reversion_candidate,long_perp,5.65035342,1,-0.07417793,0.003490938960,44.90938960,-0.00381807,0.00686739,,-0.00381807,0.00686739,,0.00000212,0.00000847,0.00003387,-83.06887353,23.84921537,,paper_15m_loss,paper_1h_win,pending_4h
2026-06-07T23:28:18.334491+00:00,NXPC,paper_crowded_momentum_continuation_candidate,long_perp,12.14254692,1,0.10950000,0.002328715270,33.28715270,-0.00087823,0.02192544,,-0.00087823,0.02192544,,-0.00000313,-0.00001250,-0.00005000,-42.10069276,185.84226116,,paper_15m_loss,paper_1h_win,pending_4h
2026-06-07T23:28:18.334491+00:00,NXPC,paper_crowded_momentum_reversal_candidate,short_perp,10.32116489,-1,0.10950000,0.002328715270,33.28715270,-0.00087823,0.02192544,,0.00087823,-0.02192544,,0.00000313,0.00001250,0.00005000,-24.47361264,-252.41656656,,paper_15m_loss,paper_1h_loss,pending_4h
2026-06-07T23:28:18.334491+00:00,ONDO,paper_crowded_momentum_continuation_candidate,long_perp,12.86446477,1,0.10950000,0.000225828399,12.25828399,0.00305925,0.00300153,,0.00305925,0.00300153,,-0.00000313,-0.00001250,-0.00005000,18.30297950,17.63201227,,paper_15m_win,paper_1h_win,pending_4h
2026-06-07T23:28:18.334491+00:00,ONDO,paper_crowded_momentum_reversal_candidate,short_perp,10.93479505,-1,0.10950000,0.000225828399,12.25828399,0.00305925,0.00300153,,-0.00305925,-0.00300153,,0.00000313,0.00001250,0.00005000,-42.81954748,-42.14858025,,paper_15m_loss,paper_1h_loss,pending_4h
2026-06-07T23:28:18.334491+00:00,PENGU,paper_crowded_momentum_continuation_candidate,long_perp,17.98521395,1,0.06671178,0.000574300072,15.74300072,0.00085911,-0.00859107,,0.00085911,-0.00859107,,-0.00000190,-0.00000762,-0.00003046,-7.17097418,-101.72980864,,paper_15m_loss,paper_1h_loss,pending_4h
2026-06-07T23:28:18.334491+00:00,PENGU,paper_crowded_momentum_reversal_candidate,short_perp,15.28743185,-1,0.06671178,0.000574300072,15.74300072,0.00085911,-0.00859107,,-0.00085911,0.00859107,,0.00000190,0.00000762,0.00003046,-24.31502726,70.24380720,,paper_15m_loss,paper_1h_win,pending_4h
2026-06-07T23:28:18.334491+00:00,PNUT,paper_crowded_momentum_continuation_candidate,long_perp,9.59941030,1,0.10950000,0.001664289111,26.64289111,-0.00356464,-0.00451521,,-0.00356464,-0.00451521,,-0.00000313,-0.00001250,-0.00005000,-62.32052894,-71.91998236,,paper_15m_loss,paper_1h_loss,pending_4h
2026-06-07T23:28:18.334491+00:00,PNUT,paper_crowded_momentum_reversal_candidate,short_perp,8.15949876,-1,0.10950000,0.001664289111,26.64289111,-0.00356464,-0.00451521,,0.00356464,0.00451521,,0.00000313,0.00001250,0.00005000,9.03474672,18.63420014,,paper_15m_win,paper_1h_win,pending_4h
2026-06-07T23:28:18.334491+00:00,PNUT,paper_mark_oracle_reversion_candidate,long_perp,5.36990394,1,0.10950000,0.001664289111,26.64289111,-0.00356464,-0.00451521,,-0.00356464,-0.00451521,,-0.00000313,-0.00001250,-0.00005000,-62.32052894,-71.91998236,,paper_15m_loss,paper_1h_loss,pending_4h
2026-06-07T23:28:18.334491+00:00,POPCAT,paper_crowded_momentum_continuation_candidate,long_perp,13.10792575,1,-0.49593952,0.001647406546,26.47406546,-0.00205617,0.00387044,,-0.00205617,0.00387044,,0.00001415,0.00005661,0.00022646,-46.89422740,12.79644672,,paper_15m_loss,paper_1h_win,pending_4h
2026-06-07T23:28:18.334491+00:00,POPCAT,paper_crowded_momentum_reversal_candidate,short_perp,11.14173689,-1,-0.49593952,0.001647406546,26.47406546,-0.00205617,0.00387044,,0.00205617,-0.00387044,,-0.00001415,-0.00005661,-0.00022646,-6.05390352,-65.74457764,,paper_15m_loss,paper_1h_loss,pending_4h
2026-06-07T23:28:18.334491+00:00,POPCAT,paper_extreme_funding_carry_candidate,long_perp,5.26561275,1,-0.49593952,0.001647406546,26.47406546,-0.00205617,0.00387044,,-0.00205617,0.00387044,,0.00001415,0.00005661,0.00022646,-46.89422740,12.79644672,,paper_15m_loss,paper_1h_win,pending_4h
2026-06-07T23:28:18.334491+00:00,POPCAT,paper_mark_oracle_reversion_candidate,long_perp,7.09166357,1,-0.49593952,0.001647406546,26.47406546,-0.00205617,0.00387044,,-0.00205617,0.00387044,,0.00001415,0.00005661,0.00022646,-46.89422740,12.79644672,,paper_15m_loss,paper_1h_win,pending_4h
2026-06-07T23:28:18.334491+00:00,PROVE,paper_mark_oracle_reversion_candidate,long_perp,6.28184323,1,-0.24850280,0.004471994687,54.71994687,-0.00227046,0.00930336,,-0.00227046,0.00930336,,0.00000709,0.00002837,0.00011347,-77.35364557,38.59729066,,paper_15m_loss,paper_1h_win,pending_4h
2026-06-07T23:28:18.334491+00:00,PUMP,paper_crowded_momentum_continuation_candidate,long_perp,16.36024646,1,-0.03920188,0.001313197636,23.13197636,0.00000000,0.00590551,,0.00000000,0.00590551,,0.00000112,0.00000448,0.00001790,-23.12078861,35.96789275,,paper_15m_loss,paper_1h_win,pending_4h
2026-06-07T23:28:18.334491+00:00,PUMP,paper_crowded_momentum_reversal_candidate,short_perp,13.90620949,-1,-0.03920188,0.001313197636,23.13197636,0.00000000,0.00590551,,-0.00000000,-0.00590551,,-0.00000112,-0.00000448,-0.00001790,-23.14316411,-82.23184547,,paper_15m_loss,paper_1h_loss,pending_4h
2026-06-07T23:28:18.334491+00:00,PURR,paper_crowded_momentum_continuation_candidate,long_perp,19.25122603,1,2.12297374,0.012025357820,130.25357820,-0.00252896,0.03402597,,-0.00252896,0.03402597,,-0.00006059,-0.00024235,-0.00096939,-156.14902076,207.58261918,,paper_15m_loss,paper_1h_win,pending_4h
2026-06-07T23:28:18.334491+00:00,PURR,paper_crowded_momentum_reversal_candidate,short_perp,16.36354213,-1,2.12297374,0.012025357820,130.25357820,-0.00252896,0.03402597,,0.00252896,-0.03402597,,0.00006059,0.00024235,0.00096939,-104.35813564,-468.08977558,,paper_15m_loss,paper_1h_loss,pending_4h
2026-06-07T23:28:18.334491+00:00,PURR,paper_extreme_funding_carry_candidate,short_perp,17.90767648,-1,2.12297374,0.012025357820,130.25357820,-0.00252896,0.03402597,,0.00252896,-0.03402597,,0.00006059,0.00024235,0.00096939,-104.35813564,-468.08977558,,paper_15m_loss,paper_1h_loss,pending_4h
2026-06-07T23:28:18.334491+00:00,PURR,paper_mark_oracle_reversion_candidate,short_perp,12.10466568,-1,2.12297374,0.012025357820,130.25357820,-0.00252896,0.03402597,,0.00252896,-0.03402597,,0.00006059,0.00024235,0.00096939,-104.35813564,-468.08977558,,paper_15m_loss,paper_1h_loss,pending_4h
2026-06-07T23:28:18.334491+00:00,PYTH,paper_mark_oracle_reversion_candidate,long_perp,5.67356230,1,0.10950000,0.001667453201,26.67453201,0.00050303,0.00113183,,0.00050303,0.00113183,,-0.00000313,-0.00001250,-0.00005000,-21.67544278,-15.48126873,,paper_15m_loss,paper_1h_loss,pending_4h
2026-06-07T23:28:18.334491+00:00,RESOLV,paper_mark_oracle_reversion_candidate,long_perp,4.26847965,1,0.10950000,0.003581784070,45.81784070,-0.00448813,-0.00272696,,-0.00448813,-0.00272696,,-0.00000313,-0.00001250,-0.00005000,-90.73035419,-73.21246915,,paper_15m_loss,paper_1h_loss,pending_4h
2026-06-07T23:28:18.334491+00:00,RUNE,paper_crowded_momentum_continuation_candidate,long_perp,14.90684782,1,0.10950000,0.002006922428,30.06922428,0.00005805,0.00493412,,0.00005805,0.00493412,,-0.00000313,-0.00001250,-0.00005000,-29.51999016,19.14692624,,paper_15m_loss,paper_1h_win,pending_4h
2026-06-07T23:28:18.334491+00:00,RUNE,paper_crowded_momentum_reversal_candidate,short_perp,12.67082065,-1,0.10950000,0.002006922428,30.06922428,0.00005805,0.00493412,,-0.00005805,-0.00493412,,0.00000313,0.00001250,0.00005000,-30.61845840,-79.28537480,,paper_15m_loss,paper_1h_loss,pending_4h
2026-06-07T23:28:18.334491+00:00,RUNE,paper_mark_oracle_reversion_candidate,long_perp,7.57074969,1,0.10950000,0.002006922428,30.06922428,0.00005805,0.00493412,,0.00005805,0.00493412,,-0.00000313,-0.00001250,-0.00005000,-29.51999016,19.14692624,,paper_15m_loss,paper_1h_win,pending_4h
2026-06-07T23:28:18.334491+00:00,S,paper_mark_oracle_reversion_candidate,long_perp,6.77191505,1,0.04452445,0.001711294544,27.11294544,-0.00342385,0.00043637,,-0.00342385,0.00043637,,-0.00000127,-0.00000508,-0.00002033,-61.36418060,-22.80003842,,paper_15m_loss,paper_1h_loss,pending_4h
2026-06-07T23:28:18.334491+00:00,SAND,paper_mark_oracle_reversion_candidate,long_perp,6.94767697,1,0.10950000,0.001815705856,28.15705856,0.00005668,0.00423208,,0.00005668,0.00423208,,-0.00000313,-0.00001250,-0.00005000,-27.62151153,14.03878635,,paper_15m_loss,paper_1h_win,pending_4h
2026-06-07T23:28:18.334491+00:00,SEI,paper_crowded_momentum_continuation_candidate,long_perp,13.27004563,1,-0.25969195,0.001048683096,20.48683096,-0.00125058,0.00260201,,-0.00125058,0.00260201,,0.00000741,0.00002965,0.00011858,-32.91851702,5.82975134,,paper_15m_loss,paper_1h_win,pending_4h
2026-06-07T23:28:18.334491+00:00,SEI,paper_crowded_momentum_reversal_candidate,short_perp,11.27953878,-1,-0.25969195,0.001048683096,20.48683096,-0.00125058,0.00260201,,0.00125058,-0.00260201,,-0.00000741,-0.00002965,-0.00011858,-8.05514490,-46.80341326,,paper_15m_loss,paper_1h_loss,pending_4h
2026-06-07T23:28:18.334491+00:00,SEI,paper_mark_oracle_reversion_candidate,long_perp,7.46842836,1,-0.25969195,0.001048683096,20.48683096,-0.00125058,0.00260201,,-0.00125058,0.00260201,,0.00000741,0.00002965,0.00011858,-32.91851702,5.82975134,,paper_15m_loss,paper_1h_win,pending_4h
2026-06-07T23:28:18.334491+00:00,SNX,paper_extreme_funding_carry_candidate,long_perp,5.62203560,1,-0.40317988,0.001799370220,27.99370220,0.00114445,0.00649881,,0.00114445,0.00649881,,0.00001151,0.00004603,0.00018410,-16.43418592,37.45469562,,paper_15m_loss,paper_1h_win,pending_4h
2026-06-07T23:28:18.334491+00:00,SNX,paper_mark_oracle_reversion_candidate,long_perp,8.78606685,1,-0.40317988,0.001799370220,27.99370220,0.00114445,0.00649881,,0.00114445,0.00649881,,0.00001151,0.00004603,0.00018410,-16.43418592,37.45469562,,paper_15m_loss,paper_1h_win,pending_4h
2026-06-07T23:28:18.334491+00:00,SOL,paper_crowded_momentum_continuation_candidate,long_perp,13.42895409,1,-0.12698934,0.000021144044,10.21144044,-0.00164357,0.00303081,,-0.00164357,0.00303081,,0.00000362,0.00001450,0.00005799,-26.61091143,20.24158107,,paper_15m_loss,paper_1h_win,pending_4h
2026-06-07T23:28:18.334491+00:00,SOL,paper_crowded_momentum_reversal_candidate,short_perp,11.41461098,-1,-0.12698934,0.000021144044,10.21144044,-0.00164357,0.00303081,,0.00164357,-0.00303081,,-0.00000362,-0.00001450,-0.00005799,6.18803055,-40.66446195,,paper_15m_win,paper_1h_loss,pending_4h
2026-06-07T23:28:18.334491+00:00,SPX,paper_crowded_momentum_continuation_candidate,long_perp,15.25496762,1,-0.34058792,0.001573613646,25.73613646,-0.00132283,0.00390551,,-0.00132283,0.00390551,,0.00000972,0.00003888,0.00015552,-38.86728317,13.70778065,,paper_15m_loss,paper_1h_win,pending_4h
2026-06-07T23:28:18.334491+00:00,SPX,paper_crowded_momentum_reversal_candidate,short_perp,12.96672247,-1,-0.34058792,0.001573613646,25.73613646,-0.00132283,0.00390551,,0.00132283,-0.00390551,,-0.00000972,-0.00003888,-0.00015552,-12.60498975,-65.18005357,,paper_15m_loss,paper_1h_loss,pending_4h
2026-06-07T23:28:18.334491+00:00,SPX,paper_mark_oracle_reversion_candidate,long_perp,7.71029615,1,-0.34058792,0.001573613646,25.73613646,-0.00132283,0.00390551,,-0.00132283,0.00390551,,0.00000972,0.00003888,0.00015552,-38.86728317,13.70778065,,paper_15m_loss,paper_1h_win,pending_4h
2026-06-07T23:28:18.334491+00:00,STABLE,paper_extreme_funding_carry_candidate,long_perp,34.40076100,1,-5.34804482,0.002457875566,34.57875566,-0.00062217,-0.00148135,,-0.00062217,-0.00148135,,0.00015263,0.00061051,0.00244203,-39.27415635,-43.28717972,,paper_15m_loss,paper_1h_loss,pending_4h
2026-06-07T23:28:18.334491+00:00,STABLE,paper_mark_oracle_reversion_candidate,long_perp,12.39364108,1,-5.34804482,0.002457875566,34.57875566,-0.00062217,-0.00148135,,-0.00062217,-0.00148135,,0.00015263,0.00061051,0.00244203,-39.27415635,-43.28717972,,paper_15m_loss,paper_1h_loss,pending_4h
2026-06-07T23:28:18.334491+00:00,STBL,paper_crowded_momentum_continuation_candidate,long_perp,22.16495431,1,0.10950000,0.003961965135,49.61965135,-0.00075173,-0.00929773,,-0.00075173,-0.00929773,,-0.00000313,-0.00001250,-0.00005000,-57.16821094,-142.72190160,,paper_15m_loss,paper_1h_loss,pending_4h
2026-06-07T23:28:18.334491+00:00,STBL,paper_crowded_momentum_reversal_candidate,short_perp,18.84021116,-1,0.10950000,0.003961965135,49.61965135,-0.00075173,-0.00929773,,0.00075173,0.00929773,,0.00000313,0.00001250,0.00005000,-42.07109176,43.48259890,,paper_15m_loss,paper_1h_win,pending_4h
2026-06-07T23:28:18.334491+00:00,STBL,paper_mark_oracle_reversion_candidate,short_perp,10.29964628,-1,0.10950000,0.003961965135,49.61965135,-0.00075173,-0.00929773,,0.00075173,0.00929773,,0.00000313,0.00001250,0.00005000,-42.07109176,43.48259890,,paper_15m_loss,paper_1h_win,pending_4h
2026-06-07T23:28:18.334491+00:00,STRK,paper_crowded_momentum_continuation_candidate,long_perp,14.89651616,1,-0.16874038,0.001184834123,21.84834123,-0.00118343,0.00059172,,-0.00118343,0.00059172,,0.00000482,0.00001926,0.00007705,-33.63450426,-15.73855546,,paper_15m_loss,paper_1h_loss,pending_4h
2026-06-07T23:28:18.334491+00:00,STRK,paper_crowded_momentum_reversal_candidate,short_perp,12.66203873,-1,-0.16874038,0.001184834123,21.84834123,-0.00118343,0.00059172,,0.00118343,-0.00059172,,-0.00000482,-0.00001926,-0.00007705,-10.06217820,-27.95812700,,paper_15m_loss,paper_1h_loss,pending_4h
2026-06-07T23:28:18.334491+00:00,SUI,paper_crowded_momentum_continuation_candidate,long_perp,11.78774880,1,0.10950000,0.000369925090,13.69925090,0.00023721,0.00205582,,0.00023721,0.00205582,,-0.00000313,-0.00001250,-0.00005000,-11.35839684,6.73398425,,paper_15m_loss,paper_1h_win,pending_4h
2026-06-07T23:28:18.334491+00:00,SUI,paper_crowded_momentum_reversal_candidate,short_perp,10.01958648,-1,0.10950000,0.000369925090,13.69925090,0.00023721,0.00205582,,-0.00023721,-0.00205582,,0.00000313,0.00001250,0.00005000,-16.04010496,-34.13248605,,paper_15m_loss,paper_1h_loss,pending_4h
2026-06-07T23:28:18.334491+00:00,SUSHI,paper_extreme_funding_carry_candidate,long_perp,3.02004022,1,-0.41996754,0.002396959953,33.96959953,-0.00110936,0.00642261,,-0.00110936,0.00642261,,0.00001199,0.00004794,0.00019177,-44.94334069,30.73589126,,paper_15m_loss,paper_1h_win,pending_4h
2026-06-07T23:28:18.334491+00:00,SUSHI,paper_mark_oracle_reversion_candidate,long_perp,5.53187090,1,-0.41996754,0.002396959953,33.96959953,-0.00110936,0.00642261,,-0.00110936,0.00642261,,0.00001199,0.00004794,0.00019177,-44.94334069,30.73589126,,paper_15m_loss,paper_1h_win,pending_4h
2026-06-07T23:28:18.334491+00:00,TAO,paper_crowded_momentum_continuation_candidate,long_perp,19.29834863,1,0.09657550,0.000580986740,15.80986740,0.00271892,0.00595350,,0.00271892,0.00595350,,-0.00000276,-0.00001102,-0.00004410,11.35177042,43.61485753,,paper_15m_win,paper_1h_win,pending_4h
2026-06-07T23:28:18.334491+00:00,TAO,paper_crowded_momentum_reversal_candidate,short_perp,16.40359634,-1,0.09657550,0.000580986740,15.80986740,0.00271892,0.00595350,,-0.00271892,-0.00595350,,0.00000276,0.00001102,0.00004410,-42.97150522,-75.23459233,,paper_15m_loss,paper_1h_loss,pending_4h
2026-06-07T23:28:18.334491+00:00,TIA,paper_crowded_momentum_continuation_candidate,long_perp,11.99272971,1,0.10950000,0.001635991820,26.35991820,-0.00370731,-0.00050269,,-0.00370731,-0.00050269,,-0.00000313,-0.00001250,-0.00005000,-63.46427763,-31.51178050,,paper_15m_loss,paper_1h_loss,pending_4h
2026-06-07T23:28:18.334491+00:00,TIA,paper_crowded_momentum_reversal_candidate,short_perp,10.19382026,-1,0.10950000,0.001635991820,26.35991820,-0.00370731,-0.00050269,,0.00370731,0.00050269,,0.00000313,0.00001250,0.00005000,10.74444123,-21.20805590,,paper_15m_win,paper_1h_loss,pending_4h
2026-06-07T23:28:18.334491+00:00,TRUMP,paper_crowded_momentum_continuation_candidate,long_perp,14.33437063,1,-0.48380867,0.000885835668,18.85835668,-0.00162484,-0.00276825,,-0.00162484,-0.00276825,,0.00001381,0.00005523,0.00022092,-34.96870372,-45.98855751,,paper_15m_loss,paper_1h_loss,pending_4h
2026-06-07T23:28:18.334491+00:00,TRUMP,paper_crowded_momentum_reversal_candidate,short_perp,12.18421503,-1,-0.48380867,0.000885835668,18.85835668,-0.00162484,-0.00276825,,0.00162484,0.00276825,,-0.00001381,-0.00005523,-0.00022092,-2.74800964,8.27184415,,paper_15m_loss,paper_1h_win,pending_4h
2026-06-07T23:28:18.334491+00:00,TRUMP,paper_extreme_funding_carry_candidate,long_perp,7.19424862,1,-0.48380867,0.000885835668,18.85835668,-0.00162484,-0.00276825,,-0.00162484,-0.00276825,,0.00001381,0.00005523,0.00022092,-34.96870372,-45.98855751,,paper_15m_loss,paper_1h_loss,pending_4h
2026-06-07T23:28:18.334491+00:00,TRX,paper_extreme_funding_carry_candidate,long_perp,7.59880755,1,-0.66155870,0.000487677703,14.87677703,0.00058273,0.00082809,,0.00058273,0.00082809,,0.00001888,0.00007552,0.00030208,-8.86064893,-5.84063453,,paper_15m_loss,paper_1h_loss,pending_4h
2026-06-07T23:28:18.334491+00:00,VIRTUAL,paper_crowded_momentum_continuation_candidate,long_perp,14.41438827,1,-0.28831000,0.000986995896,19.86995896,-0.00212725,0.00754051,,-0.00212725,0.00754051,,0.00000823,0.00003291,0.00013165,-41.06022675,55.86429167,,paper_15m_loss,paper_1h_win,pending_4h
2026-06-07T23:28:18.334491+00:00,VIRTUAL,paper_crowded_momentum_reversal_candidate,short_perp,12.25223003,-1,-0.28831000,0.000986995896,19.86995896,-0.00212725,0.00754051,,0.00212725,-0.00754051,,-0.00000823,-0.00003291,-0.00013165,1.32030883,-95.60420959,,paper_15m_win,paper_1h_loss,pending_4h
2026-06-07T23:28:18.334491+00:00,W,paper_mark_oracle_reversion_candidate,long_perp,7.34258525,1,-0.21491959,0.003144654088,41.44654088,-0.00313808,0.00000000,,-0.00313808,0.00000000,,0.00000613,0.00002453,0.00009814,-72.76595852,-41.20119888,,paper_15m_loss,paper_1h_loss,pending_4h
2026-06-07T23:28:18.334491+00:00,WLD,paper_crowded_momentum_continuation_candidate,long_perp,20.46682881,1,0.10950000,0.000788525883,17.88525883,-0.00435522,0.01897174,,-0.00435522,0.01897174,,-0.00000313,-0.00001250,-0.00005000,-61.46866519,171.70718328,,paper_15m_loss,paper_1h_win,pending_4h
2026-06-07T23:28:18.334491+00:00,WLD,paper_crowded_momentum_reversal_candidate,short_perp,17.39680449,-1,0.10950000,0.000788525883,17.88525883,-0.00435522,0.01897174,,0.00435522,-0.01897174,,0.00000313,0.00001250,0.00005000,25.69814753,-207.47770094,,paper_15m_win,paper_1h_loss,pending_4h
2026-06-07T23:28:18.334491+00:00,XMR,paper_extreme_funding_carry_candidate,short_perp,10.41372250,-1,0.87418493,0.001445949048,24.45949048,0.00531845,-0.00085358,,-0.00531845,0.00085358,,0.00002495,0.00009979,0.00039917,-77.39451275,-14.92577784,,paper_15m_loss,paper_1h_loss,pending_4h
2026-06-07T23:28:18.334491+00:00,XMR,paper_mark_oracle_reversion_candidate,short_perp,9.67280631,-1,0.87418493,0.001445949048,24.45949048,0.00531845,-0.00085358,,-0.00531845,0.00085358,,0.00002495,0.00009979,0.00039917,-77.39451275,-14.92577784,,paper_15m_loss,paper_1h_loss,pending_4h
2026-06-07T23:28:18.334491+00:00,XPL,paper_crowded_momentum_continuation_candidate,long_perp,12.26433725,1,0.10950000,0.001512837507,25.12837507,0.00317447,0.00486270,,0.00317447,0.00486270,,-0.00000313,-0.00001250,-0.00005000,6.58503245,23.37366849,,paper_15m_win,paper_1h_win,pending_4h
2026-06-07T23:28:18.334491+00:00,XPL,paper_crowded_momentum_reversal_candidate,short_perp,10.42468666,-1,0.10950000,0.001512837507,25.12837507,0.00317447,0.00486270,,-0.00317447,-0.00486270,,0.00000313,0.00001250,0.00005000,-56.84178259,-73.63041863,,paper_15m_loss,paper_1h_loss,pending_4h
2026-06-07T23:28:18.334491+00:00,XRP,paper_crowded_momentum_continuation_candidate,long_perp,12.94704324,1,-0.06298265,0.000166875621,11.66875621,-0.00198601,0.00000000,,-0.00198601,0.00000000,,0.00000180,0.00000719,0.00002876,-31.51089742,-11.59685821,,paper_15m_loss,paper_1h_loss,pending_4h
2026-06-07T23:28:18.334491+00:00,XRP,paper_crowded_momentum_reversal_candidate,short_perp,11.00498676,-1,-0.06298265,0.000166875621,11.66875621,-0.00198601,0.00000000,,0.00198601,-0.00000000,,-0.00000180,-0.00000719,-0.00002876,8.17338500,-11.74065421,,paper_15m_win,paper_1h_loss,pending_4h
2026-06-07T23:28:18.334491+00:00,ZEC,paper_crowded_momentum_continuation_candidate,long_perp,33.58463595,1,-0.60676052,0.000549499267,15.49499267,-0.00070383,-0.00365535,,-0.00070383,-0.00365535,,0.00001732,0.00006926,0.00027706,-22.36008675,-51.35586848,,paper_15m_loss,paper_1h_loss,pending_4h
2026-06-07T23:28:18.334491+00:00,ZEC,paper_crowded_momentum_reversal_candidate,short_perp,28.54694056,-1,-0.60676052,0.000549499267,15.49499267,-0.00070383,-0.00365535,,0.00070383,0.00365535,,-0.00001732,-0.00006926,-0.00027706,-8.62989859,20.36588314,,paper_15m_loss,paper_1h_win,pending_4h
2026-06-07T23:28:18.334491+00:00,ZEC,paper_extreme_funding_carry_candidate,long_perp,5.70150837,1,-0.60676052,0.000549499267,15.49499267,-0.00070383,-0.00365535,,-0.00070383,-0.00365535,,0.00001732,0.00006926,0.00027706,-22.36008675,-51.35586848,,paper_15m_loss,paper_1h_loss,pending_4h
2026-06-07T23:28:18.334491+00:00,ZEN,paper_crowded_momentum_continuation_candidate,long_perp,16.46908210,1,-0.38249401,0.001448511983,24.48511983,-0.00388362,0.00035106,,-0.00388362,0.00035106,,0.00001092,0.00004366,0.00017465,-63.21219018,-20.53786321,,paper_15m_loss,paper_1h_loss,pending_4h
2026-06-07T23:28:18.334491+00:00,ZEN,paper_crowded_momentum_reversal_candidate,short_perp,13.99871978,-1,-0.38249401,0.001448511983,24.48511983,-0.00388362,0.00035106,,0.00388362,-0.00035106,,-0.00001092,-0.00004366,-0.00017465,14.24195052,-28.43237645,,paper_15m_win,paper_1h_loss,pending_4h
2026-06-07T23:28:18.334491+00:00,ZEN,paper_extreme_funding_carry_candidate,long_perp,2.88516657,1,-0.38249401,0.001448511983,24.48511983,-0.00388362,0.00035106,,-0.00388362,0.00035106,,0.00001092,0.00004366,0.00017465,-63.21219018,-20.53786321,,paper_15m_loss,paper_1h_loss,pending_4h
2026-06-07T23:28:18.334491+00:00,ZEN,paper_mark_oracle_reversion_candidate,long_perp,5.18447151,1,-0.38249401,0.001448511983,24.48511983,-0.00388362,0.00035106,,-0.00388362,0.00035106,,0.00001092,0.00004366,0.00017465,-63.21219018,-20.53786321,,paper_15m_loss,paper_1h_loss,pending_4h
2026-06-07T23:28:18.334491+00:00,ZK,paper_extreme_funding_carry_candidate,long_perp,7.43513598,1,-0.98310064,0.002401075682,34.01075682,0.00000000,0.00153743,,0.00000000,0.00153743,,0.00002806,0.00011223,0.00044890,-33.73019157,-17.51422850,,paper_15m_loss,paper_1h_loss,pending_4h
2026-06-07T23:28:18.334491+00:00,ZK,paper_mark_oracle_reversion_candidate,long_perp,7.18510995,1,-0.98310064,0.002401075682,34.01075682,0.00000000,0.00153743,,0.00000000,0.00153743,,0.00002806,0.00011223,0.00044890,-33.73019157,-17.51422850,,paper_15m_loss,paper_1h_loss,pending_4h
2026-06-07T23:28:18.334491+00:00,ZORA,paper_mark_oracle_reversion_candidate,long_perp,8.25971031,1,-0.12926519,0.002709707823,37.09707823,0.00000000,0.00152905,,0.00000000,0.00152905,,0.00000369,0.00001476,0.00005903,-37.06018748,-21.65899535,,paper_15m_loss,paper_1h_loss,pending_4h
2026-06-07T23:28:18.334491+00:00,ZRO,paper_extreme_funding_carry_candidate,short_perp,12.37320081,-1,0.66861401,0.000121497288,11.21497288,-0.00492920,0.00127917,,0.00492920,-0.00127917,,0.00001908,0.00007633,0.00030530,38.26788873,-23.24338706,,paper_15m_win,paper_1h_loss,pending_4h
2026-06-07T23:28:18.334491+00:00,kBONK,paper_crowded_momentum_continuation_candidate,long_perp,12.00106901,1,0.10950000,0.000903138406,19.03138406,-0.00225276,-0.00067583,,-0.00225276,-0.00067583,,-0.00000313,-0.00001250,-0.00005000,-41.59023037,-25.91466295,,paper_15m_loss,paper_1h_loss,pending_4h
2026-06-07T23:28:18.334491+00:00,kBONK,paper_crowded_momentum_reversal_candidate,short_perp,10.20090866,-1,0.10950000,0.000903138406,19.03138406,-0.00225276,-0.00067583,,0.00225276,0.00067583,,0.00000313,0.00001250,0.00005000,3.52746225,-12.14810517,,paper_15m_win,paper_1h_loss,pending_4h
2026-06-07T23:28:18.334491+00:00,kLUNC,paper_crowded_momentum_continuation_candidate,long_perp,12.56247863,1,-0.17774566,0.001197604790,21.97604790,-0.00328977,0.00749170,,-0.00328977,0.00749170,,0.00000507,0.00002029,0.00008116,-54.82300959,53.14386621,,paper_15m_loss,paper_1h_win,pending_4h
2026-06-07T23:28:18.334491+00:00,kLUNC,paper_crowded_momentum_reversal_candidate,short_perp,10.67810683,-1,-0.17774566,0.001197604790,21.97604790,-0.00328977,0.00749170,,0.00328977,-0.00749170,,-0.00000507,-0.00002029,-0.00008116,10.87091379,-97.09596201,,paper_15m_win,paper_1h_loss,pending_4h
2026-06-07T23:28:18.334491+00:00,kLUNC,paper_mark_oracle_reversion_candidate,long_perp,5.57681774,1,-0.17774566,0.001197604790,21.97604790,-0.00328977,0.00749170,,-0.00328977,0.00749170,,0.00000507,0.00002029,0.00008116,-54.82300959,53.14386621,,paper_15m_loss,paper_1h_win,pending_4h
2026-06-07T23:28:18.334491+00:00,kNEIRO,paper_mark_oracle_reversion_candidate,long_perp,5.25836528,1,-0.04847872,0.001234758450,22.34758450,-0.00138632,0.00000000,,-0.00138632,0.00000000,,0.00000138,0.00000553,0.00002214,-36.19696552,-22.29224350,,paper_15m_loss,paper_1h_loss,pending_4h
2026-06-07T23:28:18.334491+00:00,kPEPE,paper_crowded_momentum_continuation_candidate,long_perp,12.57421650,1,0.10950000,0.000355998576,13.55998576,-0.00142298,0.00177873,,-0.00142298,0.00177873,,-0.00000313,-0.00001250,-0.00005000,-27.82104721,4.10227856,,paper_15m_loss,paper_1h_win,pending_4h
2026-06-07T23:28:18.334491+00:00,kPEPE,paper_crowded_momentum_reversal_candidate,short_perp,10.68808403,-1,0.10950000,0.000355998576,13.55998576,-0.00142298,0.00177873,,0.00142298,-0.00177873,,0.00000313,0.00001250,0.00005000,0.70107569,-31.22225008,,paper_15m_win,paper_1h_loss,pending_4h
2026-06-08T00:00:33.337355+00:00,2Z,paper_extreme_funding_carry_candidate,long_perp,4.93921662,1,-0.35284229,0.002590416873,35.90416873,0.00713356,0.01447942,,0.00713356,0.01447942,,0.00001007,0.00004028,0.00016112,35.53208848,109.29282184,,paper_15m_win,paper_1h_win,pending_4h
2026-06-08T00:00:33.337355+00:00,2Z,paper_mark_oracle_reversion_candidate,long_perp,8.02164600,1,-0.35284229,0.002590416873,35.90416873,0.00713356,0.01447942,,0.00713356,0.01447942,,0.00001007,0.00004028,0.00016112,35.53208848,109.29282184,,paper_15m_win,paper_1h_win,pending_4h
2026-06-08T00:00:33.337355+00:00,ADA,paper_crowded_momentum_continuation_candidate,long_perp,11.06596716,1,0.09442930,0.000290732889,12.90732889,0.00779015,0.00298217,,0.00779015,0.00298217,,-0.00000269,-0.00001078,-0.00004312,64.96724971,16.80655364,,paper_15m_win,paper_1h_win,pending_4h
2026-06-08T00:00:33.337355+00:00,ADA,paper_crowded_momentum_reversal_candidate,short_perp,9.40607208,-1,0.09442930,0.000290732889,12.90732889,0.00779015,0.00298217,,-0.00779015,-0.00298217,,0.00000269,0.00001078,0.00004312,-90.78190749,-42.62121142,,paper_15m_loss,paper_1h_loss,pending_4h
2026-06-08T00:00:33.337355+00:00,AERO,paper_crowded_momentum_continuation_candidate,long_perp,17.72451438,1,-0.61537598,0.002059523810,30.59523810,0.00617100,0.01332578,,0.00617100,0.01332578,,0.00001756,0.00007025,0.00028099,31.29037574,103.36505653,,paper_15m_win,paper_1h_win,pending_4h
2026-06-08T00:00:33.337355+00:00,AERO,paper_crowded_momentum_reversal_candidate,short_perp,15.06583722,-1,-0.61537598,0.002059523810,30.59523810,0.00617100,0.01332578,,-0.00617100,-0.01332578,,-0.00001756,-0.00007025,-0.00028099,-92.48085194,-164.55553273,,paper_15m_loss,paper_1h_loss,pending_4h
2026-06-08T00:00:33.337355+00:00,AERO,paper_extreme_funding_carry_candidate,long_perp,11.18870788,1,-0.61537598,0.002059523810,30.59523810,0.00617100,0.01332578,,0.00617100,0.01332578,,0.00001756,0.00007025,0.00028099,31.29037574,103.36505653,,paper_15m_win,paper_1h_win,pending_4h
2026-06-08T00:00:33.337355+00:00,AERO,paper_mark_oracle_reversion_candidate,long_perp,12.36782201,1,-0.61537598,0.002059523810,30.59523810,0.00617100,0.01332578,,0.00617100,0.01332578,,0.00001756,0.00007025,0.00028099,31.29037574,103.36505653,,paper_15m_win,paper_1h_win,pending_4h
2026-06-08T00:00:33.337355+00:00,AIXBT,paper_crowded_momentum_continuation_candidate,long_perp,10.38667087,1,0.03093068,0.002174109974,31.74109974,-0.00022688,0.00426536,,-0.00022688,0.00426536,,-0.00000088,-0.00000353,-0.00001412,-34.01873541,10.87718959,,paper_15m_loss,paper_1h_win,pending_4h
2026-06-08T00:00:33.337355+00:00,AIXBT,paper_crowded_momentum_reversal_candidate,short_perp,8.82867024,-1,0.03093068,0.002174109974,31.74109974,-0.00022688,0.00426536,,0.00022688,-0.00426536,,0.00000088,0.00000353,0.00001412,-29.46346407,-74.35938907,,paper_15m_loss,paper_1h_loss,pending_4h
2026-06-08T00:00:33.337355+00:00,AIXBT,paper_mark_oracle_reversion_candidate,long_perp,4.62096754,1,0.03093068,0.002174109974,31.74109974,-0.00022688,0.00426536,,-0.00022688,0.00426536,,-0.00000088,-0.00000353,-0.00001412,-34.01873541,10.87718959,,paper_15m_loss,paper_1h_win,pending_4h
2026-06-08T00:00:33.337355+00:00,ALT,paper_mark_oracle_reversion_candidate,long_perp,5.49685778,1,-0.11283668,0.001761183515,27.61183515,0.00176678,0.01236749,,0.00176678,0.01236749,,0.00000322,0.00001288,0.00005152,-9.91178838,96.19188551,,paper_15m_loss,paper_1h_win,pending_4h
2026-06-08T00:00:33.337355+00:00,APE,paper_mark_oracle_reversion_candidate,long_perp,6.28761322,1,0.10950000,0.003052805281,40.52805281,-0.00033209,0.01046077,,-0.00033209,0.01046077,,-0.00000313,-0.00001250,-0.00005000,-43.88018284,63.95466824,,paper_15m_loss,paper_1h_win,pending_4h
2026-06-08T00:00:33.337355+00:00,AR,paper_crowded_momentum_continuation_candidate,long_perp,11.41849008,1,0.10950000,0.001713623305,27.13623305,0.00308424,0.01481444,,0.00308424,0.01481444,,-0.00000313,-0.00001250,-0.00005000,3.67486704,120.88316982,,paper_15m_win,paper_1h_win,pending_4h
2026-06-08T00:00:33.337355+00:00,AR,paper_crowded_momentum_reversal_candidate,short_perp,9.70571657,-1,0.10950000,0.001713623305,27.13623305,0.00308424,0.01481444,,-0.00308424,-0.01481444,,0.00000313,0.00001250,0.00005000,-57.94733314,-175.15563592,,paper_15m_loss,paper_1h_loss,pending_4h
2026-06-08T00:00:33.337355+00:00,ATOM,paper_crowded_momentum_continuation_candidate,long_perp,15.39576821,1,0.10950000,0.001983663944,29.83663944,0.00432673,0.01069988,,0.00432673,0.01069988,,-0.00000313,-0.00001250,-0.00005000,13.39937361,77.03713271,,paper_15m_win,paper_1h_win,pending_4h
2026-06-08T00:00:33.337355+00:00,ATOM,paper_crowded_momentum_reversal_candidate,short_perp,13.08640297,-1,0.10950000,0.001983663944,29.83663944,0.00432673,0.01069988,,-0.00432673,-0.01069988,,0.00000313,0.00001250,0.00005000,-73.07265249,-136.71041159,,paper_15m_loss,paper_1h_loss,pending_4h
2026-06-08T00:00:33.337355+00:00,BABY,paper_extreme_funding_carry_candidate,long_perp,9.86375824,1,-1.61873500,0.002639472106,36.39472106,0.00337693,0.07619574,,0.00337693,0.07619574,,0.00004620,0.00018479,0.00073915,-2.16348948,727.41053927,,paper_15m_loss,paper_1h_win,pending_4h
2026-06-08T00:00:33.337355+00:00,BABY,paper_mark_oracle_reversion_candidate,long_perp,5.08780983,1,-1.61873500,0.002639472106,36.39472106,0.00337693,0.07619574,,0.00337693,0.07619574,,0.00004620,0.00018479,0.00073915,-2.16348948,727.41053927,,paper_15m_loss,paper_1h_win,pending_4h
2026-06-08T00:00:33.337355+00:00,BCH,paper_crowded_momentum_continuation_candidate,long_perp,13.32094879,1,0.10950000,0.000756061528,17.56061528,0.00196044,0.00209114,,0.00196044,0.00209114,,-0.00000313,-0.00001250,-0.00005000,2.01256096,3.22577271,,paper_15m_win,paper_1h_win,pending_4h
2026-06-08T00:00:33.337355+00:00,BCH,paper_crowded_momentum_reversal_candidate,short_perp,11.32280648,-1,0.10950000,0.000756061528,17.56061528,0.00196044,0.00209114,,-0.00196044,-0.00209114,,0.00000313,0.00001250,0.00005000,-37.13379152,-38.34700327,,paper_15m_loss,paper_1h_loss,pending_4h
2026-06-08T00:00:33.337355+00:00,BIO,paper_crowded_momentum_continuation_candidate,long_perp,15.80745582,1,0.01563923,0.001525796608,25.25796608,0.00291722,0.00697286,,0.00291722,0.00697286,,-0.00000045,-0.00000179,-0.00000714,3.90972194,44.45273761,,paper_15m_win,paper_1h_win,pending_4h
2026-06-08T00:00:33.337355+00:00,BIO,paper_crowded_momentum_reversal_candidate,short_perp,13.43633745,-1,0.01563923,0.001525796608,25.25796608,0.00291722,0.00697286,,-0.00291722,-0.00697286,,0.00000045,0.00000179,0.00000714,-54.42565410,-94.96866977,,paper_15m_loss,paper_1h_loss,pending_4h
2026-06-08T00:00:33.337355+00:00,BNB,paper_crowded_momentum_continuation_candidate,long_perp,13.42994388,1,0.10950000,0.000148922792,11.48922792,0.00362487,0.00109243,,0.00362487,0.00109243,,-0.00000313,-0.00001250,-0.00005000,24.72819793,-0.68996945,,paper_15m_win,paper_1h_loss,pending_4h
2026-06-08T00:00:33.337355+00:00,BNB,paper_crowded_momentum_reversal_candidate,short_perp,11.41545230,-1,0.10950000,0.000148922792,11.48922792,0.00362487,0.00109243,,-0.00362487,-0.00109243,,0.00000313,0.00001250,0.00005000,-47.70665377,-22.28848639,,paper_15m_loss,paper_1h_loss,pending_4h
2026-06-08T00:00:33.337355+00:00,BRETT,paper_extreme_funding_carry_candidate,long_perp,3.25147625,1,-0.52088362,0.003162888772,41.62888772,0.00388487,0.00618047,,0.00388487,0.00618047,,0.00001487,0.00005946,0.00023785,-2.63156693,20.77042544,,paper_15m_loss,paper_1h_win,pending_4h
2026-06-08T00:00:33.337355+00:00,BRETT,paper_mark_oracle_reversion_candidate,long_perp,6.01623218,1,-0.52088362,0.003162888772,41.62888772,0.00388487,0.00618047,,0.00388487,0.00618047,,0.00001487,0.00005946,0.00023785,-2.63156693,20.77042544,,paper_15m_loss,paper_1h_win,pending_4h
2026-06-08T00:00:33.337355+00:00,BSV,paper_mark_oracle_reversion_candidate,long_perp,7.21143493,1,0.10950000,0.003783269175,47.83269175,0.00033214,0.00672590,,0.00033214,0.00672590,,-0.00000313,-0.00001250,-0.00005000,-44.54251021,19.30129687,,paper_15m_loss,paper_1h_win,pending_4h
2026-06-08T00:00:33.337355+00:00,CFX,paper_crowded_momentum_continuation_candidate,long_perp,12.78844195,1,0.10950000,0.002368844265,33.68844265,0.01018694,0.01350261,,0.01018694,0.01350261,,-0.00000313,-0.00001250,-0.00005000,68.14973125,101.21262458,,paper_15m_win,paper_1h_win,pending_4h
2026-06-08T00:00:33.337355+00:00,CFX,paper_crowded_momentum_reversal_candidate,short_perp,10.87017566,-1,0.10950000,0.002368844265,33.68844265,0.01018694,0.01350261,,-0.01018694,-0.01350261,,0.00000313,0.00001250,0.00005000,-135.52661655,-168.58950988,,paper_15m_loss,paper_1h_loss,pending_4h
2026-06-08T00:00:33.337355+00:00,CFX,paper_mark_oracle_reversion_candidate,short_perp,8.17781273,-1,0.10950000,0.002368844265,33.68844265,0.01018694,0.01350261,,-0.01018694,-0.01350261,,0.00000313,0.00001250,0.00005000,-135.52661655,-168.58950988,,paper_15m_loss,paper_1h_loss,pending_4h
2026-06-08T00:00:33.337355+00:00,CRV,paper_crowded_momentum_continuation_candidate,long_perp,11.66806347,1,0.10950000,0.000864699898,18.64699898,-0.00015236,0.00441849,,-0.00015236,0.00441849,,-0.00000313,-0.00001250,-0.00005000,-20.20186503,25.41286643,,paper_15m_loss,paper_1h_win,pending_4h
2026-06-08T00:00:33.337355+00:00,CRV,paper_crowded_momentum_reversal_candidate,short_perp,9.91785395,-1,0.10950000,0.000864699898,18.64699898,-0.00015236,0.00441849,,0.00015236,-0.00441849,,0.00000313,0.00001250,0.00005000,-17.09213293,-62.70686439,,paper_15m_loss,paper_1h_loss,pending_4h
2026-06-08T00:00:33.337355+00:00,DASH,paper_crowded_momentum_continuation_candidate,long_perp,19.22333253,1,0.10950000,0.001616418698,26.16418698,0.00450463,-0.00075982,,0.00450463,-0.00075982,,-0.00000313,-0.00001250,-0.00005000,18.85083042,-33.88735257,,paper_15m_win,paper_1h_loss,pending_4h
2026-06-08T00:00:33.337355+00:00,DASH,paper_crowded_momentum_reversal_candidate,short_perp,16.33983265,-1,0.10950000,0.001616418698,26.16418698,0.00450463,-0.00075982,,-0.00450463,0.00075982,,0.00000313,0.00001250,0.00005000,-71.17920438,-18.44102139,,paper_15m_loss,paper_1h_loss,pending_4h
2026-06-08T00:00:33.337355+00:00,DOGE,paper_crowded_momentum_continuation_candidate,long_perp,11.85777417,1,0.10950000,0.000278441655,12.78441655,0.00392253,0.00401564,,0.00392253,0.00401564,,-0.00000313,-0.00001250,-0.00005000,26.40960523,27.24701896,,paper_15m_win,paper_1h_win,pending_4h
2026-06-08T00:00:33.337355+00:00,DOGE,paper_crowded_momentum_reversal_candidate,short_perp,10.07910805,-1,0.10950000,0.000278441655,12.78441655,0.00392253,0.00401564,,-0.00392253,-0.00401564,,0.00000313,0.00001250,0.00005000,-51.97843833,-52.81585206,,paper_15m_loss,paper_1h_loss,pending_4h
2026-06-08T00:00:33.337355+00:00,DOOD,paper_mark_oracle_reversion_candidate,short_perp,3.98139184,-1,0.10950000,0.004968944099,59.68944099,0.00562149,0.02061212,,-0.00562149,-0.02061212,,0.00000313,0.00001250,0.00005000,-115.87305670,-265.68561526,,paper_15m_loss,paper_1h_loss,pending_4h
2026-06-08T00:00:33.337355+00:00,DYDX,paper_crowded_momentum_continuation_candidate,long_perp,17.40004238,1,0.10950000,0.002829537612,38.29537612,-0.00491180,-0.00518852,,-0.00491180,-0.00518852,,-0.00000313,-0.00001250,-0.00005000,-87.44457839,-90.30553696,,paper_15m_loss,paper_1h_loss,pending_4h
2026-06-08T00:00:33.337355+00:00,DYDX,paper_crowded_momentum_reversal_candidate,short_perp,14.79003602,-1,0.10950000,0.002829537612,38.29537612,-0.00491180,-0.00518852,,0.00491180,0.00518852,,0.00000313,0.00001250,0.00005000,10.85382615,13.71478472,,paper_15m_win,paper_1h_win,pending_4h
2026-06-08T00:00:33.337355+00:00,EIGEN,paper_crowded_momentum_continuation_candidate,long_perp,20.41564146,1,0.10950000,0.001668520578,26.68520578,0.01228364,0.02791736,,0.01228364,0.02791736,,-0.00000313,-0.00001250,-0.00005000,96.11994846,252.36344023,,paper_15m_win,paper_1h_win,pending_4h
2026-06-08T00:00:33.337355+00:00,EIGEN,paper_crowded_momentum_reversal_candidate,short_perp,17.35329524,-1,0.10950000,0.001668520578,26.68520578,0.01228364,0.02791736,,-0.01228364,-0.02791736,,0.00000313,0.00001250,0.00005000,-149.49036002,-305.73385179,,paper_15m_loss,paper_1h_loss,pending_4h
2026-06-08T00:00:33.337355+00:00,ETH,paper_crowded_momentum_continuation_candidate,long_perp,14.92150076,1,0.10950000,0.000083019539,10.83019539,0.00723778,0.00474608,,0.00723778,0.00474608,,-0.00000313,-0.00001250,-0.00005000,61.51634293,36.50564941,,paper_15m_win,paper_1h_win,pending_4h
2026-06-08T00:00:33.337355+00:00,ETH,paper_crowded_momentum_reversal_candidate,short_perp,12.68327564,-1,0.10950000,0.000083019539,10.83019539,0.00723778,0.00474608,,-0.00723778,-0.00474608,,0.00000313,0.00001250,0.00005000,-83.17673371,-58.16604019,,paper_15m_loss,paper_1h_loss,pending_4h
2026-06-08T00:00:33.337355+00:00,FARTCOIN,paper_crowded_momentum_continuation_candidate,long_perp,16.94533694,1,0.10950000,0.001213592233,22.13592233,0.00443594,0.01043751,,0.00443594,0.01043751,,-0.00000313,-0.00001250,-0.00005000,22.19222577,82.11413203,,paper_15m_win,paper_1h_win,pending_4h
2026-06-08T00:00:33.337355+00:00,FARTCOIN,paper_crowded_momentum_reversal_candidate,short_perp,14.40353640,-1,0.10950000,0.001213592233,22.13592233,0.00443594,0.01043751,,-0.00443594,-0.01043751,,0.00000313,0.00001250,0.00005000,-66.46407043,-126.38597669,,paper_15m_loss,paper_1h_loss,pending_4h
2026-06-08T00:00:33.337355+00:00,FET,paper_crowded_momentum_continuation_candidate,long_perp,13.30086051,1,0.10950000,0.001070749290,20.70749290,0.00249976,0.00292425,,0.00249976,0.00292425,,-0.00000313,-0.00001250,-0.00005000,4.25889883,8.41003139,,paper_15m_win,paper_1h_win,pending_4h
2026-06-08T00:00:33.337355+00:00,FET,paper_crowded_momentum_reversal_candidate,short_perp,11.30573143,-1,0.10950000,0.001070749290,20.70749290,0.00249976,0.00292425,,-0.00249976,-0.00292425,,0.00000313,0.00001250,0.00005000,-45.67388463,-49.82501719,,paper_15m_loss,paper_1h_loss,pending_4h
2026-06-08T00:00:33.337355+00:00,FIL,paper_crowded_momentum_continuation_candidate,long_perp,12.59211746,1,0.10950000,0.001915684016,29.15684016,0.00264804,0.00791817,,0.00264804,0.00791817,,-0.00000313,-0.00001250,-0.00005000,-2.70765193,49.89986238,,paper_15m_loss,paper_1h_win,pending_4h
2026-06-08T00:00:33.337355+00:00,FIL,paper_crowded_momentum_reversal_candidate,short_perp,10.70329984,-1,0.10950000,0.001915684016,29.15684016,0.00264804,0.00791817,,-0.00264804,-0.00791817,,0.00000313,0.00001250,0.00005000,-55.60602839,-108.21354270,,paper_15m_loss,paper_1h_loss,pending_4h
2026-06-08T00:00:33.337355+00:00,HYPE,paper_crowded_momentum_continuation_candidate,long_perp,13.30513375,1,0.10950000,0.000363338022,13.63338022,0.02432653,0.01284547,,0.02432653,0.01284547,,-0.00000313,-0.00001250,-0.00005000,229.60064874,114.69633616,,paper_15m_win,paper_1h_win,pending_4h
2026-06-08T00:00:33.337355+00:00,HYPE,paper_crowded_momentum_reversal_candidate,short_perp,11.30936369,-1,0.10950000,0.000363338022,13.63338022,0.02432653,0.01284547,,-0.02432653,-0.01284547,,0.00000313,0.00001250,0.00005000,-256.86740918,-141.96309660,,paper_15m_loss,paper_1h_loss,pending_4h
2026-06-08T00:00:33.337355+00:00,HYPER,paper_mark_oracle_reversion_candidate,long_perp,4.91430623,1,0.04011116,0.002355797719,33.55797719,0.03196544,0.05431397,,0.03196544,0.05431397,,-0.00000114,-0.00000458,-0.00001832,286.08494120,509.53593727,,paper_15m_win,paper_1h_win,pending_4h
2026-06-08T00:00:33.337355+00:00,IMX,paper_crowded_momentum_continuation_candidate,long_perp,13.77725562,1,0.10950000,0.003462756944,44.62756944,0.01035775,0.01865864,,0.01035775,0.01865864,,-0.00000313,-0.00001250,-0.00005000,58.91864328,141.83378184,,paper_15m_win,paper_1h_win,pending_4h
2026-06-08T00:00:33.337355+00:00,IMX,paper_crowded_momentum_reversal_candidate,short_perp,11.71066727,-1,0.10950000,0.003462756944,44.62756944,0.01035775,0.01865864,,-0.01035775,-0.01865864,,0.00000313,0.00001250,0.00005000,-148.17378216,-231.08892072,,paper_15m_loss,paper_1h_loss,pending_4h
2026-06-08T00:00:33.337355+00:00,INJ,paper_crowded_momentum_continuation_candidate,long_perp,11.70806066,1,0.10950000,0.001591482722,25.91482722,0.01614120,0.01713507,,0.01614120,0.01713507,,-0.00000313,-0.00001250,-0.00005000,135.46595598,145.31091726,,paper_15m_win,paper_1h_win,pending_4h
2026-06-08T00:00:33.337355+00:00,INJ,paper_crowded_momentum_reversal_candidate,short_perp,9.95185156,-1,0.10950000,0.001591482722,25.91482722,0.01614120,0.01713507,,-0.01614120,-0.01713507,,0.00000313,0.00001250,0.00005000,-187.29561042,-197.14057170,,paper_15m_loss,paper_1h_loss,pending_4h
2026-06-08T00:00:33.337355+00:00,IO,paper_mark_oracle_reversion_candidate,long_perp,5.38133918,1,-0.16649782,0.002177700348,31.77700348,-0.00014566,0.00881218,,-0.00014566,0.00881218,,0.00000475,0.00001901,0.00007603,-33.18604513,56.53483079,,paper_15m_loss,paper_1h_win,pending_4h
2026-06-08T00:00:33.337355+00:00,JTO,paper_crowded_momentum_continuation_candidate,long_perp,31.78572844,1,-0.45909671,0.001979185271,29.79185271,0.00223957,0.01567698,,0.00223957,0.01567698,,0.00001310,0.00005241,0.00020963,-7.26514232,127.50205778,,paper_15m_loss,paper_1h_win,pending_4h
2026-06-08T00:00:33.337355+00:00,JTO,paper_crowded_momentum_reversal_candidate,short_perp,27.01786917,-1,-0.45909671,0.001979185271,29.79185271,0.00223957,0.01567698,,-0.00223957,-0.01567698,,-0.00001310,-0.00005241,-0.00020963,-52.31856310,-187.08576320,,paper_15m_loss,paper_1h_loss,pending_4h
2026-06-08T00:00:33.337355+00:00,JTO,paper_extreme_funding_carry_candidate,long_perp,3.17818152,1,-0.45909671,0.001979185271,29.79185271,0.00223957,0.01567698,,0.00223957,0.01567698,,0.00001310,0.00005241,0.00020963,-7.26514232,127.50205778,,paper_15m_loss,paper_1h_win,pending_4h
2026-06-08T00:00:33.337355+00:00,JTO,paper_mark_oracle_reversion_candidate,long_perp,5.34239122,1,-0.45909671,0.001979185271,29.79185271,0.00223957,0.01567698,,0.00223957,0.01567698,,0.00001310,0.00005241,0.00020963,-7.26514232,127.50205778,,paper_15m_loss,paper_1h_win,pending_4h
2026-06-08T00:00:33.337355+00:00,LDO,paper_crowded_momentum_continuation_candidate,long_perp,17.61985069,1,0.10950000,0.001030889879,20.30889879,0.00482807,0.00984042,,0.00482807,0.00984042,,-0.00000313,-0.00001250,-0.00005000,27.94054262,77.97025851,,paper_15m_win,paper_1h_win,pending_4h
2026-06-08T00:00:33.337355+00:00,LDO,paper_crowded_momentum_reversal_candidate,short_perp,14.97687308,-1,0.10950000,0.001030889879,20.30889879,0.00482807,0.00984042,,-0.00482807,-0.00984042,,0.00000313,0.00001250,0.00005000,-68.55834020,-118.58805609,,paper_15m_loss,paper_1h_loss,pending_4h
2026-06-08T00:00:33.337355+00:00,LINK,paper_crowded_momentum_continuation_candidate,long_perp,18.78423965,1,0.10950000,0.000533326593,15.33326593,0.00625625,0.00830790,,0.00625625,0.00830790,,-0.00000313,-0.00001250,-0.00005000,47.19801494,67.62072243,,paper_15m_win,paper_1h_win,pending_4h
2026-06-08T00:00:33.337355+00:00,LINK,paper_crowded_momentum_reversal_candidate,short_perp,15.96660370,-1,0.10950000,0.000533326593,15.33326593,0.00625625,0.00830790,,-0.00625625,-0.00830790,,0.00000313,0.00001250,0.00005000,-77.86454680,-98.28725429,,paper_15m_loss,paper_1h_loss,pending_4h
2026-06-08T00:00:33.337355+00:00,MANTA,paper_crowded_momentum_continuation_candidate,short_perp,18.94959603,-1,0.10950000,0.002495403205,34.95403205,0.00785032,0.00143923,,-0.00785032,-0.00143923,,0.00000313,0.00001250,0.00005000,-113.42598760,-49.22128640,,paper_15m_loss,paper_1h_loss,pending_4h
2026-06-08T00:00:33.337355+00:00,MANTA,paper_crowded_momentum_reversal_candidate,long_perp,16.10715663,1,0.10950000,0.002495403205,34.95403205,0.00785032,0.00143923,,0.00785032,0.00143923,,-0.00000313,-0.00001250,-0.00005000,43.51792350,-20.68677770,,paper_15m_win,paper_1h_loss,pending_4h
2026-06-08T00:00:33.337355+00:00,ME,paper_extreme_funding_carry_candidate,long_perp,3.07948367,1,-0.41118827,0.001493775934,24.93775934,0.00116744,0.00667111,,0.00116744,0.00667111,,0.00001173,0.00004694,0.00018776,-13.14596146,42.24277442,,paper_15m_loss,paper_1h_win,pending_4h
2026-06-08T00:00:33.337355+00:00,ME,paper_mark_oracle_reversion_candidate,long_perp,5.97504517,1,-0.41118827,0.001493775934,24.93775934,0.00116744,0.00667111,,0.00116744,0.00667111,,0.00001173,0.00004694,0.00018776,-13.14596146,42.24277442,,paper_15m_loss,paper_1h_win,pending_4h
2026-06-08T00:00:33.337355+00:00,MEGA,paper_crowded_momentum_continuation_candidate,long_perp,17.34378182,1,-0.10783210,0.001737367888,27.37367888,-0.00230052,0.01146114,,-0.00230052,0.01146114,,0.00000308,0.00001231,0.00004924,-50.34808623,87.36081609,,paper_15m_loss,paper_1h_win,pending_4h
2026-06-08T00:00:33.337355+00:00,MEGA,paper_crowded_momentum_reversal_candidate,short_perp,14.74221455,-1,-0.10783210,0.001737367888,27.37367888,-0.00230052,0.01146114,,0.00230052,-0.01146114,,-0.00000308,-0.00001231,-0.00004924,-4.39927153,-142.10817385,,paper_15m_loss,paper_1h_loss,pending_4h
2026-06-08T00:00:33.337355+00:00,MEME,paper_crowded_momentum_continuation_candidate,long_perp,11.84771631,1,0.10950000,0.001694915254,26.94915254,0.00000000,0.00339559,,0.00000000,0.00339559,,-0.00000313,-0.00001250,-0.00005000,-26.98040254,6.88170485,,paper_15m_loss,paper_1h_win,pending_4h
2026-06-08T00:00:33.337355+00:00,MEME,paper_crowded_momentum_reversal_candidate,short_perp,10.07055887,-1,0.10950000,0.001694915254,26.94915254,0.00000000,0.00339559,,-0.00000000,-0.00339559,,0.00000313,0.00001250,0.00005000,-26.91790254,-60.78000993,,paper_15m_loss,paper_1h_loss,pending_4h
2026-06-08T00:00:33.337355+00:00,MERL,paper_mark_oracle_reversion_candidate,long_perp,6.59068625,1,-0.32920868,0.002200811855,32.00811855,0.00844296,0.01349892,,0.00844296,0.01349892,,0.00000940,0.00003758,0.00015032,52.51544297,103.35689131,,paper_15m_win,paper_1h_win,pending_4h
2026-06-08T00:00:33.337355+00:00,MORPHO,paper_mark_oracle_reversion_candidate,long_perp,8.33650909,1,0.10950000,0.001365068253,23.65068253,0.00448587,0.01089426,,0.00448587,0.01089426,,-0.00000313,-0.00001250,-0.00005000,21.17679162,85.16693326,,paper_15m_win,paper_1h_win,pending_4h
2026-06-08T00:00:33.337355+00:00,NEAR,paper_crowded_momentum_continuation_candidate,long_perp,17.71206891,1,0.10950000,0.000880842884,18.80842884,0.00896092,0.01899912,,0.00896092,0.01899912,,-0.00000313,-0.00001250,-0.00005000,70.76956609,171.05775714,,paper_15m_win,paper_1h_win,pending_4h
2026-06-08T00:00:33.337355+00:00,NEAR,paper_crowded_momentum_reversal_candidate,short_perp,15.05525858,-1,0.10950000,0.000880842884,18.80842884,0.00896092,0.01899912,,-0.00896092,-0.01899912,,0.00000313,0.00001250,0.00005000,-108.38642377,-208.67461482,,paper_15m_loss,paper_1h_loss,pending_4h
2026-06-08T00:00:33.337355+00:00,NIL,paper_mark_oracle_reversion_candidate,long_perp,6.61075592,1,-0.24722735,0.003302357730,43.02357730,0.00396035,0.00283612,,0.00396035,0.00283612,,0.00000706,0.00002822,0.00011289,-3.34956711,-14.38017079,,paper_15m_loss,paper_1h_loss,pending_4h
2026-06-08T00:00:33.337355+00:00,NXPC,paper_crowded_momentum_continuation_candidate,long_perp,12.02535034,1,0.10950000,0.002341289072,33.41289072,0.02325793,0.00594336,,0.02325793,0.00594336,,-0.00000313,-0.00001250,-0.00005000,199.13515457,25.89567105,,paper_15m_win,paper_1h_win,pending_4h
2026-06-08T00:00:33.337355+00:00,NXPC,paper_crowded_momentum_reversal_candidate,short_perp,10.22154779,-1,0.10950000,0.002341289072,33.41289072,0.02325793,0.00594336,,-0.02325793,-0.00594336,,0.00000313,0.00001250,0.00005000,-265.96093601,-92.72145249,,paper_15m_loss,paper_1h_loss,pending_4h
2026-06-08T00:00:33.337355+00:00,ONDO,paper_crowded_momentum_continuation_candidate,long_perp,12.97191966,1,0.10950000,0.001319677540,23.19677540,0.00616676,0.01592357,,0.00616676,0.01592357,,-0.00000313,-0.00001250,-0.00005000,38.43960633,135.91389339,,paper_15m_win,paper_1h_win,pending_4h
2026-06-08T00:00:33.337355+00:00,ONDO,paper_crowded_momentum_reversal_candidate,short_perp,11.02613171,-1,0.10950000,0.001319677540,23.19677540,0.00616676,0.01592357,,-0.00616676,-0.01592357,,0.00000313,0.00001250,0.00005000,-84.83315713,-182.30744419,,paper_15m_loss,paper_1h_loss,pending_4h
2026-06-08T00:00:33.337355+00:00,OP,paper_mark_oracle_reversion_candidate,long_perp,7.76262645,1,0.10950000,0.002360184710,33.60184710,0.00372671,0.00693582,,0.00372671,0.00693582,,-0.00000313,-0.00001250,-0.00005000,3.63398365,35.63133095,,paper_15m_win,paper_1h_win,pending_4h
2026-06-08T00:00:33.337355+00:00,PENGU,paper_crowded_momentum_continuation_candidate,long_perp,17.65547801,1,0.10950000,0.000573230152,15.73230152,-0.00129814,0.00100966,,-0.00129814,0.00100966,,-0.00000313,-0.00001250,-0.00005000,-28.74494486,-5.76066226,,paper_15m_loss,paper_1h_loss,pending_4h
2026-06-08T00:00:33.337355+00:00,PENGU,paper_crowded_momentum_reversal_candidate,short_perp,15.00715631,-1,0.10950000,0.000573230152,15.73230152,-0.00129814,0.00100966,,0.00129814,-0.00100966,,0.00000313,0.00001250,0.00005000,-2.71965818,-25.70394078,,paper_15m_loss,paper_1h_loss,pending_4h
2026-06-08T00:00:33.337355+00:00,POPCAT,paper_crowded_momentum_continuation_candidate,long_perp,12.36770084,1,-0.17032418,0.001283106570,22.83106570,0.00603636,0.01275152,,0.00603636,0.01275152,,0.00000486,0.00001944,0.00007777,37.58117916,104.87851981,,paper_15m_win,paper_1h_win,pending_4h
2026-06-08T00:00:33.337355+00:00,POPCAT,paper_crowded_momentum_reversal_candidate,short_perp,10.51254571,-1,-0.17032418,0.001283106570,22.83106570,0.00603636,0.01275152,,-0.00603636,-0.01275152,,-0.00000486,-0.00001944,-0.00007777,-83.24331056,-150.54065121,,paper_15m_loss,paper_1h_loss,pending_4h
2026-06-08T00:00:33.337355+00:00,PROVE,paper_mark_oracle_reversion_candidate,long_perp,6.39684900,1,0.10950000,0.003025182148,40.25182148,0.00718391,0.01989390,,0.00718391,0.01989390,,-0.00000313,-0.00001250,-0.00005000,31.55600898,158.56217056,,paper_15m_win,paper_1h_win,pending_4h
2026-06-08T00:00:33.337355+00:00,PUMP,paper_crowded_momentum_continuation_candidate,long_perp,16.34597252,1,-0.16905574,0.001311475410,23.11475410,0.00590551,0.01049869,,0.00590551,0.01049869,,0.00000482,0.00001930,0.00007719,35.98861051,82.06510854,,paper_15m_win,paper_1h_win,pending_4h
2026-06-08T00:00:33.337355+00:00,PUMP,paper_crowded_momentum_reversal_candidate,short_perp,13.89407664,-1,-0.16905574,0.001311475410,23.11475410,0.00590551,0.01049869,,-0.00590551,-0.01049869,,-0.00000482,-0.00001930,-0.00007719,-82.21811871,-128.29461674,,paper_15m_loss,paper_1h_loss,pending_4h
2026-06-08T00:00:33.337355+00:00,PURR,paper_crowded_momentum_continuation_candidate,long_perp,16.87262423,1,0.10950000,0.013825540060,148.25540060,0.02938292,0.02447850,,0.02938292,0.02447850,,-0.00000313,-0.00001250,-0.00005000,145.54250126,96.40456790,,paper_15m_win,paper_1h_win,pending_4h
2026-06-08T00:00:33.337355+00:00,PURR,paper_crowded_momentum_reversal_candidate,short_perp,14.34173059,-1,0.10950000,0.013825540060,148.25540060,0.02938292,0.02447850,,-0.02938292,-0.02447850,,0.00000313,0.00001250,0.00005000,-442.05330246,-392.91536910,,paper_15m_loss,paper_1h_loss,pending_4h
2026-06-08T00:00:33.337355+00:00,PURR,paper_mark_oracle_reversion_candidate,short_perp,10.53163969,-1,0.10950000,0.013825540060,148.25540060,0.02938292,0.02447850,,-0.02938292,-0.02447850,,0.00000313,0.00001250,0.00005000,-442.05330246,-392.91536910,,paper_15m_loss,paper_1h_loss,pending_4h
2026-06-08T00:00:33.337355+00:00,RENDER,paper_crowded_momentum_continuation_candidate,long_perp,11.04310878,1,0.10950000,0.001906066653,29.06066653,0.00472177,0.00298846,,0.00472177,0.00298846,,-0.00000313,-0.00001250,-0.00005000,18.12582300,0.69897874,,paper_15m_win,paper_1h_win,pending_4h
2026-06-08T00:00:33.337355+00:00,RENDER,paper_crowded_momentum_reversal_candidate,short_perp,9.38664247,-1,0.10950000,0.001906066653,29.06066653,0.00472177,0.00298846,,-0.00472177,-0.00298846,,0.00000313,0.00001250,0.00005000,-76.24715606,-58.82031180,,paper_15m_loss,paper_1h_loss,pending_4h
2026-06-08T00:00:33.337355+00:00,RUNE,paper_crowded_momentum_continuation_candidate,long_perp,14.72737022,1,0.10950000,0.001766733281,27.66733281,0.00470083,0.00264059,,0.00470083,0.00264059,,-0.00000313,-0.00001250,-0.00005000,19.30971619,-1.38643646,,paper_15m_win,paper_1h_loss,pending_4h
2026-06-08T00:00:33.337355+00:00,RUNE,paper_crowded_momentum_reversal_candidate,short_perp,12.51826468,-1,0.10950000,0.001766733281,27.66733281,0.00470083,0.00264059,,-0.00470083,-0.00264059,,0.00000313,0.00001250,0.00005000,-74.64438181,-53.94822916,,paper_15m_loss,paper_1h_loss,pending_4h
2026-06-08T00:00:33.337355+00:00,S,paper_mark_oracle_reversion_candidate,long_perp,6.30267891,1,0.10950000,0.002248473052,32.48473052,0.00110846,0.00493769,,0.00110846,0.00493769,,-0.00000313,-0.00001250,-0.00005000,-21.43136798,16.76717990,,paper_15m_loss,paper_1h_win,pending_4h
2026-06-08T00:00:33.337355+00:00,SAND,paper_mark_oracle_reversion_candidate,long_perp,7.03890818,1,-0.02355827,0.001621264964,26.21264964,0.00315178,0.00805873,,0.00315178,0.00805873,,0.00000067,0.00000269,0.00001076,5.31183302,54.40156832,,paper_15m_win,paper_1h_win,pending_4h
2026-06-08T00:00:33.337355+00:00,SEI,paper_crowded_momentum_continuation_candidate,long_perp,12.49550868,1,-0.05478416,0.001010203051,20.10203051,0.00698932,0.00810356,,0.00698932,0.00810356,,0.00000156,0.00000625,0.00002502,49.80683979,60.99614391,,paper_15m_win,paper_1h_win,pending_4h
2026-06-08T00:00:33.337355+00:00,SEI,paper_crowded_momentum_reversal_candidate,short_perp,10.62118238,-1,-0.05478416,0.001010203051,20.10203051,0.00698932,0.00810356,,-0.00698932,-0.00810356,,-0.00000156,-0.00000625,-0.00002502,-90.01090081,-101.20020493,,paper_15m_loss,paper_1h_loss,pending_4h
2026-06-08T00:00:33.337355+00:00,SNX,paper_mark_oracle_reversion_candidate,long_perp,7.56909881,1,0.10950000,0.002764115280,37.64115280,0.00138262,0.00853971,,0.00138262,0.00853971,,-0.00000313,-0.00001250,-0.00005000,-23.84620622,47.63094370,,paper_15m_loss,paper_1h_win,pending_4h
2026-06-08T00:00:33.337355+00:00,SOL,paper_crowded_momentum_continuation_candidate,long_perp,13.18824745,1,0.02392882,0.000165678869,11.65678869,0.00550215,0.00725558,,0.00550215,0.00725558,,-0.00000068,-0.00000273,-0.00001093,43.35784673,60.87167256,,paper_15m_win,paper_1h_win,pending_4h
2026-06-08T00:00:33.337355+00:00,SOL,paper_crowded_momentum_reversal_candidate,short_perp,11.21001033,-1,0.02392882,0.000165678869,11.65678869,0.00550215,0.00725558,,-0.00550215,-0.00725558,,0.00000068,0.00000273,0.00001093,-66.67142411,-84.18524994,,paper_15m_loss,paper_1h_loss,pending_4h
2026-06-08T00:00:33.337355+00:00,SPX,paper_crowded_momentum_continuation_candidate,long_perp,13.58590534,1,-0.42130169,0.002081165453,30.81165453,0.01155189,0.01831165,,0.01155189,0.01831165,,0.00001202,0.00004809,0.00019238,84.82746286,152.78575443,,paper_15m_win,paper_1h_win,pending_4h
2026-06-08T00:00:33.337355+00:00,SPX,paper_crowded_momentum_reversal_candidate,short_perp,11.54801954,-1,-0.42130169,0.002081165453,30.81165453,0.01155189,0.01831165,,-0.01155189,-0.01831165,,-0.00001202,-0.00004809,-0.00019238,-146.45077192,-214.40906349,,paper_15m_loss,paper_1h_loss,pending_4h
2026-06-08T00:00:33.337355+00:00,SPX,paper_extreme_funding_carry_candidate,long_perp,4.29881126,1,-0.42130169,0.002081165453,30.81165453,0.01155189,0.01831165,,0.01155189,0.01831165,,0.00001202,0.00004809,0.00019238,84.82746286,152.78575443,,paper_15m_win,paper_1h_win,pending_4h
2026-06-08T00:00:33.337355+00:00,SPX,paper_mark_oracle_reversion_candidate,long_perp,6.44293552,1,-0.42130169,0.002081165453,30.81165453,0.01155189,0.01831165,,0.01155189,0.01831165,,0.00001202,0.00004809,0.00019238,84.82746286,152.78575443,,paper_15m_win,paper_1h_win,pending_4h
2026-06-08T00:00:33.337355+00:00,STABLE,paper_extreme_funding_carry_candidate,long_perp,28.51889015,1,-4.41078702,0.003645524600,46.45524600,0.00041557,-0.00691620,,0.00041557,-0.00691620,,0.00012588,0.00050351,0.00201406,-41.04080063,-110.58214202,,paper_15m_loss,paper_1h_loss,pending_4h
2026-06-08T00:00:33.337355+00:00,STABLE,paper_mark_oracle_reversion_candidate,long_perp,12.05752396,1,-4.41078702,0.003645524600,46.45524600,0.00041557,-0.00691620,,0.00041557,-0.00691620,,0.00012588,0.00050351,0.00201406,-41.04080063,-110.58214202,,paper_15m_loss,paper_1h_loss,pending_4h
2026-06-08T00:00:33.337355+00:00,STBL,paper_crowded_momentum_continuation_candidate,long_perp,20.91085165,1,0.10950000,0.002789844964,37.89844964,-0.00035930,0.01053934,,-0.00035930,0.01053934,,-0.00000313,-0.00001250,-0.00005000,-41.52265744,67.36997924,,paper_15m_loss,paper_1h_win,pending_4h
2026-06-08T00:00:33.337355+00:00,STBL,paper_crowded_momentum_reversal_candidate,short_perp,17.77422390,-1,0.10950000,0.002789844964,37.89844964,-0.00035930,0.01053934,,0.00035930,-0.01053934,,0.00000313,0.00001250,0.00005000,-34.27424184,-143.16687852,,paper_15m_loss,paper_1h_loss,pending_4h
2026-06-08T00:00:33.337355+00:00,STRK,paper_crowded_momentum_continuation_candidate,long_perp,14.34218168,1,0.10950000,0.001185887934,21.85887934,0.00594884,0.01427722,,0.00594884,0.01427722,,-0.00000313,-0.00001250,-0.00005000,37.59827042,120.78828009,,paper_15m_win,paper_1h_win,pending_4h
2026-06-08T00:00:33.337355+00:00,STRK,paper_crowded_momentum_reversal_candidate,short_perp,12.19085443,-1,0.10950000,0.001185887934,21.85887934,0.00594884,0.01427722,,-0.00594884,-0.01427722,,0.00000313,0.00001250,0.00005000,-81.31602910,-164.50603877,,paper_15m_loss,paper_1h_loss,pending_4h
2026-06-08T00:00:33.337355+00:00,SUI,paper_crowded_momentum_continuation_candidate,long_perp,11.56446949,1,0.10950000,0.000435052008,14.35052008,0.00488978,0.00822012,,0.00488978,0.00822012,,-0.00000313,-0.00001250,-0.00005000,34.51604670,67.72567461,,paper_15m_win,paper_1h_win,pending_4h
2026-06-08T00:00:33.337355+00:00,SUI,paper_crowded_momentum_reversal_candidate,short_perp,9.82979907,-1,0.10950000,0.000435052008,14.35052008,0.00488978,0.00822012,,-0.00488978,-0.00822012,,0.00000313,0.00001250,0.00005000,-63.21708686,-96.42671477,,paper_15m_loss,paper_1h_loss,pending_4h
2026-06-08T00:00:33.337355+00:00,SUPER,paper_mark_oracle_reversion_candidate,long_perp,4.08136646,1,0.10950000,0.004663770931,56.63770931,0.00238600,0.01137361,,0.00238600,0.01137361,,-0.00000313,-0.00001250,-0.00005000,-32.80899483,56.97335454,,paper_15m_loss,paper_1h_win,pending_4h
2026-06-08T00:00:33.337355+00:00,SUSHI,paper_mark_oracle_reversion_candidate,long_perp,5.52306589,1,-0.02693087,0.002041768755,30.41768755,0.00454572,0.01223848,,0.00454572,0.01223848,,0.00000077,0.00000307,0.00001230,15.04719268,91.99780981,,paper_15m_win,paper_1h_win,pending_4h
2026-06-08T00:00:33.337355+00:00,SYRUP,paper_mark_oracle_reversion_candidate,long_perp,9.30424092,1,0.10950000,0.002128146453,31.28146453,0.00076260,0.00472813,,0.00076260,0.00472813,,-0.00000313,-0.00001250,-0.00005000,-23.68669455,15.87485935,,paper_15m_loss,paper_1h_win,pending_4h
2026-06-08T00:00:33.337355+00:00,TAO,paper_crowded_momentum_continuation_candidate,long_perp,18.94702538,1,0.10950000,0.001046924659,20.46924659,0.00713381,0.00858873,,0.00713381,0.00858873,,-0.00000313,-0.00001250,-0.00005000,50.83756133,65.29302051,,paper_15m_win,paper_1h_win,pending_4h
2026-06-08T00:00:33.337355+00:00,TAO,paper_crowded_momentum_reversal_candidate,short_perp,16.10497157,-1,0.10950000,0.001046924659,20.46924659,0.00713381,0.00858873,,-0.00713381,-0.00858873,,0.00000313,0.00001250,0.00005000,-91.77605451,-106.23151369,,paper_15m_loss,paper_1h_loss,pending_4h
2026-06-08T00:00:33.337355+00:00,TIA,paper_crowded_momentum_continuation_candidate,long_perp,11.42955994,1,0.10950000,0.001196548901,21.96548901,0.00445188,0.00843016,,0.00445188,0.00843016,,-0.00000313,-0.00001250,-0.00005000,22.52207887,62.21110230,,paper_15m_win,paper_1h_win,pending_4h
2026-06-08T00:00:33.337355+00:00,TIA,paper_crowded_momentum_reversal_candidate,short_perp,9.71512595,-1,0.10950000,0.001196548901,21.96548901,0.00445188,0.00843016,,-0.00445188,-0.00843016,,0.00000313,0.00001250,0.00005000,-66.45305689,-106.14208032,,paper_15m_loss,paper_1h_loss,pending_4h
2026-06-08T00:00:33.337355+00:00,TRUMP,paper_crowded_momentum_continuation_candidate,long_perp,14.62015477,1,-0.61194995,0.000745102752,17.45102752,0.00102694,0.00682614,,0.00102694,0.00682614,,0.00001746,0.00006986,0.00027943,-7.00696298,51.50899287,,paper_15m_loss,paper_1h_win,pending_4h
2026-06-08T00:00:33.337355+00:00,TRUMP,paper_crowded_momentum_reversal_candidate,short_perp,12.42713156,-1,-0.61194995,0.000745102752,17.45102752,0.00102694,0.00682614,,-0.00102694,-0.00682614,,-0.00001746,-0.00006986,-0.00027943,-27.89509206,-86.41104791,,paper_15m_loss,paper_1h_loss,pending_4h
2026-06-08T00:00:33.337355+00:00,TRUMP,paper_extreme_funding_carry_candidate,long_perp,8.06800907,1,-0.61194995,0.000745102752,17.45102752,0.00102694,0.00682614,,0.00102694,0.00682614,,0.00001746,0.00006986,0.00027943,-7.00696298,51.50899287,,paper_15m_loss,paper_1h_win,pending_4h
2026-06-08T00:00:33.337355+00:00,VIRTUAL,paper_crowded_momentum_continuation_candidate,long_perp,13.96177555,1,-0.06428964,0.000932288250,19.32288250,0.00787170,0.01423826,,0.00787170,0.01423826,,0.00000183,0.00000734,0.00002936,59.41246441,123.13312402,,paper_15m_win,paper_1h_win,pending_4h
2026-06-08T00:00:33.337355+00:00,VIRTUAL,paper_crowded_momentum_reversal_candidate,short_perp,11.86750922,-1,-0.06428964,0.000932288250,19.32288250,0.00787170,0.01423826,,-0.00787170,-0.01423826,,-0.00000183,-0.00000734,-0.00002936,-98.05822941,-161.77888902,,paper_15m_loss,paper_1h_loss,pending_4h
2026-06-08T00:00:33.337355+00:00,WLD,paper_crowded_momentum_continuation_candidate,long_perp,23.76771777,1,0.10950000,0.001233690197,22.33690197,0.00152433,0.00227605,,0.00152433,0.00227605,,-0.00000313,-0.00001250,-0.00005000,-7.12488615,0.29859083,,paper_15m_loss,paper_1h_win,pending_4h
2026-06-08T00:00:33.337355+00:00,WLD,paper_crowded_momentum_reversal_candidate,short_perp,20.20256011,-1,0.10950000,0.001233690197,22.33690197,0.00152433,0.00227605,,-0.00152433,-0.00227605,,0.00000313,0.00001250,0.00005000,-37.54891779,-44.97239477,,paper_15m_loss,paper_1h_loss,pending_4h
2026-06-08T00:00:33.337355+00:00,XMR,paper_extreme_funding_carry_candidate,short_perp,11.98098345,-1,1.10967300,0.001370675453,23.70675453,0.00323049,-0.00135153,,-0.00323049,0.00135153,,0.00003167,0.00012668,0.00050670,-55.69491935,-8.92470917,,paper_15m_loss,paper_1h_loss,pending_4h
2026-06-08T00:00:33.337355+00:00,XMR,paper_mark_oracle_reversion_candidate,short_perp,9.61390518,-1,1.10967300,0.001370675453,23.70675453,0.00323049,-0.00135153,,-0.00323049,0.00135153,,0.00003167,0.00012668,0.00050670,-55.69491935,-8.92470917,,paper_15m_loss,paper_1h_loss,pending_4h
2026-06-08T00:00:33.337355+00:00,XPL,paper_crowded_momentum_continuation_candidate,long_perp,12.25189284,1,0.10950000,0.001225684581,22.25684581,0.00829629,0.02147190,,0.00829629,0.02147190,,-0.00000313,-0.00001250,-0.00005000,60.67482425,192.33719512,,paper_15m_win,paper_1h_win,pending_4h
2026-06-08T00:00:33.337355+00:00,XPL,paper_crowded_momentum_reversal_candidate,short_perp,10.41410891,-1,0.10950000,0.001225684581,22.25684581,0.00829629,0.02147190,,-0.00829629,-0.02147190,,0.00000313,0.00001250,0.00005000,-105.18851587,-236.85088674,,paper_15m_loss,paper_1h_loss,pending_4h
2026-06-08T00:00:33.337355+00:00,XRP,paper_crowded_momentum_continuation_candidate,long_perp,12.22902446,1,0.04492916,0.000254721885,12.54721885,0.00730625,0.01182917,,0.00730625,0.01182917,,-0.00000128,-0.00000513,-0.00002052,60.50249695,105.69322043,,paper_15m_win,paper_1h_win,pending_4h
2026-06-08T00:00:33.337355+00:00,XRP,paper_crowded_momentum_reversal_candidate,short_perp,10.39467079,-1,0.04492916,0.000254721885,12.54721885,0.00730625,0.01182917,,-0.00730625,-0.01182917,,0.00000128,0.00000513,0.00002052,-85.59693465,-130.78765813,,paper_15m_loss,paper_1h_loss,pending_4h
2026-06-08T00:00:33.337355+00:00,ZEC,paper_crowded_momentum_continuation_candidate,long_perp,29.95708866,1,-0.43711962,0.000674799630,16.74799630,0.00365932,-0.00878236,,0.00365932,-0.00878236,,0.00001247,0.00004990,0.00019960,19.96992782,-104.07262219,,paper_15m_win,paper_1h_loss,pending_4h
2026-06-08T00:00:33.337355+00:00,ZEC,paper_crowded_momentum_reversal_candidate,short_perp,25.46352536,-1,-0.43711962,0.000674799630,16.74799630,0.00365932,-0.00878236,,-0.00365932,0.00878236,,-0.00001247,-0.00004990,-0.00019960,-53.46592042,70.57662959,,paper_15m_loss,paper_1h_win,pending_4h
2026-06-08T00:00:33.337355+00:00,ZEC,paper_extreme_funding_carry_candidate,long_perp,4.16621516,1,-0.43711962,0.000674799630,16.74799630,0.00365932,-0.00878236,,0.00365932,-0.00878236,,0.00001247,0.00004990,0.00019960,19.96992782,-104.07262219,,paper_15m_win,paper_1h_loss,pending_4h
2026-06-08T00:00:33.337355+00:00,ZEN,paper_crowded_momentum_continuation_candidate,long_perp,14.74034914,1,-0.09296988,0.001338511838,23.38511838,0.00199996,0.00017582,,0.00199996,0.00017582,,0.00000265,0.00001061,0.00004245,-3.35902543,-21.52078526,,paper_15m_loss,paper_1h_loss,pending_4h
2026-06-08T00:00:33.337355+00:00,ZEN,paper_crowded_momentum_reversal_candidate,short_perp,12.52929677,-1,-0.09296988,0.001338511838,23.38511838,0.00199996,0.00017582,,-0.00199996,-0.00017582,,-0.00000265,-0.00001061,-0.00004245,-43.41121133,-25.24945150,,paper_15m_loss,paper_1h_loss,pending_4h
2026-06-08T00:00:33.337355+00:00,ZK,paper_extreme_funding_carry_candidate,long_perp,7.58190158,1,-1.02033414,0.002393948099,33.93948099,0.00298306,0.00817937,,0.00298306,0.00817937,,0.00002912,0.00011648,0.00046591,-3.81765079,49.01897146,,paper_15m_loss,paper_1h_win,pending_4h
2026-06-08T00:00:33.337355+00:00,ZK,paper_mark_oracle_reversion_candidate,long_perp,6.66401252,1,-1.02033414,0.002393948099,33.93948099,0.00298306,0.00817937,,0.00298306,0.00817937,,0.00002912,0.00011648,0.00046591,-3.81765079,49.01897146,,paper_15m_loss,paper_1h_win,pending_4h
2026-06-08T00:00:33.337355+00:00,ZORA,paper_extreme_funding_carry_candidate,long_perp,8.77799784,1,-0.94787054,0.003976608187,49.76608187,0.00152905,0.00823336,,0.00152905,0.00823336,,0.00002705,0.00010820,0.00043282,-34.20505099,33.64953070,,paper_15m_loss,paper_1h_win,pending_4h
2026-06-08T00:00:33.337355+00:00,ZORA,paper_mark_oracle_reversion_candidate,long_perp,9.67245027,1,-0.94787054,0.003976608187,49.76608187,0.00152905,0.00823336,,0.00152905,0.00823336,,0.00002705,0.00010820,0.00043282,-34.20505099,33.64953070,,paper_15m_loss,paper_1h_win,pending_4h
2026-06-08T00:00:33.337355+00:00,kLUNC,paper_crowded_momentum_continuation_candidate,long_perp,10.98905830,1,-0.08176934,0.002227439648,32.27439648,0.00411333,-0.00292106,,0.00411333,-0.00292106,,0.00000233,0.00000933,0.00003734,8.88219039,-61.39162194,,paper_15m_win,paper_1h_loss,pending_4h
2026-06-08T00:00:33.337355+00:00,kLUNC,paper_crowded_momentum_reversal_candidate,short_perp,9.34069955,-1,-0.08176934,0.002227439648,32.27439648,0.00411333,-0.00292106,,-0.00411333,0.00292106,,-0.00000233,-0.00000933,-0.00003734,-73.43098335,-3.15717102,,paper_15m_loss,paper_1h_loss,pending_4h
2026-06-08T00:00:33.337355+00:00,kLUNC,paper_mark_oracle_reversion_candidate,long_perp,5.21378667,1,-0.08176934,0.002227439648,32.27439648,0.00411333,-0.00292106,,0.00411333,-0.00292106,,0.00000233,0.00000933,0.00003734,8.88219039,-61.39162194,,paper_15m_win,paper_1h_loss,pending_4h
2026-06-08T00:00:33.337355+00:00,kPEPE,paper_crowded_momentum_continuation_candidate,long_perp,11.93274484,1,0.10950000,0.000355366027,13.55366027,0.00499643,0.00678087,,0.00499643,0.00678087,,-0.00000313,-0.00001250,-0.00005000,36.37940094,54.13004780,,paper_15m_win,paper_1h_win,pending_4h
2026-06-08T00:00:33.337355+00:00,kPEPE,paper_crowded_momentum_reversal_candidate,short_perp,10.14283312,-1,0.10950000,0.000355366027,13.55366027,0.00499643,0.00678087,,-0.00499643,-0.00678087,,0.00000313,0.00001250,0.00005000,-63.48672148,-81.23736834,,paper_15m_loss,paper_1h_loss,pending_4h
2026-06-08T00:23:12.195825+00:00,2Z,paper_mark_oracle_reversion_candidate,long_perp,7.19202502,1,-0.29618874,0.002232742175,32.32742175,0.00785598,-0.00044972,,0.00785598,-0.00044972,,0.00000845,0.00003381,0.00013525,46.31689114,-36.48646792,,paper_15m_win,paper_1h_loss,pending_4h
2026-06-08T00:23:12.195825+00:00,AERO,paper_crowded_momentum_continuation_candidate,long_perp,17.64553765,1,-0.72090946,0.001971986456,29.71986456,0.01644396,-0.00853308,,0.01644396,-0.00853308,,0.00002057,0.00008230,0.00032918,134.92544660,-114.22771357,,paper_15m_win,paper_1h_loss,pending_4h
2026-06-08T00:23:12.195825+00:00,AERO,paper_crowded_momentum_reversal_candidate,short_perp,14.99870700,-1,-0.72090946,0.001971986456,29.71986456,0.01644396,-0.00853308,,-0.01644396,0.00853308,,-0.00002057,-0.00008230,-0.00032918,-194.36517572,54.78798445,,paper_15m_loss,paper_1h_win,pending_4h
2026-06-08T00:23:12.195825+00:00,AERO,paper_extreme_funding_carry_candidate,long_perp,11.88848211,1,-0.72090946,0.001971986456,29.71986456,0.01644396,-0.00853308,,0.01644396,-0.00853308,,0.00002057,0.00008230,0.00032918,134.92544660,-114.22771357,,paper_15m_win,paper_1h_loss,pending_4h
2026-06-08T00:23:12.195825+00:00,AERO,paper_mark_oracle_reversion_candidate,long_perp,13.04054328,1,-0.72090946,0.001971986456,29.71986456,0.01644396,-0.00853308,,0.01644396,-0.00853308,,0.00002057,0.00008230,0.00032918,134.92544660,-114.22771357,,paper_15m_win,paper_1h_loss,pending_4h
2026-06-08T00:23:12.195825+00:00,AIXBT,paper_crowded_momentum_continuation_candidate,long_perp,9.40460013,1,-0.51238466,0.002912532994,39.12532994,0.00735261,-0.01052966,,0.00735261,-0.01052966,,0.00001462,0.00005849,0.00023397,34.54697308,-143.83701650,,paper_15m_win,paper_1h_loss,pending_4h
2026-06-08T00:23:12.195825+00:00,AIXBT,paper_crowded_momentum_reversal_candidate,short_perp,7.99391011,-1,-0.51238466,0.002912532994,39.12532994,0.00735261,-0.01052966,,-0.00735261,0.01052966,,-0.00001462,-0.00005849,-0.00023397,-112.79763296,65.58635662,,paper_15m_loss,paper_1h_win,pending_4h
2026-06-08T00:23:12.195825+00:00,AIXBT,paper_extreme_funding_carry_candidate,long_perp,3.00351111,1,-0.51238466,0.002912532994,39.12532994,0.00735261,-0.01052966,,0.00735261,-0.01052966,,0.00001462,0.00005849,0.00023397,34.54697308,-143.83701650,,paper_15m_win,paper_1h_loss,pending_4h
2026-06-08T00:23:12.195825+00:00,AIXBT,paper_mark_oracle_reversion_candidate,long_perp,5.04178456,1,-0.51238466,0.002912532994,39.12532994,0.00735261,-0.01052966,,0.00735261,-0.01052966,,0.00001462,0.00005849,0.00023397,34.54697308,-143.83701650,,paper_15m_win,paper_1h_loss,pending_4h
2026-06-08T00:23:12.195825+00:00,ALT,paper_mark_oracle_reversion_candidate,long_perp,5.51282584,1,-0.14872115,0.002476561118,34.76561118,0.00723104,-0.00440917,,0.00723104,-0.00440917,,0.00000424,0.00001698,0.00006791,37.58723771,-78.68754894,,paper_15m_win,paper_1h_loss,pending_4h
2026-06-08T00:23:12.195825+00:00,ATOM,paper_crowded_momentum_continuation_candidate,long_perp,14.82793549,1,0.06152674,0.002164755441,31.64755441,0.00506491,-0.00849974,,0.00506491,-0.00849974,,-0.00000176,-0.00000702,-0.00002809,18.98401042,-116.71517063,,paper_15m_win,paper_1h_loss,pending_4h
2026-06-08T00:23:12.195825+00:00,ATOM,paper_crowded_momentum_reversal_candidate,short_perp,12.60374516,-1,0.06152674,0.002164755441,31.64755441,0.00506491,-0.00849974,,-0.00506491,0.00849974,,0.00000176,0.00000702,0.00002809,-82.27911924,53.42006181,,paper_15m_loss,paper_1h_win,pending_4h
2026-06-08T00:23:12.195825+00:00,BABY,paper_extreme_funding_carry_candidate,long_perp,4.41799497,1,-0.73286861,0.003124425657,41.24425657,0.04197773,0.06002937,,0.04197773,0.06002937,,0.00002092,0.00008366,0.00033464,378.74215648,559.88607313,,paper_15m_win,paper_1h_win,pending_4h
2026-06-08T00:23:12.195825+00:00,BABY,paper_mark_oracle_reversion_candidate,long_perp,5.06017300,1,-0.73286861,0.003124425657,41.24425657,0.04197773,0.06002937,,0.04197773,0.06002937,,0.00002092,0.00008366,0.00033464,378.74215648,559.88607313,,paper_15m_win,paper_1h_win,pending_4h
2026-06-08T00:23:12.195825+00:00,BCH,paper_crowded_momentum_continuation_candidate,long_perp,13.00750035,1,0.10950000,0.000484377727,14.84377727,0.00139136,-0.01608766,,0.00139136,-0.01608766,,-0.00000313,-0.00001250,-0.00005000,-0.96137885,-175.84533712,,paper_15m_loss,paper_1h_loss,pending_4h
2026-06-08T00:23:12.195825+00:00,BCH,paper_crowded_momentum_reversal_candidate,short_perp,11.05637530,-1,0.10950000,0.000484377727,14.84377727,0.00139136,-0.01608766,,-0.00139136,0.01608766,,0.00000313,0.00001250,0.00005000,-28.72617569,146.15778258,,paper_15m_loss,paper_1h_win,pending_4h
2026-06-08T00:23:12.195825+00:00,BIO,paper_crowded_momentum_continuation_candidate,long_perp,14.37035243,1,0.10950000,0.001749500143,27.49500143,0.00461140,-0.01425987,,0.00461140,-0.01425987,,-0.00000313,-0.00001250,-0.00005000,18.58775659,-170.21870314,,paper_15m_win,paper_1h_loss,pending_4h
2026-06-08T00:23:12.195825+00:00,BIO,paper_crowded_momentum_reversal_candidate,short_perp,12.21479957,-1,0.10950000,0.001749500143,27.49500143,0.00461140,-0.01425987,,-0.00461140,0.01425987,,0.00000313,0.00001250,0.00005000,-73.57775945,115.22870028,,paper_15m_loss,paper_1h_win,pending_4h
2026-06-08T00:23:12.195825+00:00,BNB,paper_crowded_momentum_continuation_candidate,long_perp,13.28294954,1,0.10950000,0.000218508678,12.18508678,0.00166570,-0.00926857,,0.00166570,-0.00926857,,-0.00000313,-0.00001250,-0.00005000,4.44070948,-104.99582934,,paper_15m_win,paper_1h_loss,pending_4h
2026-06-08T00:23:12.195825+00:00,BNB,paper_crowded_momentum_reversal_candidate,short_perp,11.29050711,-1,0.10950000,0.000218508678,12.18508678,0.00166570,-0.00926857,,-0.00166570,0.00926857,,0.00000313,0.00001250,0.00005000,-28.81088304,80.62565578,,paper_15m_loss,paper_1h_win,pending_4h
2026-06-08T00:23:12.195825+00:00,BRETT,paper_mark_oracle_reversion_candidate,long_perp,5.40667920,1,-0.23675389,0.002474372570,34.74372570,0.00668426,-0.01213720,,0.00668426,-0.01213720,,0.00000676,0.00002703,0.00010811,32.16640921,-155.84549036,,paper_15m_win,paper_1h_loss,pending_4h
2026-06-08T00:23:12.195825+00:00,BSV,paper_mark_oracle_reversion_candidate,long_perp,8.55627964,1,0.10950000,0.003178697732,41.78697732,0.00622562,-0.00481448,,0.00622562,-0.00481448,,-0.00000313,-0.00001250,-0.00005000,20.43793604,-90.05674365,,paper_15m_win,paper_1h_loss,pending_4h
2026-06-08T00:23:12.195825+00:00,CRV,paper_crowded_momentum_continuation_candidate,long_perp,11.99887936,1,0.10950000,0.000761653295,17.61653295,0.00396201,-0.01107330,,0.00396201,-0.01107330,,-0.00000313,-0.00001250,-0.00005000,21.97227089,-128.47450395,,paper_15m_win,paper_1h_loss,pending_4h
2026-06-08T00:23:12.195825+00:00,CRV,paper_crowded_momentum_reversal_candidate,short_perp,10.19904745,-1,0.10950000,0.000761653295,17.61653295,0.00396201,-0.01107330,,-0.00396201,0.01107330,,0.00000313,0.00001250,0.00005000,-57.20533679,93.24143805,,paper_15m_loss,paper_1h_win,pending_4h
2026-06-08T00:23:12.195825+00:00,DASH,paper_crowded_momentum_continuation_candidate,long_perp,18.80485435,1,0.10950000,0.001274005951,22.74005951,0.00251236,-0.01604668,,0.00251236,-0.01604668,,-0.00000313,-0.00001250,-0.00005000,2.35228235,-183.33187206,,paper_15m_win,paper_1h_loss,pending_4h
2026-06-08T00:23:12.195825+00:00,DASH,paper_crowded_momentum_reversal_candidate,short_perp,15.98412620,-1,0.10950000,0.001274005951,22.74005951,0.00251236,-0.01604668,,-0.00251236,0.01604668,,0.00000313,0.00001250,0.00005000,-47.83240137,137.85175304,,paper_15m_loss,paper_1h_win,pending_4h
2026-06-08T00:23:12.195825+00:00,DYDX,paper_crowded_momentum_continuation_candidate,long_perp,15.93480607,1,0.10950000,0.002912015531,39.12015531,0.00486652,-0.01786707,,0.00486652,-0.01786707,,-0.00000313,-0.00001250,-0.00005000,9.51377823,-217.91590058,,paper_15m_win,paper_1h_loss,pending_4h
2026-06-08T00:23:12.195825+00:00,DYDX,paper_crowded_momentum_reversal_candidate,short_perp,13.54458516,-1,0.10950000,0.002912015531,39.12015531,0.00486652,-0.01786707,,-0.00486652,0.01786707,,0.00000313,0.00001250,0.00005000,-87.75408885,139.67558996,,paper_15m_loss,paper_1h_win,pending_4h
2026-06-08T00:23:12.195825+00:00,EIGEN,paper_crowded_momentum_continuation_candidate,long_perp,19.55746062,1,0.10950000,0.002227171492,32.27171492,0.01544402,-0.00441258,,0.01544402,-0.00441258,,-0.00000313,-0.00001250,-0.00005000,122.13718952,-76.52247333,,paper_15m_win,paper_1h_loss,pending_4h
2026-06-08T00:23:12.195825+00:00,EIGEN,paper_crowded_momentum_reversal_candidate,short_perp,16.62384153,-1,0.10950000,0.002227171492,32.27171492,0.01544402,-0.00441258,,-0.01544402,0.00441258,,0.00000313,0.00001250,0.00005000,-186.68061936,11.97904349,,paper_15m_loss,paper_1h_win,pending_4h
2026-06-08T00:23:12.195825+00:00,EIGEN,paper_mark_oracle_reversion_candidate,long_perp,7.90683320,1,0.10950000,0.002227171492,32.27171492,0.01544402,-0.00441258,,0.01544402,-0.00441258,,-0.00000313,-0.00001250,-0.00005000,122.13718952,-76.52247333,,paper_15m_win,paper_1h_loss,pending_4h
2026-06-08T00:23:12.195825+00:00,ETH,paper_crowded_momentum_continuation_candidate,long_perp,15.01283758,1,0.06873709,0.000059317258,10.59317258,0.00253269,-0.01189775,,0.00253269,-0.01189775,,-0.00000196,-0.00000785,-0.00003139,14.71410430,-129.64913987,,paper_15m_win,paper_1h_loss,pending_4h
2026-06-08T00:23:12.195825+00:00,ETH,paper_crowded_momentum_reversal_candidate,short_perp,12.76091194,-1,0.06873709,0.000059317258,10.59317258,0.00253269,-0.01189775,,-0.00253269,0.01189775,,0.00000196,0.00000785,0.00003139,-35.90044946,108.46279471,,paper_15m_loss,paper_1h_win,pending_4h
2026-06-08T00:23:12.195825+00:00,FARTCOIN,paper_crowded_momentum_continuation_candidate,long_perp,15.70121802,1,0.10950000,0.001301179736,23.01179736,0.00658123,-0.01714583,,0.00658123,-0.01714583,,-0.00000313,-0.00001250,-0.00005000,42.76921450,-194.59505853,,paper_15m_win,paper_1h_loss,pending_4h
2026-06-08T00:23:12.195825+00:00,FARTCOIN,paper_crowded_momentum_reversal_candidate,short_perp,13.34603532,-1,0.10950000,0.001301179736,23.01179736,0.00658123,-0.01714583,,-0.00658123,0.01714583,,0.00000313,0.00001250,0.00005000,-88.79280922,148.57146381,,paper_15m_loss,paper_1h_win,pending_4h
2026-06-08T00:23:12.195825+00:00,FET,paper_crowded_momentum_continuation_candidate,long_perp,12.04532068,1,0.10950000,0.001076360203,20.76360203,0.00357563,-0.02159492,,0.00357563,-0.02159492,,-0.00000313,-0.00001250,-0.00005000,14.96144061,-236.83779046,,paper_15m_win,paper_1h_loss,pending_4h
2026-06-08T00:23:12.195825+00:00,FET,paper_crowded_momentum_reversal_candidate,short_perp,10.23852258,-1,0.10950000,0.001076360203,20.76360203,0.00357563,-0.02159492,,-0.00357563,0.02159492,,0.00000313,0.00001250,0.00005000,-56.48864467,195.31058640,,paper_15m_loss,paper_1h_win,pending_4h
2026-06-08T00:23:12.195825+00:00,FIL,paper_crowded_momentum_continuation_candidate,long_perp,11.79394097,1,0.10950000,0.001495312520,24.95312520,0.00796199,-0.01062893,,0.00796199,-0.01062893,,-0.00000313,-0.00001250,-0.00005000,54.63552071,-131.36744966,,paper_15m_win,paper_1h_loss,pending_4h
2026-06-08T00:23:12.195825+00:00,FIL,paper_crowded_momentum_reversal_candidate,short_perp,10.02484982,-1,0.10950000,0.001495312520,24.95312520,0.00796199,-0.01062893,,-0.00796199,0.01062893,,0.00000313,0.00001250,0.00005000,-104.54177111,81.46119926,,paper_15m_loss,paper_1h_win,pending_4h
2026-06-08T00:23:12.195825+00:00,HYPE,paper_crowded_momentum_continuation_candidate,long_perp,15.81449191,1,0.10950000,0.000514176946,15.14176946,0.00329754,-0.02470720,,0.00329754,-0.02470720,,-0.00000313,-0.00001250,-0.00005000,17.80240329,-262.33877934,,paper_15m_win,paper_1h_loss,pending_4h
2026-06-08T00:23:12.195825+00:00,HYPE,paper_crowded_momentum_reversal_candidate,short_perp,13.44231812,-1,0.10950000,0.000514176946,15.14176946,0.00329754,-0.02470720,,-0.00329754,0.02470720,,0.00000313,0.00001250,0.00005000,-48.08594221,232.05524042,,paper_15m_loss,paper_1h_win,pending_4h
2026-06-08T00:23:12.195825+00:00,HYPER,paper_mark_oracle_reversion_candidate,long_perp,4.60246991,1,-0.05348768,0.003028960866,40.28960866,0.01434016,-0.00851230,,0.01434016,-0.00851230,,0.00000153,0.00000611,0.00002442,103.12723615,-125.35150504,,paper_15m_win,paper_1h_loss,pending_4h
2026-06-08T00:23:12.195825+00:00,IMX,paper_crowded_momentum_continuation_candidate,long_perp,13.77326544,1,0.10950000,0.003307121335,43.07121335,0.01017886,-0.00908827,,0.01017886,-0.00908827,,-0.00000313,-0.00001250,-0.00005000,58.68610725,-134.07886567,,paper_15m_win,paper_1h_loss,pending_4h
2026-06-08T00:23:12.195825+00:00,IMX,paper_crowded_momentum_reversal_candidate,short_perp,11.70727562,-1,0.10950000,0.003307121335,43.07121335,0.01017886,-0.00908827,,-0.01017886,0.00908827,,0.00000313,0.00001250,0.00005000,-144.82853395,47.93643897,,paper_15m_loss,paper_1h_win,pending_4h
2026-06-08T00:23:12.195825+00:00,INIT,paper_mark_oracle_reversion_candidate,long_perp,5.52175613,1,-0.27619667,0.002798232695,37.98232695,0.01072386,-0.00541702,,0.01072386,-0.00541702,,0.00000788,0.00003153,0.00012612,69.33510220,-91.83722015,,paper_15m_win,paper_1h_loss,pending_4h
2026-06-08T00:23:12.195825+00:00,INJ,paper_crowded_momentum_continuation_candidate,long_perp,12.83221072,1,0.06915932,0.001267820170,22.67820170,-0.00045282,-0.01389241,,-0.00045282,-0.01389241,,-0.00000197,-0.00000789,-0.00003158,-27.22610414,-161.68125865,,paper_15m_loss,paper_1h_loss,pending_4h
2026-06-08T00:23:12.195825+00:00,INJ,paper_crowded_momentum_reversal_candidate,short_perp,10.90737911,-1,0.06915932,0.001267820170,22.67820170,-0.00045282,-0.01389241,,0.00045282,0.01389241,,0.00000197,0.00000789,0.00003158,-18.13029926,116.32485525,,paper_15m_loss,paper_1h_win,pending_4h
2026-06-08T00:23:12.195825+00:00,IP,paper_mark_oracle_reversion_candidate,long_perp,9.16031143,1,-0.04220918,0.001439659489,24.39659489,-0.00380169,-0.03197158,,-0.00380169,-0.03197158,,0.00000120,0.00000482,0.00001927,-62.40143836,-344.06421907,,paper_15m_loss,paper_1h_loss,pending_4h
2026-06-08T00:23:12.195825+00:00,JTO,paper_crowded_momentum_continuation_candidate,long_perp,32.15452269,1,-0.49300492,0.001123650082,21.23650082,0.01224153,-0.01031462,,0.01224153,-0.01031462,,0.00001407,0.00005628,0.00022512,101.31946969,-123.81991187,,paper_15m_win,paper_1h_loss,pending_4h
2026-06-08T00:23:12.195825+00:00,JTO,paper_crowded_momentum_reversal_candidate,short_perp,27.33134429,-1,-0.49300492,0.001123650082,21.23650082,0.01224153,-0.01031462,,-0.01224153,0.01031462,,-0.00001407,-0.00005628,-0.00022512,-143.79247133,81.34691023,,paper_15m_loss,paper_1h_win,pending_4h
2026-06-08T00:23:12.195825+00:00,JTO,paper_extreme_funding_carry_candidate,long_perp,3.59513106,1,-0.49300492,0.001123650082,21.23650082,0.01224153,-0.01031462,,0.01224153,-0.01031462,,0.00001407,0.00005628,0.00022512,101.31946969,-123.81991187,,paper_15m_win,paper_1h_loss,pending_4h
2026-06-08T00:23:12.195825+00:00,LDO,paper_crowded_momentum_continuation_candidate,long_perp,17.50584442,1,0.10950000,0.000994475138,19.94475138,0.00770246,-0.01170041,,0.00770246,-0.01170041,,-0.00000313,-0.00001250,-0.00005000,57.04864651,-137.07385936,,paper_15m_win,paper_1h_loss,pending_4h
2026-06-08T00:23:12.195825+00:00,LDO,paper_crowded_momentum_reversal_candidate,short_perp,14.87996776,-1,0.10950000,0.000994475138,19.94475138,0.00770246,-0.01170041,,-0.00770246,0.01170041,,0.00000313,0.00001250,0.00005000,-96.93814927,97.18435660,,paper_15m_loss,paper_1h_win,pending_4h
2026-06-08T00:23:12.195825+00:00,LINK,paper_crowded_momentum_continuation_candidate,long_perp,18.39920777,1,0.10950000,0.000454795944,14.54795944,0.00446794,-0.01072305,,0.00446794,-0.01072305,,-0.00000313,-0.00001250,-0.00005000,30.10016882,-121.90346727,,paper_15m_win,paper_1h_loss,pending_4h
2026-06-08T00:23:12.195825+00:00,LINK,paper_crowded_momentum_reversal_candidate,short_perp,15.63932660,-1,0.10950000,0.000454795944,14.54795944,0.00446794,-0.01072305,,-0.00446794,0.01072305,,0.00000313,0.00001250,0.00005000,-59.19608770,92.80754839,,paper_15m_loss,paper_1h_win,pending_4h
2026-06-08T00:23:12.195825+00:00,MANTA,paper_crowded_momentum_continuation_candidate,short_perp,18.44382637,-1,0.10950000,0.001308215594,23.08215594,-0.00337531,-0.01453979,,0.00337531,0.01453979,,0.00000313,0.00001250,0.00005000,10.70217727,122.44074098,,paper_15m_win,paper_1h_win,pending_4h
2026-06-08T00:23:12.195825+00:00,MANTA,paper_crowded_momentum_reversal_candidate,long_perp,15.67725242,1,0.10950000,0.001308215594,23.08215594,-0.00337531,-0.01453979,,-0.00337531,-0.01453979,,-0.00000313,-0.00001250,-0.00005000,-56.86648915,-168.60505286,,paper_15m_loss,paper_1h_loss,pending_4h
2026-06-08T00:23:12.195825+00:00,ME,paper_mark_oracle_reversion_candidate,long_perp,4.78822882,1,0.02297573,0.003679545074,46.79545074,0.00699650,-0.01282692,,0.00699650,-0.01282692,,-0.00000066,-0.00000262,-0.00001049,23.16300975,-175.09087748,,paper_15m_win,paper_1h_loss,pending_4h
2026-06-08T00:23:12.195825+00:00,MEGA,paper_crowded_momentum_continuation_candidate,long_perp,15.88439171,1,0.10950000,0.002063488755,30.63488755,0.00643969,-0.00139180,,0.00643969,-0.00139180,,-0.00000313,-0.00001250,-0.00005000,33.73071324,-44.67791659,,paper_15m_win,paper_1h_loss,pending_4h
2026-06-08T00:23:12.195825+00:00,MEGA,paper_crowded_momentum_reversal_candidate,short_perp,13.50173295,-1,0.10950000,0.002063488755,30.63488755,0.00643969,-0.00139180,,-0.00643969,0.00139180,,0.00000313,0.00001250,0.00005000,-95.00048834,-16.59185851,,paper_15m_loss,paper_1h_loss,pending_4h
2026-06-08T00:23:12.195825+00:00,MEME,paper_crowded_momentum_continuation_candidate,long_perp,10.49769570,1,0.10950000,0.001703577513,27.03577513,0.00339559,-0.01188455,,0.00339559,-0.01188455,,-0.00000313,-0.00001250,-0.00005000,6.88883226,-146.00627598,,paper_15m_win,paper_1h_loss,pending_4h
2026-06-08T00:23:12.195825+00:00,MEME,paper_crowded_momentum_reversal_candidate,short_perp,8.92304135,-1,0.10950000,0.001703577513,27.03577513,0.00339559,-0.01188455,,-0.00339559,0.01188455,,0.00000313,0.00001250,0.00005000,-60.96038252,91.93472572,,paper_15m_loss,paper_1h_win,pending_4h
2026-06-08T00:23:12.195825+00:00,MEME,paper_mark_oracle_reversion_candidate,long_perp,4.94086117,1,0.10950000,0.001703577513,27.03577513,0.00339559,-0.01188455,,0.00339559,-0.01188455,,-0.00000313,-0.00001250,-0.00005000,6.88883226,-146.00627598,,paper_15m_win,paper_1h_loss,pending_4h
2026-06-08T00:23:12.195825+00:00,MERL,paper_extreme_funding_carry_candidate,long_perp,4.58826859,1,-0.58917220,0.002062058130,30.62058130,0.00554907,-0.02063863,,0.00554907,-0.02063863,,0.00001681,0.00006726,0.00026903,25.03821566,-236.33430313,,paper_15m_win,paper_1h_loss,pending_4h
2026-06-08T00:23:12.195825+00:00,MERL,paper_mark_oracle_reversion_candidate,long_perp,6.28412354,1,-0.58917220,0.002062058130,30.62058130,0.00554907,-0.02063863,,0.00554907,-0.02063863,,0.00001681,0.00006726,0.00026903,25.03821566,-236.33430313,,paper_15m_win,paper_1h_loss,pending_4h
2026-06-08T00:23:12.195825+00:00,MON,paper_crowded_momentum_continuation_candidate,long_perp,16.08073846,1,-0.00359948,0.001302902327,23.02902327,0.00596921,-0.01261164,,0.00596921,-0.01261164,,0.00000010,0.00000041,0.00000164,36.66411834,-149.14133634,,paper_15m_win,paper_1h_loss,pending_4h
2026-06-08T00:23:12.195825+00:00,MON,paper_crowded_momentum_reversal_candidate,short_perp,13.66862769,-1,-0.00359948,0.001302902327,23.02902327,0.00596921,-0.01261164,,-0.00596921,0.01261164,,-0.00000010,-0.00000041,-0.00000164,-82.72216488,103.08328980,,paper_15m_loss,paper_1h_win,pending_4h
2026-06-08T00:23:12.195825+00:00,NEAR,paper_crowded_momentum_continuation_candidate,long_perp,17.08634969,1,0.10950000,0.000917252147,19.17252147,0.01067702,-0.00679447,,0.01067702,-0.00679447,,-0.00000313,-0.00001250,-0.00005000,87.56642994,-87.24219509,,paper_15m_win,paper_1h_loss,pending_4h
2026-06-08T00:23:12.195825+00:00,NEAR,paper_crowded_momentum_reversal_candidate,short_perp,14.52339724,-1,0.10950000,0.000917252147,19.17252147,0.01067702,-0.00679447,,-0.01067702,0.00679447,,0.00000313,0.00001250,0.00005000,-125.91147288,48.89715215,,paper_15m_loss,paper_1h_win,pending_4h
2026-06-08T00:23:12.195825+00:00,NIL,paper_mark_oracle_reversion_candidate,long_perp,5.38947354,1,-0.23278912,0.003293084523,42.93084523,0.00557351,-0.02140330,,0.00557351,-0.02140330,,0.00000664,0.00002657,0.00010630,12.87070824,-256.69813810,,paper_15m_win,paper_1h_loss,pending_4h
2026-06-08T00:23:12.195825+00:00,NXPC,paper_crowded_momentum_continuation_candidate,long_perp,11.07825280,1,0.10950000,0.005225695740,62.25695740,-0.00094829,-0.02391465,,-0.00094829,-0.02391465,,-0.00000313,-0.00001250,-0.00005000,-71.77109375,-301.52849763,,paper_15m_loss,paper_1h_loss,pending_4h
2026-06-08T00:23:12.195825+00:00,NXPC,paper_crowded_momentum_reversal_candidate,short_perp,9.41651488,-1,0.10950000,0.005225695740,62.25695740,-0.00094829,-0.02391465,,0.00094829,0.02391465,,0.00000313,0.00001250,0.00005000,-52.74282105,177.01458283,,paper_15m_loss,paper_1h_win,pending_4h
2026-06-08T00:23:12.195825+00:00,NXPC,paper_mark_oracle_reversion_candidate,long_perp,5.71894254,1,0.10950000,0.005225695740,62.25695740,-0.00094829,-0.02391465,,-0.00094829,-0.02391465,,-0.00000313,-0.00001250,-0.00005000,-71.77109375,-301.52849763,,paper_15m_loss,paper_1h_loss,pending_4h
2026-06-08T00:23:12.195825+00:00,ONDO,paper_crowded_momentum_continuation_candidate,long_perp,11.97949593,1,0.10950000,0.000963338024,19.63338024,0.01053146,-0.00768279,,0.01053146,-0.00768279,,-0.00000313,-0.00001250,-0.00005000,85.65001886,-96.58627999,,paper_15m_win,paper_1h_loss,pending_4h
2026-06-08T00:23:12.195825+00:00,ONDO,paper_crowded_momentum_reversal_candidate,short_perp,10.18257154,-1,0.10950000,0.000963338024,19.63338024,0.01053146,-0.00768279,,-0.01053146,0.00768279,,0.00000313,0.00001250,0.00005000,-124.91677934,57.31951951,,paper_15m_loss,paper_1h_win,pending_4h
2026-06-08T00:23:12.195825+00:00,PENGU,paper_crowded_momentum_continuation_candidate,long_perp,15.68064181,1,-0.25927147,0.000581310856,15.81310856,0.00880994,-0.01632005,,0.00880994,-0.01632005,,0.00000740,0.00002960,0.00011839,72.36024897,-178.71759872,,paper_15m_win,paper_1h_loss,pending_4h
2026-06-08T00:23:12.195825+00:00,PENGU,paper_crowded_momentum_reversal_candidate,short_perp,13.32854554,-1,-0.25927147,0.000581310856,15.81310856,0.00880994,-0.01632005,,-0.00880994,0.01632005,,-0.00000740,-0.00002960,-0.00011839,-103.98646609,147.09138160,,paper_15m_loss,paper_1h_win,pending_4h
2026-06-08T00:23:12.195825+00:00,POPCAT,paper_mark_oracle_reversion_candidate,long_perp,7.12459688,1,-0.34110476,0.001163326143,21.63326143,0.00749416,-0.01050628,,0.00749416,-0.01050628,,0.00000973,0.00003894,0.00015576,53.40565068,-126.30664503,,paper_15m_win,paper_1h_loss,pending_4h
2026-06-08T00:23:12.195825+00:00,PROVE,paper_mark_oracle_reversion_candidate,long_perp,5.83241299,1,0.10950000,0.002567358657,35.67358657,0.00658400,-0.00131680,,0.00658400,-0.00131680,,-0.00000313,-0.00001250,-0.00005000,30.13517221,-48.96658833,,paper_15m_win,paper_1h_loss,pending_4h
2026-06-08T00:23:12.195825+00:00,PUMP,paper_crowded_momentum_continuation_candidate,long_perp,16.12344195,1,-0.13423999,0.000655737705,16.55737705,0.00848010,-0.01369863,,0.00848010,-0.01369863,,0.00000383,0.00001532,0.00006130,68.28197715,-153.39043642,,paper_15m_win,paper_1h_loss,pending_4h
2026-06-08T00:23:12.195825+00:00,PUMP,paper_crowded_momentum_reversal_candidate,short_perp,13.70492566,-1,-0.13423999,0.000655737705,16.55737705,0.00848010,-0.01369863,,-0.00848010,0.01369863,,-0.00000383,-0.00001532,-0.00006130,-101.39673125,120.27568232,,paper_15m_loss,paper_1h_win,pending_4h
2026-06-08T00:23:12.195825+00:00,PURR,paper_crowded_momentum_continuation_candidate,long_perp,20.61187764,1,0.10950000,0.012514790692,135.14790692,0.00405506,-0.02440445,,0.00405506,-0.02440445,,-0.00000313,-0.00001250,-0.00005000,-94.62860107,-379.31737489,,paper_15m_loss,paper_1h_loss,pending_4h
2026-06-08T00:23:12.195825+00:00,PURR,paper_crowded_momentum_reversal_candidate,short_perp,17.52009599,-1,0.10950000,0.012514790692,135.14790692,0.00405506,-0.02440445,,-0.00405506,0.02440445,,0.00000313,0.00001250,0.00005000,-175.66721277,109.02156105,,paper_15m_loss,paper_1h_win,pending_4h
2026-06-08T00:23:12.195825+00:00,PURR,paper_mark_oracle_reversion_candidate,short_perp,14.53942964,-1,0.10950000,0.012514790692,135.14790692,0.00405506,-0.02440445,,-0.00405506,0.02440445,,0.00000313,0.00001250,0.00005000,-175.66721277,109.02156105,,paper_15m_loss,paper_1h_win,pending_4h
2026-06-08T00:23:12.195825+00:00,PYTH,paper_mark_oracle_reversion_candidate,long_perp,5.02176896,1,-0.02150317,0.002169743090,31.69743090,0.00926420,-0.01061458,,0.00926420,-0.01061458,,0.00000061,0.00000245,0.00000982,60.95073078,-137.81866162,,paper_15m_win,paper_1h_loss,pending_4h
2026-06-08T00:23:12.195825+00:00,RUNE,paper_crowded_momentum_continuation_candidate,long_perp,12.65886161,1,0.10950000,0.001800389116,28.00389116,0.00314811,-0.01548059,,0.00314811,-0.01548059,,-0.00000313,-0.00001250,-0.00005000,3.44591244,-182.93480613,,paper_15m_win,paper_1h_loss,pending_4h
2026-06-08T00:23:12.195825+00:00,RUNE,paper_crowded_momentum_reversal_candidate,short_perp,10.76003237,-1,0.10950000,0.001800389116,28.00389116,0.00314811,-0.01548059,,-0.00314811,0.01548059,,0.00000313,0.00001250,0.00005000,-59.45369476,126.92702381,,paper_15m_loss,paper_1h_win,pending_4h
2026-06-08T00:23:12.195825+00:00,SAGA,paper_extreme_funding_carry_candidate,long_perp,2.31919356,1,-0.38759408,0.002967359050,39.67359050,0.00740192,-0.01036269,,0.00740192,-0.01036269,,0.00001106,0.00004425,0.00017698,34.45626925,-142.85807451,,paper_15m_win,paper_1h_loss,pending_4h
2026-06-08T00:23:12.195825+00:00,SAGA,paper_mark_oracle_reversion_candidate,long_perp,5.08943479,1,-0.38759408,0.002967359050,39.67359050,0.00740192,-0.01036269,,0.00740192,-0.01036269,,0.00001106,0.00004425,0.00017698,34.45626925,-142.85807451,,paper_15m_win,paper_1h_loss,pending_4h
2026-06-08T00:23:12.195825+00:00,SEI,paper_crowded_momentum_continuation_candidate,long_perp,12.41253472,1,-0.03598871,0.001030303030,20.30303030,0.00358106,-0.01301654,,0.00358106,-0.01301654,,0.00000103,0.00000411,0.00001643,15.51780658,-150.42731969,,paper_15m_win,paper_1h_loss,pending_4h
2026-06-08T00:23:12.195825+00:00,SEI,paper_crowded_momentum_reversal_candidate,short_perp,10.55065451,-1,-0.03598871,0.001030303030,20.30303030,0.00358106,-0.01301654,,-0.00358106,0.01301654,,-0.00000103,-0.00000411,-0.00001643,-56.12386718,109.82125909,,paper_15m_loss,paper_1h_win,pending_4h
2026-06-08T00:23:12.195825+00:00,SOL,paper_crowded_momentum_continuation_candidate,long_perp,12.43052266,1,-0.05121359,0.000060512084,10.60512084,0.00344257,-0.01065845,,0.00344257,-0.01065845,,0.00000146,0.00000585,0.00002339,23.83523153,-117.13114371,,paper_15m_win,paper_1h_loss,pending_4h
2026-06-08T00:23:12.195825+00:00,SOL,paper_crowded_momentum_reversal_candidate,short_perp,10.56594426,-1,-0.05121359,0.000060512084,10.60512084,0.00344257,-0.01065845,,-0.00344257,0.01065845,,-0.00000146,-0.00000585,-0.00002339,-45.04547321,95.92090203,,paper_15m_loss,paper_1h_win,pending_4h
2026-06-08T00:23:12.195825+00:00,SPX,paper_crowded_momentum_continuation_candidate,long_perp,11.42268927,1,-0.33314893,0.002031359106,30.31359106,0.00771789,-0.01662797,,0.00771789,-0.01662797,,0.00000951,0.00003803,0.00015212,46.96037758,-196.21301049,,paper_15m_win,paper_1h_loss,pending_4h
2026-06-08T00:23:12.195825+00:00,SPX,paper_crowded_momentum_reversal_candidate,short_perp,9.70928588,-1,-0.33314893,0.002031359106,30.31359106,0.00771789,-0.01662797,,-0.00771789,0.01662797,,-0.00000951,-0.00003803,-0.00015212,-107.58755970,135.58582837,,paper_15m_loss,paper_1h_win,pending_4h
2026-06-08T00:23:12.195825+00:00,SPX,paper_mark_oracle_reversion_candidate,long_perp,6.72248052,1,-0.33314893,0.002031359106,30.31359106,0.00771789,-0.01662797,,0.00771789,-0.01662797,,0.00000951,0.00003803,0.00015212,46.96037758,-196.21301049,,paper_15m_win,paper_1h_loss,pending_4h
2026-06-08T00:23:12.195825+00:00,STABLE,paper_extreme_funding_carry_candidate,long_perp,26.24220018,1,-4.01023076,0.002789897011,37.89897011,0.00032638,-0.01691244,,0.00032638,-0.01691244,,0.00011445,0.00045779,0.00183116,-33.49069345,-202.44549140,,paper_15m_loss,paper_1h_loss,pending_4h
2026-06-08T00:23:12.195825+00:00,STABLE,paper_mark_oracle_reversion_candidate,long_perp,11.22786249,1,-4.01023076,0.002789897011,37.89897011,0.00032638,-0.01691244,,0.00032638,-0.01691244,,0.00011445,0.00045779,0.00183116,-33.49069345,-202.44549140,,paper_15m_loss,paper_1h_loss,pending_4h
2026-06-08T00:23:12.195825+00:00,STBL,paper_crowded_momentum_continuation_candidate,long_perp,20.33215756,1,0.10950000,0.003476384560,44.76384560,0.00658946,-0.00726837,,0.00658946,-0.00726837,,-0.00000313,-0.00001250,-0.00005000,21.09947309,-117.57255167,,paper_15m_win,paper_1h_loss,pending_4h
2026-06-08T00:23:12.195825+00:00,STBL,paper_crowded_momentum_reversal_candidate,short_perp,17.28233392,-1,0.10950000,0.003476384560,44.76384560,0.00658946,-0.00726837,,-0.00658946,0.00726837,,0.00000313,0.00001250,0.00005000,-110.62716429,28.04486047,,paper_15m_loss,paper_1h_win,pending_4h
2026-06-08T00:23:12.195825+00:00,STRK,paper_crowded_momentum_continuation_candidate,long_perp,13.06436129,1,-0.05565228,0.000892325996,18.92325996,0.00502661,-0.00502661,,0.00502661,-0.00502661,,0.00000159,0.00000635,0.00002541,31.35873727,-69.12584469,,paper_15m_win,paper_1h_loss,pending_4h
2026-06-08T00:23:12.195825+00:00,STRK,paper_crowded_momentum_reversal_candidate,short_perp,11.10470710,-1,-0.05565228,0.000892325996,18.92325996,0.00502661,-0.00502661,,-0.00502661,0.00502661,,-0.00000159,-0.00000635,-0.00002541,-69.20525719,31.27932477,,paper_15m_loss,paper_1h_win,pending_4h
2026-06-08T00:23:12.195825+00:00,SUI,paper_crowded_momentum_continuation_candidate,long_perp,10.75858681,1,0.10950000,0.000290759146,12.90759146,0.00582603,-0.01046845,,0.00582603,-0.01046845,,-0.00000313,-0.00001250,-0.00005000,45.32150205,-117.71709132,,paper_15m_win,paper_1h_loss,pending_4h
2026-06-08T00:23:12.195825+00:00,SUI,paper_crowded_momentum_reversal_candidate,short_perp,9.14479879,-1,0.10950000,0.000290759146,12.90759146,0.00582603,-0.01046845,,-0.00582603,0.01046845,,0.00000313,0.00001250,0.00005000,-71.13668497,91.90190840,,paper_15m_loss,paper_1h_win,pending_4h
2026-06-08T00:23:12.195825+00:00,SUSHI,paper_mark_oracle_reversion_candidate,long_perp,5.54814068,1,0.03247244,0.002036422878,30.36422878,0.00829611,-0.01456170,,0.00829611,-0.01456170,,-0.00000093,-0.00000371,-0.00001483,52.58757608,-176.01828449,,paper_15m_win,paper_1h_loss,pending_4h
2026-06-08T00:23:12.195825+00:00,TAO,paper_crowded_momentum_continuation_candidate,long_perp,18.43574361,1,0.08694388,0.000891516517,18.91516517,0.00717648,-0.01034531,,0.00717648,-0.01034531,,-0.00000248,-0.00000993,-0.00003970,52.82478279,-122.46751278,,paper_15m_win,paper_1h_loss,pending_4h
2026-06-08T00:23:12.195825+00:00,TAO,paper_crowded_momentum_reversal_candidate,short_perp,15.67038207,-1,0.08694388,0.000891516517,18.91516517,0.00717648,-0.01034531,,-0.00717648,0.01034531,,0.00000248,0.00000993,0.00003970,-90.65511313,84.63718244,,paper_15m_loss,paper_1h_win,pending_4h
2026-06-08T00:23:12.195825+00:00,TRUMP,paper_extreme_funding_carry_candidate,long_perp,7.75277259,1,-0.55452815,0.000888539652,18.88539652,0.00844849,-0.00808642,,0.00844849,-0.00808642,,0.00001583,0.00006330,0.00025321,65.75780281,-99.11653380,,paper_15m_win,paper_1h_loss,pending_4h
2026-06-08T00:23:12.195825+00:00,TRUMP,paper_mark_oracle_reversion_candidate,long_perp,9.05029673,1,-0.55452815,0.000888539652,18.88539652,0.00844849,-0.00808642,,0.00844849,-0.00808642,,0.00001583,0.00006330,0.00025321,65.75780281,-99.11653380,,paper_15m_win,paper_1h_loss,pending_4h
2026-06-08T00:23:12.195825+00:00,TRX,paper_extreme_funding_carry_candidate,long_perp,6.30859886,1,-0.46979179,0.000414180306,14.14180306,0.00202255,-0.00082741,,0.00202255,-0.00082741,,0.00001341,0.00005363,0.00021452,6.21781542,-21.87959785,,paper_15m_win,paper_1h_loss,pending_4h
2026-06-08T00:23:12.195825+00:00,VIRTUAL,paper_crowded_momentum_continuation_candidate,long_perp,13.34397852,1,-0.01641274,0.000656610164,16.56610164,0.00849683,-0.01354344,,0.00849683,-0.01354344,,0.00000047,0.00000187,0.00000749,68.40691235,-151.98173404,,paper_15m_win,paper_1h_loss,pending_4h
2026-06-08T00:23:12.195825+00:00,VIRTUAL,paper_crowded_momentum_reversal_candidate,short_perp,11.34238174,-1,-0.01641274,0.000656610164,16.56610164,0.00849683,-0.01354344,,-0.00849683,0.01354344,,-0.00000047,-0.00000187,-0.00000749,-101.53911563,118.84953076,,paper_15m_loss,paper_1h_win,pending_4h
2026-06-08T00:23:12.195825+00:00,VVV,paper_crowded_momentum_continuation_candidate,long_perp,12.43923430,1,0.10950000,0.001035861401,20.35861401,0.01054153,-0.02162520,,0.01054153,-0.02162520,,-0.00000313,-0.00001250,-0.00005000,85.02547242,-236.73564702,,paper_15m_win,paper_1h_loss,pending_4h
2026-06-08T00:23:12.195825+00:00,VVV,paper_crowded_momentum_reversal_candidate,short_perp,10.57334916,-1,0.10950000,0.001035861401,20.35861401,0.01054153,-0.02162520,,-0.01054153,0.02162520,,0.00000313,0.00001250,0.00005000,-125.74270044,196.01841900,,paper_15m_loss,paper_1h_win,pending_4h
2026-06-08T00:23:12.195825+00:00,W,paper_mark_oracle_reversion_candidate,long_perp,7.37607499,1,0.08740991,0.003154574132,41.54574132,0.00523013,-0.01150628,,0.00523013,-0.01150628,,-0.00000249,-0.00000998,-0.00003991,10.73056816,-156.70828583,,paper_15m_win,paper_1h_loss,pending_4h
2026-06-08T00:23:12.195825+00:00,WIF,paper_mark_oracle_reversion_candidate,long_perp,6.65844374,1,-0.33290540,0.001035216411,20.35216411,0.00461821,-0.01170368,,0.00461821,-0.01170368,,0.00000950,0.00003800,0.00015201,25.92491437,-137.00889098,,paper_15m_win,paper_1h_loss,pending_4h
2026-06-08T00:23:12.195825+00:00,WLD,paper_crowded_momentum_continuation_candidate,long_perp,17.54784033,1,0.10950000,0.000697895739,16.97895739,0.00656756,-0.02128724,,0.00656756,-0.02128724,,-0.00000313,-0.00001250,-0.00005000,48.66541757,-229.97637988,,paper_15m_win,paper_1h_loss,pending_4h
2026-06-08T00:23:12.195825+00:00,WLD,paper_crowded_momentum_reversal_candidate,short_perp,14.91566428,-1,0.10950000,0.000697895739,16.97895739,0.00656756,-0.02128724,,-0.00656756,0.02128724,,0.00000313,0.00001250,0.00005000,-82.62333235,196.01846510,,paper_15m_loss,paper_1h_win,pending_4h
2026-06-08T00:23:12.195825+00:00,XMR,paper_extreme_funding_carry_candidate,short_perp,10.35275154,-1,0.85299974,0.000788967603,17.88967603,0.00538871,-0.01242032,,-0.00538871,0.01242032,,0.00002434,0.00009737,0.00038950,-71.53333999,107.28726176,,paper_15m_loss,paper_1h_win,pending_4h
2026-06-08T00:23:12.195825+00:00,XRP,paper_crowded_momentum_continuation_candidate,long_perp,11.65768614,1,0.00456659,0.000098213898,10.98213898,0.00492185,-0.00889388,,0.00492185,-0.00889388,,-0.00000013,-0.00000052,-0.00000209,38.23510539,-99.92613102,,paper_15m_win,paper_1h_loss,pending_4h
2026-06-08T00:23:12.195825+00:00,XRP,paper_crowded_momentum_reversal_candidate,short_perp,9.90903322,-1,0.00456659,0.000098213898,10.98213898,0.00492185,-0.00889388,,-0.00492185,0.00889388,,0.00000013,0.00000052,0.00000209,-60.19938335,77.96185306,,paper_15m_loss,paper_1h_win,pending_4h
2026-06-08T00:23:12.195825+00:00,ZEC,paper_crowded_momentum_continuation_candidate,long_perp,26.50650582,1,-0.34729808,0.000583532343,15.83532343,-0.00401057,-0.02426853,,-0.00401057,-0.02426853,,0.00000991,0.00003965,0.00015858,-55.84194198,-258.12412558,,paper_15m_loss,paper_1h_loss,pending_4h
2026-06-08T00:23:12.195825+00:00,ZEC,paper_crowded_momentum_reversal_candidate,short_perp,22.53052995,-1,-0.34729808,0.000583532343,15.83532343,-0.00401057,-0.02426853,,0.00401057,0.02426853,,-0.00000991,-0.00003965,-0.00015858,24.17129512,226.45347872,,paper_15m_win,paper_1h_win,pending_4h
2026-06-08T00:23:12.195825+00:00,ZEN,paper_crowded_momentum_continuation_candidate,long_perp,13.36200515,1,-0.07015972,0.001672756086,26.72756086,0.00486928,-0.01849009,,0.00486928,-0.01849009,,0.00000200,0.00000801,0.00003204,21.98521501,-211.54832966,,paper_15m_win,paper_1h_loss,pending_4h
2026-06-08T00:23:12.195825+00:00,ZEN,paper_crowded_momentum_reversal_candidate,short_perp,11.35770437,-1,-0.07015972,0.001672756086,26.72756086,0.00486928,-0.01849009,,-0.00486928,0.01849009,,-0.00000200,-0.00000801,-0.00003204,-75.44033673,158.09320794,,paper_15m_loss,paper_1h_win,pending_4h
2026-06-08T00:23:12.195825+00:00,ZK,paper_extreme_funding_carry_candidate,long_perp,5.50754272,1,-0.64933325,0.002701138337,37.01138337,0.00815504,-0.00901852,,0.00815504,-0.00901852,,0.00001853,0.00007412,0.00029650,44.72434598,-126.45530279,,paper_15m_win,paper_1h_loss,pending_4h
2026-06-08T00:23:12.195825+00:00,ZK,paper_mark_oracle_reversion_candidate,long_perp,6.78389718,1,-0.64933325,0.002701138337,37.01138337,0.00815504,-0.00901852,,0.00815504,-0.00901852,,0.00001853,0.00007412,0.00029650,44.72434598,-126.45530279,,paper_15m_win,paper_1h_loss,pending_4h
2026-06-08T00:23:12.195825+00:00,ZORA,paper_extreme_funding_carry_candidate,long_perp,6.17314730,1,-0.40688098,0.002943947244,39.43947244,0.00951262,-0.01162654,,0.00951262,-0.01162654,,0.00001161,0.00004645,0.00018579,55.80289436,-155.24041041,,paper_15m_win,paper_1h_loss,pending_4h
2026-06-08T00:23:12.195825+00:00,ZORA,paper_mark_oracle_reversion_candidate,long_perp,8.77643012,1,-0.40688098,0.002943947244,39.43947244,0.00951262,-0.01162654,,0.00951262,-0.01162654,,0.00001161,0.00004645,0.00018579,55.80289436,-155.24041041,,paper_15m_win,paper_1h_loss,pending_4h
2026-06-08T00:23:12.195825+00:00,kLUNC,paper_crowded_momentum_continuation_candidate,long_perp,13.04707159,1,-0.04425902,0.001471856323,24.71856323,-0.00023748,-0.02027458,,-0.00023748,-0.02027458,,0.00000126,0.00000505,0.00002021,-27.08070032,-227.41386484,,paper_15m_loss,paper_1h_loss,pending_4h
2026-06-08T00:23:12.195825+00:00,kLUNC,paper_crowded_momentum_reversal_candidate,short_perp,11.09001085,-1,-0.04425902,0.001471856323,24.71856323,-0.00023748,-0.02027458,,0.00023748,0.02027458,,-0.00000126,-0.00000505,-0.00002021,-22.35642614,177.97673838,,paper_15m_loss,paper_1h_win,pending_4h
