timestamp,market,symbol,index_id,contract_type,price,index_price,price_change_24h,basis,spread,funding_rate,open_interest,volume_24h,oi_volume_ratio,score,status,side,reason,next_step
2026-06-08T14:07:17.784545+00:00,BYDFi (Futures),ZRO-PERPUSDT,ZRO,perpetual,0.88000000,0.88350000,-1.50888566,0.26100772,0.02000000,0.01000000,1398289.49000000,123581.17969095,11.31474464,26.87772487,derivatives_positioning_context,none,positioning context is visible but not actionable yet,"label BYDFi (Futures) ZRO-PERPUSDT forward returns, funding PnL, depth, fees, and margin constraints"
2026-06-08T14:07:17.784545+00:00,Bybit (Futures),ZROUSDT,ZRO,perpetual,0.89000000,0.88620000,-1.35933148,0.10166045,0.02000000,0.00500000,11008111.97000000,4540363.33158641,2.42450024,22.93821919,derivatives_positioning_context,none,positioning context is visible but not actionable yet,"label Bybit (Futures) ZROUSDT forward returns, funding PnL, depth, fees, and margin constraints"
2026-06-08T14:07:17.784545+00:00,Bitmart Futures,ZROUSDT,ZRO,perpetual,0.89000000,0.88789580,-1.10528079,0.15745065,0.10000000,0.00520000,18966735.72000000,8012508.44959828,2.36714081,22.25757048,derivatives_positioning_context,none,positioning context is visible but not actionable yet,"label Bitmart Futures ZROUSDT forward returns, funding PnL, depth, fees, and margin constraints"
2026-06-08T14:07:17.784545+00:00,Hyperliquid (Futures),ZRO-USD,ZRO,perpetual,0.88000000,0.88150000,-1.62236951,-0.02041557,0.02000000,0.00125000,24800731.75000000,2499677.39837200,9.92157299,21.23214281,derivatives_positioning_context,none,positioning context is visible but not actionable yet,"label Hyperliquid (Futures) ZRO-USD forward returns, funding PnL, depth, fees, and margin constraints"
2026-06-08T14:07:17.784545+00:00,Lighter,ZRO_USDC,ZRO,perpetual,0.88000000,0.88194000,-1.62470351,-0.16753073,0.11000000,0.00120000,2695610.90000000,603114.60639280,4.46948370,20.99906997,derivatives_positioning_context,none,positioning context is visible but not actionable yet,"label Lighter ZRO_USDC forward returns, funding PnL, depth, fees, and margin constraints"
2026-06-08T14:07:17.784545+00:00,CoinW (Futures),ZRO/USDT,ZRO,perpetual,0.88000000,0.88080000,-1.57453936,-0.06807352,0.01000000,-0.01088300,2388770.18000000,2087056.36114501,1.14456429,16.25377481,derivatives_positioning_context,none,positioning context is visible but not actionable yet,"label CoinW (Futures) ZRO/USDT forward returns, funding PnL, depth, fees, and margin constraints"
2026-06-08T14:07:17.784545+00:00,Gate (Futures),ZRO_USDT,ZRO,perpetual,0.88000000,0.88700000,-1.56424581,0.68104427,11.11000000,0.00500000,1399530.17000000,461019.61524728,3.03572803,14.83508338,derivatives_positioning_context,none,positioning context is visible but not actionable yet,"label Gate (Futures) ZRO_USDT forward returns, funding PnL, depth, fees, and margin constraints"
2026-06-08T14:07:17.784545+00:00,Bitget Futures,ZROUSDT_UMCBL,ZRO,perpetual,0.88000000,0.88139509,-1.91686170,0.14715296,0.08000000,0.00500000,1893884.09000000,1403195.64856060,1.34969353,14.27350684,derivatives_positioning_context,none,positioning context is visible but not actionable yet,"label Bitget Futures ZROUSDT_UMCBL forward returns, funding PnL, depth, fees, and margin constraints"
2026-06-08T14:07:17.784545+00:00,Binance (Futures),ZROUSDT,ZRO,perpetual,0.88000000,0.88348822,-1.70682731,0.38498125,0.02000000,0.00500000,14181231.62000000,12418906.22787511,1.14190665,13.37046418,derivatives_positioning_context,none,positioning context is visible but not actionable yet,"label Binance (Futures) ZROUSDT forward returns, funding PnL, depth, fees, and margin constraints"
2026-06-08T14:07:17.784545+00:00,Zoomex (Futures),ZRO-USDT,ZRO,perpetual,0.88000000,0.88350000,-1.50669643,0.11331445,0.01000000,0.00500000,1101426.70000000,1359014.23461770,0.81046002,10.11723884,derivatives_positioning_context,none,positioning context is visible but not actionable yet,"label Zoomex (Futures) ZRO-USDT forward returns, funding PnL, depth, fees, and margin constraints"
2026-06-08T14:07:17.784545+00:00,OrangeX Futures,ZRO-USDT-PERPETUAL,ZRO,perpetual,0.88000000,0.88350000,-1.45316342,0.21551724,0.00000000,0.01000000,1689897.27000000,4737044.59251265,0.35674084,9.73376412,derivatives_positioning_context,none,positioning context is visible but not actionable yet,"label OrangeX Futures ZRO-USDT-PERPETUAL forward returns, funding PnL, depth, fees, and margin constraints"
2026-06-08T14:07:17.784545+00:00,MEXC (Futures),ZRO_USDT,ZRO,perpetual,0.88000000,0.88100000,-2.61061947,0.06815084,0.01000000,0.00500000,1657070.92000000,2589249.60741552,0.63998114,8.99782930,derivatives_positioning_context,none,positioning context is visible but not actionable yet,"label MEXC (Futures) ZRO_USDT forward returns, funding PnL, depth, fees, and margin constraints"
2026-06-08T14:07:17.784545+00:00,BingX (Futures),ZRO-USDT,ZRO,perpetual,0.88000000,0.88360000,-1.93419297,0.15869417,0.07000000,0.00500000,3344822.33000000,6760000.64785699,0.49479616,7.52622513,derivatives_positioning_context,none,positioning context is visible but not actionable yet,"label BingX (Futures) ZRO-USDT forward returns, funding PnL, depth, fees, and margin constraints"
2026-06-08T14:07:17.784545+00:00,OKX (Futures),ZRO-USDT-SWAP,ZRO,perpetual,0.89000000,0.88600000,-1.00558659,0.00000000,0.11000000,0.00500000,2243164.37000000,4864470.10452986,0.46113232,6.45494978,derivatives_positioning_context,none,positioning context is visible but not actionable yet,"label OKX (Futures) ZRO-USDT-SWAP forward returns, funding PnL, depth, fees, and margin constraints"
2026-06-08T14:07:17.784545+00:00,Deepcoin (Derivatives),ZROUSDT,ZRO,perpetual,0.88000000,0.88315000,-1.51904390,0.16445503,0.06000000,0.00500000,1236758.83000000,3637921.83352020,0.33996300,6.21407661,derivatives_positioning_context,none,positioning context is visible but not actionable yet,"label Deepcoin (Derivatives) ZROUSDT forward returns, funding PnL, depth, fees, and margin constraints"
2026-06-08T14:07:17.784545+00:00,WhiteBIT Futures,ZRO_PERP,ZRO,perpetual,0.88000000,0.87900000,-1.31711128,-0.57685782,0.34000000,0.00500000,3060553.76000000,7742797.13961872,0.39527753,6.03267600,derivatives_positioning_context,none,positioning context is visible but not actionable yet,"label WhiteBIT Futures ZRO_PERP forward returns, funding PnL, depth, fees, and margin constraints"
2026-06-08T14:07:17.784545+00:00,Bitmart Futures,VIRTUALUSDT,VIRTUAL,perpetual,0.58000000,0.58924595,3.17460317,0.43394409,0.07000000,-0.00615780,24110785.85000000,6207461.74526263,3.88416181,25.22558564,derivatives_positioning_context,none,positioning context is visible but not actionable yet,"label Bitmart Futures VIRTUALUSDT forward returns, funding PnL, depth, fees, and margin constraints"
2026-06-08T14:07:17.784545+00:00,BTSE (Futures),VIRTUAL-PERP,VIRTUAL,perpetual,0.58000000,0.58483500,3.48796034,0.05731394,0.05000000,0.00500000,6152396.56000000,213728.53592000,28.78603240,23.92374824,derivatives_positioning_context,none,positioning context is visible but not actionable yet,"label BTSE (Futures) VIRTUAL-PERP forward returns, funding PnL, depth, fees, and margin constraints"
2026-06-08T14:07:17.784545+00:00,Hyperliquid (Futures),VIRTUAL-USD,VIRTUAL,perpetual,0.59000000,0.58700000,4.01319991,0.12622386,0.03000000,0.00028848,5761958.04000000,1857670.98115500,3.10171074,21.49473495,derivatives_positioning_context,none,positioning context is visible but not actionable yet,"label Hyperliquid (Futures) VIRTUAL-USD forward returns, funding PnL, depth, fees, and margin constraints"
2026-06-08T14:07:17.784545+00:00,WEEX (Futures),VIRTUAL-USDT,VIRTUAL,perpetual,0.59000000,0.58680000,3.89725421,0.05115090,0.00000000,-0.00007978,2810325.75000000,1048319.93394252,2.68079015,21.32706334,derivatives_positioning_context,none,positioning context is visible but not actionable yet,"label WEEX (Futures) VIRTUAL-USDT forward returns, funding PnL, depth, fees, and margin constraints"
2026-06-08T14:07:17.784545+00:00,Aivora Exchange (Futures),E-VIRTUAL-USDT,VIRTUAL,perpetual,0.59000000,0.58714000,3.91705069,0.14327136,0.02000000,-0.02044053,15741710.30000000,44952412.71446037,0.35018610,16.54885362,derivatives_positioning_context,none,positioning context is visible but not actionable yet,"label Aivora Exchange (Futures) E-VIRTUAL-USDT forward returns, funding PnL, depth, fees, and margin constraints"
2026-06-08T14:07:17.784545+00:00,Bybit (Futures),VIRTUALUSDT,VIRTUAL,perpetual,0.59000000,0.58680000,3.84274836,0.06821282,0.02000000,-0.01610800,13178848.09000000,19542766.50766421,0.67435939,16.31436850,derivatives_positioning_context,none,positioning context is visible but not actionable yet,"label Bybit (Futures) VIRTUALUSDT forward returns, funding PnL, depth, fees, and margin constraints"
2026-06-08T14:07:17.784545+00:00,Bitget Futures,VIRTUALUSDT_UMCBL,VIRTUAL,perpetual,0.59000000,0.58719854,3.89794472,0.13617691,0.02000000,0.00460000,4780928.90000000,3322756.06494200,1.43884438,15.62869967,derivatives_positioning_context,none,positioning context is visible but not actionable yet,"label Bitget Futures VIRTUALUSDT_UMCBL forward returns, funding PnL, depth, fees, and margin constraints"
2026-06-08T14:07:17.784545+00:00,MEXC (Futures),VIRTUAL_USDT,VIRTUAL,perpetual,0.59000000,0.58680000,4.04973357,0.17070673,0.02000000,-0.00600000,3244646.84000000,2860448.24493499,1.13431412,14.14305669,derivatives_positioning_context,none,positioning context is visible but not actionable yet,"label MEXC (Futures) VIRTUAL_USDT forward returns, funding PnL, depth, fees, and margin constraints"
2026-06-08T14:07:17.784545+00:00,Zoomex (Futures),VIRTUAL-USDT,VIRTUAL,perpetual,0.59000000,0.58810000,4.27760028,0.10212766,0.02000000,-0.01630000,1317983.22000000,5861757.72028865,0.22484437,12.98064984,derivatives_positioning_context,none,positioning context is visible but not actionable yet,"label Zoomex (Futures) VIRTUAL-USDT forward returns, funding PnL, depth, fees, and margin constraints"
2026-06-08T14:07:17.784545+00:00,KCEX (Futures),VIRTUAL_USDT,VIRTUAL,perpetual,0.59000000,0.58740000,4.19331912,0.17053206,0.00000000,-0.00620000,1194379.52000000,1744194.58823087,0.68477424,10.80313091,derivatives_positioning_context,none,positioning context is visible but not actionable yet,"label KCEX (Futures) VIRTUAL_USDT forward returns, funding PnL, depth, fees, and margin constraints"
2026-06-08T14:07:17.784545+00:00,OKX (Futures),VIRTUAL-USDT-SWAP,VIRTUAL,perpetual,0.59000000,0.58710000,3.80800567,0.17061935,0.02000000,-0.01065366,2519750.43000000,7533286.22263709,0.33448224,10.47180203,derivatives_positioning_context,none,positioning context is visible but not actionable yet,"label OKX (Futures) VIRTUAL-USDT-SWAP forward returns, funding PnL, depth, fees, and margin constraints"
2026-06-08T14:07:17.784545+00:00,Binance (Futures),VIRTUALUSDT,VIRTUAL,perpetual,0.59000000,0.58804595,4.04398723,0.24649676,0.02000000,-0.00596000,14057836.98000000,29852652.51811078,0.47090747,9.03727041,derivatives_positioning_context,none,positioning context is visible but not actionable yet,"label Binance (Futures) VIRTUALUSDT forward returns, funding PnL, depth, fees, and margin constraints"
2026-06-08T14:07:17.784545+00:00,BingX (Futures),VIRTUAL-USDT,VIRTUAL,perpetual,0.59000000,0.58790000,4.20287285,0.05105514,0.03000000,0.00500000,3365003.13000000,7868391.60169909,0.42766086,7.65672581,derivatives_positioning_context,none,positioning context is visible but not actionable yet,"label BingX (Futures) VIRTUAL-USDT forward returns, funding PnL, depth, fees, and margin constraints"
2026-06-08T14:07:17.784545+00:00,OrangeX Futures,VIRTUAL-USDT-PERPETUAL,VIRTUAL,perpetual,0.59000000,0.58810000,4.31616341,0.13621658,0.00000000,-0.00200000,3422036.28000000,9749471.79917292,0.35099710,5.60160197,derivatives_positioning_context,none,positioning context is visible but not actionable yet,"label OrangeX Futures VIRTUAL-USDT-PERPETUAL forward returns, funding PnL, depth, fees, and margin constraints"
2026-06-08T14:07:17.784545+00:00,WhiteBIT Futures,VIRTUAL_PERP,VIRTUAL,perpetual,0.59000000,0.58880000,4.03968816,0.27247956,0.34000000,0.00500000,3086554.65000000,11078527.62750767,0.27860694,5.31405124,derivatives_positioning_context,none,positioning context is visible but not actionable yet,"label WhiteBIT Futures VIRTUAL_PERP forward returns, funding PnL, depth, fees, and margin constraints"
2026-06-08T14:07:17.784545+00:00,Toobit Futures,VIRTUAL-SWAP-USDT,VIRTUAL,perpetual,0.59000000,0.58805676,4.33700675,0.18002726,0.03000000,0.00010132,1613638.89000000,4379242.74721409,0.36847441,4.53172948,derivatives_positioning_context,none,positioning context is visible but not actionable yet,"label Toobit Futures VIRTUAL-SWAP-USDT forward returns, funding PnL, depth, fees, and margin constraints"
2026-06-08T14:07:17.784545+00:00,Gate (Futures),VIRTUAL_USDT,VIRTUAL,perpetual,0.59000000,0.58696000,4.26439232,0.02726653,16.67000000,-0.00750000,1146869.16000000,1139147.09810191,1.00677881,3.89265327,derivatives_positioning_context,none,positioning context is visible but not actionable yet,"label Gate (Futures) VIRTUAL_USDT forward returns, funding PnL, depth, fees, and margin constraints"
2026-06-08T14:07:17.784545+00:00,Phemex (Futures),AAVE-PERPUSDC,AAVE,perpetual,63.97000000,64.11877168,2.74610567,0.21689853,0.06000000,-0.04068200,1039060.79000000,204487.01942904,5.08130439,45.36931586,paper_oi_funding_crowding_watch,watch_long_crowded_short,high OI/volume with material funding,"label Phemex (Futures) AAVE-PERPUSDC forward returns, funding PnL, depth, fees, and margin constraints"
2026-06-08T14:07:17.784545+00:00,Bitmart Futures,AAVEUSDT,AAVE,perpetual,63.98000000,64.16710672,2.39463602,0.30812368,0.03000000,0.04000000,34527675.79000000,13176469.93183536,2.62040410,45.28004646,paper_oi_funding_crowding_watch,watch_short_crowded_long,high OI/volume with material funding,"label Bitmart Futures AAVEUSDT forward returns, funding PnL, depth, fees, and margin constraints"
2026-06-08T14:07:17.784545+00:00,Aster (Futures),AAVE-USDT,AAVE,perpetual,63.91000000,64.17090757,2.38552674,0.34543795,0.08000000,0.01000000,2139612.07000000,217403.48081896,9.84166427,27.01124796,derivatives_positioning_context,none,positioning context is visible but not actionable yet,"label Aster (Futures) AAVE-USDT forward returns, funding PnL, depth, fees, and margin constraints"
2026-06-08T14:07:17.784545+00:00,BYDFi (Futures),AAVE-PERPUSDT,AAVE,perpetual,64.11000000,64.11000000,2.96950241,-0.06235386,0.02000000,0.01000000,1733991.74000000,227733.25687488,7.61413490,26.91948189,derivatives_positioning_context,none,positioning context is visible but not actionable yet,"label BYDFi (Futures) AAVE-PERPUSDT forward returns, funding PnL, depth, fees, and margin constraints"
2026-06-08T14:07:17.784545+00:00,Bitget Futures,AAVEUSD_DMCBL,AAVE,perpetual,63.92000000,64.01749306,2.40307594,0.15252356,0.13000000,0.01000000,1120734.93000000,145064.26500000,7.72578229,26.37850149,derivatives_positioning_context,none,positioning context is visible but not actionable yet,"label Bitget Futures AAVEUSD_DMCBL forward returns, funding PnL, depth, fees, and margin constraints"
2026-06-08T14:07:17.784545+00:00,Gate (Futures),AAVE_USDT,AAVE,perpetual,64.11000000,64.23600000,2.93645700,0.13406080,0.16000000,-0.01670000,4886569.14000000,3226379.97692000,1.51456715,22.50182182,derivatives_positioning_context,none,positioning context is visible but not actionable yet,"label Gate (Futures) AAVE_USDT forward returns, funding PnL, depth, fees, and margin constraints"
2026-06-08T14:07:17.784545+00:00,Kraken (Futures),PF_AAVEUSD,AAVE,perpetual,64.18000000,64.21090000,2.63873341,0.04814584,0.09000000,-0.00320952,1141329.63000000,229187.42180000,4.97989646,22.36636581,derivatives_positioning_context,none,positioning context is visible but not actionable yet,"label Kraken (Futures) PF_AAVEUSD forward returns, funding PnL, depth, fees, and margin constraints"
2026-06-08T14:07:17.784545+00:00,Hyperliquid (Futures),AAVE-USD,AAVE,perpetual,64.07000000,64.16000000,2.83265660,0.13421981,0.04000000,0.00125000,43993753.03000000,5065663.73081000,8.68469669,21.76635543,derivatives_positioning_context,none,positioning context is visible but not actionable yet,"label Hyperliquid (Futures) AAVE-USD forward returns, funding PnL, depth, fees, and margin constraints"
2026-06-08T14:07:17.784545+00:00,Binance (Futures),AAVEUSD_PERP,AAVE,perpetual,64.11000000,64.18542731,2.77332478,0.11765296,0.02000000,-0.00120600,9219659.10000000,1157794.37856403,7.96312305,21.71165825,derivatives_positioning_context,none,positioning context is visible but not actionable yet,"label Binance (Futures) AAVEUSD_PERP forward returns, funding PnL, depth, fees, and margin constraints"
2026-06-08T14:07:17.784545+00:00,Lighter,AAVE_USDC,AAVE,perpetual,64.02000000,64.01900000,2.54603683,-0.03279200,0.07000000,0.00120000,6112201.23000000,700527.72122920,8.72513827,21.21302052,derivatives_positioning_context,none,positioning context is visible but not actionable yet,"label Lighter AAVE_USDC forward returns, funding PnL, depth, fees, and margin constraints"
2026-06-08T14:07:17.784545+00:00,LBank (Futures),AAVEUSDT,AAVE,perpetual,63.96000000,64.09000000,2.58054175,0.14062500,0.05000000,-0.01220000,8617048.33000000,6008259.38068226,1.43420045,19.62826677,derivatives_positioning_context,none,positioning context is visible but not actionable yet,"label LBank (Futures) AAVEUSDT forward returns, funding PnL, depth, fees, and margin constraints"
2026-06-08T14:07:17.784545+00:00,BloFin (Futures),AAVE-USDT,AAVE,perpetual,64.05000000,64.26000000,2.82368041,0.00000000,0.02000000,0.00786516,1990513.84000000,1161151.55569807,1.71425843,19.18656840,derivatives_positioning_context,none,positioning context is visible but not actionable yet,"label BloFin (Futures) AAVE-USDT forward returns, funding PnL, depth, fees, and margin constraints"
2026-06-08T14:07:17.784545+00:00,Bitget Futures,AAVEUSDT_UMCBL,AAVE,perpetual,63.92000000,64.14447965,2.64126781,0.03817788,0.03000000,-0.00210000,11761238.59000000,5539096.52717654,2.12331353,18.99984499,derivatives_positioning_context,none,positioning context is visible but not actionable yet,"label Bitget Futures AAVEUSDT_UMCBL forward returns, funding PnL, depth, fees, and margin constraints"
2026-06-08T14:07:17.784545+00:00,KCEX (Futures),AAVE_USDT,AAVE,perpetual,64.13000000,64.23000000,2.75420336,0.09350164,0.00000000,-0.01200000,2059400.11000000,1776348.41902813,1.15934469,17.49569331,derivatives_positioning_context,none,positioning context is visible but not actionable yet,"label KCEX (Futures) AAVE_USDT forward returns, funding PnL, depth, fees, and margin constraints"
2026-06-08T14:07:17.784545+00:00,Bybit (Futures),AAVEUSDT,AAVE,perpetual,64.03000000,64.19000000,2.62358023,0.06235386,0.02000000,-0.00478000,30932971.84000000,21217349.17871353,1.45790935,15.44735726,derivatives_positioning_context,none,positioning context is visible but not actionable yet,"label Bybit (Futures) AAVEUSDT forward returns, funding PnL, depth, fees, and margin constraints"
2026-06-08T14:07:17.784545+00:00,Phemex (Futures),AAVE-PERPUSDT,AAVE,perpetual,64.16000000,64.23223940,2.85165011,0.05021713,0.06000000,-0.00949100,2354043.87000000,2257562.99085032,1.04273674,14.70164642,derivatives_positioning_context,none,positioning context is visible but not actionable yet,"label Phemex (Futures) AAVE-PERPUSDT forward returns, funding PnL, depth, fees, and margin constraints"
2026-06-08T14:07:17.784545+00:00,OKX (Futures),AAVE-USDT-SWAP,AAVE,perpetual,64.03000000,64.12000000,2.75950586,0.10928962,0.02000000,-0.01699508,9193900.21000000,21206862.25464776,0.43353421,14.67255577,derivatives_positioning_context,none,positioning context is visible but not actionable yet,"label OKX (Futures) AAVE-USDT-SWAP forward returns, funding PnL, depth, fees, and margin constraints"
2026-06-08T14:07:17.784545+00:00,Binance (Futures),AAVEUSDT,AAVE,perpetual,64.11000000,63.98163790,2.33637382,0.04947287,0.02000000,-0.01267900,41308735.87000000,54849900.31200000,0.75312326,14.52456126,derivatives_positioning_context,none,positioning context is visible but not actionable yet,"label Binance (Futures) AAVEUSDT forward returns, funding PnL, depth, fees, and margin constraints"
2026-06-08T14:07:17.784545+00:00,Bitunix Futures,AAVE_USDC,AAVE,perpetual,63.97000000,63.90000000,2.56492466,-0.12503907,0.02000000,0.00654000,1771802.09000000,1514323.42800000,1.17002884,14.21035855,derivatives_positioning_context,none,positioning context is visible but not actionable yet,"label Bitunix Futures AAVE_USDC forward returns, funding PnL, depth, fees, and margin constraints"
2026-06-08T14:07:17.784545+00:00,Deepcoin (Derivatives),AAVEUSDT,AAVE,perpetual,64.11000000,64.20700000,2.68929086,0.08885425,0.02000000,0.01120000,8191339.16000000,10729217.31563201,0.76346102,13.75002500,derivatives_positioning_context,none,positioning context is visible but not actionable yet,"label Deepcoin (Derivatives) AAVEUSDT forward returns, funding PnL, depth, fees, and margin constraints"
2026-06-08T14:07:17.784545+00:00,WhiteBIT Futures,AAVE_PERP,AAVE,perpetual,64.06000000,64.25000000,3.00498152,0.23400936,0.31000000,-0.01590100,10298039.27000000,26564658.63713921,0.38765939,12.53511366,derivatives_positioning_context,none,positioning context is visible but not actionable yet,"label WhiteBIT Futures AAVE_PERP forward returns, funding PnL, depth, fees, and margin constraints"
2026-06-08T14:07:17.784545+00:00,CoinW (Futures),AAVE/USDT,AAVE,perpetual,64.08000000,64.12000000,2.73994552,0.00000000,0.03000000,-0.00793300,16764926.01000000,22313125.78328126,0.75134816,11.52072504,derivatives_positioning_context,none,positioning context is visible but not actionable yet,"label CoinW (Futures) AAVE/USDT forward returns, funding PnL, depth, fees, and margin constraints"
2026-06-08T14:07:17.784545+00:00,Aivora Exchange (Futures),E-AAVE-USDT,AAVE,perpetual,64.07000000,64.15553333,2.74038462,0.07102376,0.03000000,0.01000000,23765125.08000000,43285022.13997133,0.54903807,11.34056777,derivatives_positioning_context,none,positioning context is visible but not actionable yet,"label Aivora Exchange (Futures) E-AAVE-USDT forward returns, funding PnL, depth, fees, and margin constraints"
2026-06-08T14:07:17.784545+00:00,Binance (Futures),AAVEUSDC,AAVE,perpetual,64.11000000,64.23121629,2.69015212,0.15782986,0.03000000,-0.00129800,3036689.09000000,2665745.08800000,1.13915209,10.87612695,derivatives_positioning_context,none,positioning context is visible but not actionable yet,"label Binance (Futures) AAVEUSDC forward returns, funding PnL, depth, fees, and margin constraints"
2026-06-08T14:07:17.784545+00:00,MEXC (Futures),AAVE_USDT,AAVE,perpetual,63.98000000,64.11000000,2.44839174,0.14058107,0.03000000,-0.01240000,7793910.15000000,26118397.51708882,0.29840690,10.76075951,derivatives_positioning_context,none,positioning context is visible but not actionable yet,"label MEXC (Futures) AAVE_USDT forward returns, funding PnL, depth, fees, and margin constraints"
2026-06-08T14:07:17.784545+00:00,OrangeX Futures,AAVE-USDT-PERPETUAL,AAVE,perpetual,64.11000000,64.20000000,2.90343279,0.07794232,0.00000000,-0.01000000,13987962.62000000,41711761.81038688,0.33534816,9.82109922,derivatives_positioning_context,none,positioning context is visible but not actionable yet,"label OrangeX Futures AAVE-USDT-PERPETUAL forward returns, funding PnL, depth, fees, and margin constraints"
2026-06-08T14:07:17.784545+00:00,Ourbit (Futures),AAVE_USDT,AAVE,perpetual,64.02000000,64.11000000,2.44682552,0.07805183,0.02000000,-0.01250000,1537746.72000000,9787952.84151444,0.15710606,9.56965120,derivatives_positioning_context,none,positioning context is visible but not actionable yet,"label Ourbit (Futures) AAVE_USDT forward returns, funding PnL, depth, fees, and margin constraints"
2026-06-08T14:07:17.784545+00:00,BVOX (Futures),AAVE-SWAP-USDT,AAVE,perpetual,63.94000000,64.00087807,2.58136925,0.03263218,0.05000000,0.01000000,6756453.26000000,22935747.65766727,0.29458178,9.00571374,derivatives_positioning_context,none,positioning context is visible but not actionable yet,"label BVOX (Futures) AAVE-SWAP-USDT forward returns, funding PnL, depth, fees, and margin constraints"
2026-06-08T14:07:17.784545+00:00,Bitunix Futures,AAVE_USDT,AAVE,perpetual,63.95000000,64.25000000,2.95108260,0.09347250,0.02000000,0.00424700,2713572.19000000,4789125.97000000,0.56661115,8.06836441,derivatives_positioning_context,none,positioning context is visible but not actionable yet,"label Bitunix Futures AAVE_USDT forward returns, funding PnL, depth, fees, and margin constraints"
2026-06-08T14:07:17.784545+00:00,BingX (Futures),AAVE-USDT,AAVE,perpetual,63.98000000,64.21000000,2.55754476,0.07793017,0.03000000,-0.00090000,9717144.29000000,12659072.27959788,0.76760319,7.49870175,derivatives_positioning_context,none,positioning context is visible but not actionable yet,"label BingX (Futures) AAVE-USDT forward returns, funding PnL, depth, fees, and margin constraints"
2026-06-08T14:07:17.784545+00:00,Zoomex (Futures),AAVE-USDT,AAVE,perpetual,63.87000000,63.98000000,2.27236358,0.10952903,0.02000000,-0.00490000,3116466.72000000,39171100.46325165,0.07956036,4.46182511,derivatives_positioning_context,none,positioning context is visible but not actionable yet,"label Zoomex (Futures) AAVE-USDT forward returns, funding PnL, depth, fees, and margin constraints"
2026-06-08T14:07:17.784545+00:00,CoinUp.io (Futures),AAVE-USDT,AAVE,perpetual,64.18000000,64.21245000,2.90017625,-0.01175646,0.02000000,-0.00434300,11936351.68000000,170652619.74551362,0.06994532,4.32410628,derivatives_positioning_context,none,positioning context is visible but not actionable yet,"label CoinUp.io (Futures) AAVE-USDT forward returns, funding PnL, depth, fees, and margin constraints"
2026-06-08T14:07:17.784545+00:00,Toobit Futures,AAVE-SWAP-USDT,AAVE,perpetual,64.25000000,64.36446809,3.17766009,0.11583153,0.02000000,0.00005544,3310338.45000000,9063636.92482251,0.36523291,4.06483844,derivatives_positioning_context,none,positioning context is visible but not actionable yet,"label Toobit Futures AAVE-SWAP-USDT forward returns, funding PnL, depth, fees, and margin constraints"
2026-06-08T14:07:17.784545+00:00,WEEX (Futures),AAVE-USDT,AAVE,perpetual,64.02000000,64.06000000,2.66025641,0.00000000,0.00000000,-0.00009705,3219461.08000000,9228310.35036180,0.34886788,3.67214552,derivatives_positioning_context,none,positioning context is visible but not actionable yet,"label WEEX (Futures) AAVE-USDT forward returns, funding PnL, depth, fees, and margin constraints"
2026-06-08T14:07:17.784545+00:00,AlphaX (Futures),AAVE_USDT,AAVE,perpetual,64.23000000,64.36666667,1.91880748,0.15040714,0.00000000,-0.00080000,1652118.76000000,7191499.57381962,0.22973216,3.21200107,derivatives_positioning_context,none,positioning context is visible but not actionable yet,"label AlphaX (Futures) AAVE_USDT forward returns, funding PnL, depth, fees, and margin constraints"
2026-06-08T14:07:17.784545+00:00,Phemex (Futures),HEMI-PERPUSDT,HEMI,perpetual,0.01000000,0.00558160,0.63165494,0.10043042,0.09000000,0.00500000,1302801.35000000,149015.39977154,8.74272962,22.94326095,derivatives_positioning_context,none,positioning context is visible but not actionable yet,"label Phemex (Futures) HEMI-PERPUSDT forward returns, funding PnL, depth, fees, and margin constraints"
2026-06-08T14:07:17.784545+00:00,Binance (Futures),HEMIUSDT,HEMI,perpetual,0.01000000,0.00558925,0.84852862,0.05818117,0.02000000,0.00500000,1557237.32000000,1440531.37009196,1.08101590,11.92504368,derivatives_positioning_context,none,positioning context is visible but not actionable yet,"label Binance (Futures) HEMIUSDT forward returns, funding PnL, depth, fees, and margin constraints"
2026-06-08T14:07:17.784545+00:00,Bitmart Futures,HEMIUSDT,HEMI,perpetual,0.01000000,0.00556272,-0.14354926,0.03092969,0.27000000,0.00490000,4011065.27000000,8017670.91426788,0.50027811,5.72120653,derivatives_positioning_context,none,positioning context is visible but not actionable yet,"label Bitmart Futures HEMIUSDT forward returns, funding PnL, depth, fees, and margin constraints"
2026-06-08T14:07:17.784545+00:00,BloFin (Futures),TRUMP-USDT,TRUMP,perpetual,1.68000000,1.68600000,4.33168317,0.00000000,0.06000000,-0.01854794,1676808.37000000,345560.83586966,4.85242596,32.13231588,derivatives_positioning_context,none,positioning context is visible but not actionable yet,"label BloFin (Futures) TRUMP-USDT forward returns, funding PnL, depth, fees, and margin constraints"
2026-06-08T14:07:17.784545+00:00,Gate (Futures),TRUMP_USDT,TRUMP,perpetual,1.68000000,1.68650000,4.52853598,0.08902077,5.88000000,-0.03390000,27688596.09000000,2894030.96807911,9.56748438,31.93776759,paper_oi_funding_crowding_watch,watch_long_crowded_short,high OI/volume with material funding,"label Gate (Futures) TRUMP_USDT forward returns, funding PnL, depth, fees, and margin constraints"
2026-06-08T14:07:17.784545+00:00,Bitmart Futures,TRUMPUSDT,TRUMP,perpetual,1.69000000,1.68501971,4.58772474,0.06055285,0.06000000,-0.01575840,33692992.73000000,8157048.91389123,4.13053705,30.73616320,derivatives_positioning_context,none,positioning context is visible but not actionable yet,"label Bitmart Futures TRUMPUSDT forward returns, funding PnL, depth, fees, and margin constraints"
2026-06-08T14:07:17.784545+00:00,CoinUp.io (Futures),TRUMP-USDT,TRUMP,perpetual,1.69000000,1.69000000,4.77963998,0.11848341,0.06000000,-0.01279700,8686534.40000000,2586264.69866193,3.35871823,29.07160442,derivatives_positioning_context,none,positioning context is visible but not actionable yet,"label CoinUp.io (Futures) TRUMP-USDT forward returns, funding PnL, depth, fees, and margin constraints"
2026-06-08T14:07:17.784545+00:00,Bybit (Futures),TRUMPUSDT,TRUMP,perpetual,1.68000000,1.68700000,4.52572846,0.05931198,0.06000000,-0.02723600,16826952.74000000,13939170.66525055,1.20717029,27.23683709,paper_oi_funding_crowding_watch,watch_long_crowded_short,high OI/volume with material funding,"label Bybit (Futures) TRUMPUSDT forward returns, funding PnL, depth, fees, and margin constraints"
2026-06-08T14:07:17.784545+00:00,Bitget Futures,TRUMPUSDT_UMCBL,TRUMP,perpetual,1.69000000,1.68733280,4.59057072,0.07905079,0.06000000,-0.02140000,7256033.60000000,5787184.94064071,1.25381056,24.13184372,paper_oi_funding_crowding_watch,watch_long_crowded_short,high OI/volume with material funding,"label Bitget Futures TRUMPUSDT_UMCBL forward returns, funding PnL, depth, fees, and margin constraints"
2026-06-08T14:07:17.784545+00:00,Hyperliquid (Futures),TRUMP-USD,TRUMP,perpetual,1.68000000,1.68700000,4.40200880,0.18409644,0.04000000,-0.00407601,5717121.37000000,1764266.17921000,3.24050953,23.94936430,derivatives_positioning_context,none,positioning context is visible but not actionable yet,"label Hyperliquid (Futures) TRUMP-USD forward returns, funding PnL, depth, fees, and margin constraints"
2026-06-08T14:07:17.784545+00:00,Lighter,TRUMP_USDC,TRUMP,perpetual,1.68000000,1.68440000,4.51921286,0.04157510,0.08000000,-0.00180000,1371788.38000000,238189.56989633,5.75922943,22.12213402,derivatives_positioning_context,none,positioning context is visible but not actionable yet,"label Lighter TRUMP_USDC forward returns, funding PnL, depth, fees, and margin constraints"
2026-06-08T14:07:17.784545+00:00,Zoomex (Futures),TRUMP-USDT,TRUMP,perpetual,1.69000000,1.69000000,4.90988191,0.11848341,0.06000000,-0.02630000,1742428.80000000,7868665.61155758,0.22143892,18.98066493,derivatives_positioning_context,none,positioning context is visible but not actionable yet,"label Zoomex (Futures) TRUMP-USDT forward returns, funding PnL, depth, fees, and margin constraints"
2026-06-08T14:07:17.784545+00:00,WhiteBIT Futures,TRUMP_PERP,TRUMP,perpetual,1.68000000,1.69100000,4.85678705,0.41567696,1.18000000,-0.02843300,6577568.42000000,10239945.65493096,0.64234408,18.62057766,derivatives_positioning_context,none,positioning context is visible but not actionable yet,"label WhiteBIT Futures TRUMP_PERP forward returns, funding PnL, depth, fees, and margin constraints"
2026-06-08T14:07:17.784545+00:00,Binance (Futures),TRUMPUSDT,TRUMP,perpetual,1.69000000,1.68906217,4.65260546,0.12223889,0.06000000,-0.01846700,23908004.40000000,46832675.92620119,0.51049836,16.64592767,derivatives_positioning_context,none,positioning context is visible but not actionable yet,"label Binance (Futures) TRUMPUSDT forward returns, funding PnL, depth, fees, and margin constraints"
2026-06-08T14:07:17.784545+00:00,CoinW (Futures),TRUMP/USDT,TRUMP,perpetual,1.68000000,1.68700000,4.52572846,0.05931198,0.12000000,-0.01790000,8666192.69000000,16992703.02550812,0.50999495,15.74761987,derivatives_positioning_context,none,positioning context is visible but not actionable yet,"label CoinW (Futures) TRUMP/USDT forward returns, funding PnL, depth, fees, and margin constraints"
2026-06-08T14:07:17.784545+00:00,Toobit Futures,TRUMP-SWAP-USDT,TRUMP,perpetual,1.69000000,1.69115936,4.90378647,0.06860118,0.06000000,-0.01852395,2036280.93000000,5620806.74106909,0.36227556,15.33622407,derivatives_positioning_context,none,positioning context is visible but not actionable yet,"label Toobit Futures TRUMP-SWAP-USDT forward returns, funding PnL, depth, fees, and margin constraints"
2026-06-08T14:07:17.784545+00:00,BVOX (Futures),TRUMP-SWAP-USDT,TRUMP,perpetual,1.68000000,1.68500000,4.46650124,0.05938242,0.18000000,0.02000000,4537980.87000000,15135228.98628116,0.29982902,14.99669380,derivatives_positioning_context,none,positioning context is visible but not actionable yet,"label BVOX (Futures) TRUMP-SWAP-USDT forward returns, funding PnL, depth, fees, and margin constraints"
2026-06-08T14:07:17.784545+00:00,Deepcoin (Derivatives),TRUMPUSDT,TRUMP,perpetual,1.69000000,1.69030000,4.71171730,0.07696862,0.36000000,-0.01960000,2848701.18000000,12471023.59533551,0.22842561,13.38549676,derivatives_positioning_context,none,positioning context is visible but not actionable yet,"label Deepcoin (Derivatives) TRUMPUSDT forward returns, funding PnL, depth, fees, and margin constraints"
2026-06-08T14:07:17.784545+00:00,OKX (Futures),TRUMP-USDT-SWAP,TRUMP,perpetual,1.68000000,1.68700000,4.52572846,0.05931198,0.06000000,-0.01051392,10296222.20000000,32939275.43409041,0.31258193,10.07182122,derivatives_positioning_context,none,positioning context is visible but not actionable yet,"label OKX (Futures) TRUMP-USDT-SWAP forward returns, funding PnL, depth, fees, and margin constraints"
2026-06-08T14:07:17.784545+00:00,Bitunix Futures,TRUMP_USDT,TRUMP,perpetual,1.69000000,1.68900000,4.52292441,0.11855365,0.06000000,-0.00811700,1138684.23000000,2394029.26257368,0.47563505,9.97633045,derivatives_positioning_context,none,positioning context is visible but not actionable yet,"label Bitunix Futures TRUMP_USDT forward returns, funding PnL, depth, fees, and margin constraints"
2026-06-08T14:07:17.784545+00:00,Binance (Futures),TRUMPUSDC,TRUMP,perpetual,1.68000000,1.68841035,4.52853598,0.20239466,0.06000000,-0.00582600,1055764.79000000,2278976.63295581,0.46326267,8.67172092,derivatives_positioning_context,none,positioning context is visible but not actionable yet,"label Binance (Futures) TRUMPUSDC forward returns, funding PnL, depth, fees, and margin constraints"
2026-06-08T14:07:17.784545+00:00,Aivora Exchange (Futures),E-TRUMP-USDT,TRUMP,perpetual,1.69000000,1.68800000,4.71756673,0.05927682,0.06000000,0.00500000,8586869.86000000,17485523.87396610,0.49108451,8.21464450,derivatives_positioning_context,none,positioning context is visible but not actionable yet,"label Aivora Exchange (Futures) E-TRUMP-USDT forward returns, funding PnL, depth, fees, and margin constraints"
2026-06-08T14:07:17.784545+00:00,Bybit (Futures),SNXUSDT,SNX,perpetual,0.25000000,0.25000000,4.04335140,0.16025641,0.08000000,-0.00158600,1173010.66000000,419271.10152703,2.79773792,22.08830280,derivatives_positioning_context,none,positioning context is visible but not actionable yet,"label Bybit (Futures) SNXUSDT forward returns, funding PnL, depth, fees, and margin constraints"
2026-06-08T14:07:17.784545+00:00,Bitmart Futures,SNXUSDT,SNX,perpetual,0.25000000,0.24999459,3.01528294,0.23840818,0.40000000,0.00144960,31167443.34000000,8016878.48369264,3.88772805,20.32952989,derivatives_positioning_context,none,positioning context is visible but not actionable yet,"label Bitmart Futures SNXUSDT forward returns, funding PnL, depth, fees, and margin constraints"
2026-06-08T14:07:17.784545+00:00,Binance (Futures),SNXUSDT,SNX,perpetual,0.25000000,0.24996216,3.79482902,0.42674166,0.04000000,-0.01131300,1991384.27000000,1923059.67879097,1.03552911,16.87179377,derivatives_positioning_context,none,positioning context is visible but not actionable yet,"label Binance (Futures) SNXUSDT forward returns, funding PnL, depth, fees, and margin constraints"
2026-06-08T14:07:17.784545+00:00,CoinW (Futures),SNX/USDT,SNX,perpetual,0.25000000,0.24940000,3.87500000,0.04011231,0.24000000,-0.00801400,1335183.81000000,1297861.88419892,1.02875647,13.08644248,derivatives_positioning_context,none,positioning context is visible but not actionable yet,"label CoinW (Futures) SNX/USDT forward returns, funding PnL, depth, fees, and margin constraints"
2026-06-08T14:07:17.784545+00:00,LBank (Futures),SNXUSDT,SNX,perpetual,0.25000000,0.24970000,3.83653044,0.28112450,0.12000000,-0.01180000,1133773.54000000,2849547.17422673,0.39787849,11.38420273,derivatives_positioning_context,none,positioning context is visible but not actionable yet,"label LBank (Futures) SNXUSDT forward returns, funding PnL, depth, fees, and margin constraints"
2026-06-08T14:07:17.784545+00:00,Variational Omni,XMR-PERP,XMR,perpetual,316.26000000,316.05500000,3.27804623,-0.08377592,0.00000000,10.95000000,4473151.74000000,379120.95084485,11.79874584,46.16067026,paper_oi_funding_crowding_watch,watch_short_crowded_long,high OI/volume with material funding,"label Variational Omni XMR-PERP forward returns, funding PnL, depth, fees, and margin constraints"
2026-06-08T14:07:17.784545+00:00,BYDFi (Futures),XMR-PERPUSDT,XMR,perpetual,317.07000000,315.89000000,3.69632002,-0.44123672,0.02000000,0.01000000,2706695.76000000,352503.50725024,7.67849313,27.89748785,derivatives_positioning_context,none,positioning context is visible but not actionable yet,"label BYDFi (Futures) XMR-PERPUSDT forward returns, funding PnL, depth, fees, and margin constraints"
2026-06-08T14:07:17.784545+00:00,BTSE (Futures),XMR-PERP,XMR,perpetual,315.84000000,315.86175000,2.70217540,0.00688640,0.09000000,0.01000000,632307258.24000001,638890.38683999,989.69599679,27.64031771,derivatives_positioning_context,none,positioning context is visible but not actionable yet,"label BTSE (Futures) XMR-PERP forward returns, funding PnL, depth, fees, and margin constraints"
2026-06-08T14:07:17.784545+00:00,Bitmart Futures,XMRUSDT,XMR,perpetual,315.69000000,316.88000000,2.91904219,-0.07568113,0.01000000,0.00990000,21836081.24000000,7892996.83058701,2.76651337,26.97653307,derivatives_positioning_context,none,positioning context is visible but not actionable yet,"label Bitmart Futures XMRUSDT forward returns, funding PnL, depth, fees, and margin constraints"
2026-06-08T14:07:17.784545+00:00,MEXC (Futures),XMR_USDT,XMR,perpetual,315.19000000,315.56000000,2.74284970,0.05072923,0.01000000,0.01000000,12931138.98000000,3965318.30034302,3.26105952,26.90810629,derivatives_positioning_context,none,positioning context is visible but not actionable yet,"label MEXC (Futures) XMR_USDT forward returns, funding PnL, depth, fees, and margin constraints"
2026-06-08T14:07:17.784545+00:00,Hyperliquid (Futures),XMR-USD,XMR,perpetual,316.09000000,315.72000000,3.13560428,-0.11705527,0.02000000,0.00125000,40944278.15000000,8535990.63268000,4.79666390,21.92375236,derivatives_positioning_context,none,positioning context is visible but not actionable yet,"label Hyperliquid (Futures) XMR-USD forward returns, funding PnL, depth, fees, and margin constraints"
2026-06-08T14:07:17.784545+00:00,Extended,XMR-USD,XMR,perpetual,315.90000000,315.49532291,2.89567115,-0.12810291,0.03000000,0.00130000,1788924.67000000,549373.04340000,3.25630224,21.75958376,derivatives_positioning_context,none,positioning context is visible but not actionable yet,"label Extended XMR-USD forward returns, funding PnL, depth, fees, and margin constraints"
2026-06-08T14:07:17.784545+00:00,WEEX (Futures),XMR-USDT,XMR,perpetual,315.67000000,316.07000000,2.86570275,0.06014942,0.00000000,0.00010000,5851690.36000000,2847213.40501211,2.05523420,17.49928107,derivatives_positioning_context,none,positioning context is visible but not actionable yet,"label WEEX (Futures) XMR-USDT forward returns, funding PnL, depth, fees, and margin constraints"
2026-06-08T14:07:17.784545+00:00,KCEX (Futures),XMR_USDT,XMR,perpetual,315.55000000,315.43000000,3.05492999,-0.10134600,0.00000000,0.01000000,1295036.00000000,1075732.27710828,1.20386459,16.75482928,derivatives_positioning_context,none,positioning context is visible but not actionable yet,"label KCEX (Futures) XMR_USDT forward returns, funding PnL, depth, fees, and margin constraints"
2026-06-08T14:07:17.784545+00:00,Bybit (Futures),XMRUSDT,XMR,perpetual,316.02000000,315.79000000,2.91072475,-0.09174892,0.02000000,0.01000000,17861980.95000000,15946148.66307173,1.12014389,15.98548263,derivatives_positioning_context,none,positioning context is visible but not actionable yet,"label Bybit (Futures) XMRUSDT forward returns, funding PnL, depth, fees, and margin constraints"
2026-06-08T14:07:17.784545+00:00,Kraken (Futures),PF_XMRUSD,XMR,perpetual,315.90000000,315.40500000,2.94261414,-0.15669516,0.14000000,0.00042006,1654567.32000000,925463.79900000,1.78782500,15.05597059,derivatives_positioning_context,none,positioning context is visible but not actionable yet,"label Kraken (Futures) PF_XMRUSD forward returns, funding PnL, depth, fees, and margin constraints"
2026-06-08T14:07:17.784545+00:00,Bitget Futures,XMRUSDT_UMCBL,XMR,perpetual,315.73000000,315.56046825,2.84179688,-0.11696634,0.08000000,0.01000000,4646823.08000000,5336751.26336331,0.87072132,13.67220941,derivatives_positioning_context,none,positioning context is visible but not actionable yet,"label Bitget Futures XMRUSDT_UMCBL forward returns, funding PnL, depth, fees, and margin constraints"
2026-06-08T14:07:17.784545+00:00,BingX (Futures),XMR-USDT,XMR,perpetual,315.93000000,316.11000000,3.00739631,-0.00948947,0.02000000,0.01000000,3204322.50000000,3758563.58011827,0.85253912,13.65543658,derivatives_positioning_context,none,positioning context is visible but not actionable yet,"label BingX (Futures) XMR-USDT forward returns, funding PnL, depth, fees, and margin constraints"
2026-06-08T14:07:17.784545+00:00,Binance (Futures),XMRUSDT,XMR,perpetual,315.10000000,315.42714286,2.76709471,0.03715165,0.01000000,0.01000000,26963089.75000000,36295883.22882255,0.74286909,12.92390238,derivatives_positioning_context,none,positioning context is visible but not actionable yet,"label Binance (Futures) XMRUSDT forward returns, funding PnL, depth, fees, and margin constraints"
2026-06-08T14:07:17.784545+00:00,XT.COM (Derivatives),XMR_USDT,XMR,perpetual,315.95000000,315.84559530,3.05430602,-0.09628490,0.03000000,0.01068200,2430594.00000000,6814131.02695994,0.35669904,10.24014337,derivatives_positioning_context,none,positioning context is visible but not actionable yet,"label XT.COM (Derivatives) XMR_USDT forward returns, funding PnL, depth, fees, and margin constraints"
2026-06-08T14:07:17.784545+00:00,Zoomex (Futures),XMR-USDT,XMR,perpetual,315.36000000,315.32000000,2.66445442,-0.07922173,0.02000000,0.01000000,1787082.06000000,4785534.90250243,0.37343413,9.85839805,derivatives_positioning_context,none,positioning context is visible but not actionable yet,"label Zoomex (Futures) XMR-USDT forward returns, funding PnL, depth, fees, and margin constraints"
2026-06-08T14:07:17.784545+00:00,WhiteBIT Futures,XMR_PERP,XMR,perpetual,315.61000000,315.46000000,3.20240507,-0.11398898,0.25000000,0.01000000,5434690.66000000,11334276.33999920,0.47949163,9.80817047,derivatives_positioning_context,none,positioning context is visible but not actionable yet,"label WhiteBIT Futures XMR_PERP forward returns, funding PnL, depth, fees, and margin constraints"
2026-06-08T14:07:17.784545+00:00,BloFin (Futures),XMR-USDT,XMR,perpetual,315.41000000,315.48000000,3.37001376,0.00000000,0.01000000,0.00795855,1490769.19000000,2935433.40077778,0.50785318,9.80781476,derivatives_positioning_context,none,positioning context is visible but not actionable yet,"label BloFin (Futures) XMR-USDT forward returns, funding PnL, depth, fees, and margin constraints"
2026-06-08T14:07:17.784545+00:00,edgeX,XMR-USD,XMR,perpetual,316.41000000,316.18000000,3.09201095,-0.07269050,0.21000000,0.00500000,6454773.49000000,9725039.30680000,0.66372724,8.36516182,derivatives_positioning_context,none,positioning context is visible but not actionable yet,"label edgeX XMR-USD forward returns, funding PnL, depth, fees, and margin constraints"
2026-06-08T14:07:17.784545+00:00,Lighter,XMR_USDC,XMR,perpetual,316.14000000,315.79700000,3.06486310,-0.12839853,0.10000000,0.00120000,2518563.85000000,3005576.19593924,0.83796373,8.11101414,derivatives_positioning_context,none,positioning context is visible but not actionable yet,"label Lighter XMR_USDC forward returns, funding PnL, depth, fees, and margin constraints"
2026-06-08T14:07:17.784545+00:00,Toobit Futures,XMR-SWAP-USDT,XMR,perpetual,316.26000000,316.01571429,3.35075114,-0.14039238,0.02000000,-0.00000745,1727137.83000000,4561833.43663006,0.37860607,4.23190726,derivatives_positioning_context,none,positioning context is visible but not actionable yet,"label Toobit Futures XMR-SWAP-USDT forward returns, funding PnL, depth, fees, and margin constraints"
2026-06-08T14:07:17.784545+00:00,Phemex (Futures),STBL-PERPUSDT,STBL,perpetual,0.03000000,0.02554300,6.54439350,-0.06651017,0.20000000,0.00500000,1971976.30000000,231343.68298936,8.52401187,24.10074503,derivatives_positioning_context,none,positioning context is visible but not actionable yet,"label Phemex (Futures) STBL-PERPUSDT forward returns, funding PnL, depth, fees, and margin constraints"
2026-06-08T14:07:17.784545+00:00,Hyperliquid (Futures),STBL-USD,STBL,perpetual,0.03000000,0.02554800,6.65084125,-0.23819751,0.06000000,0.00233064,2312316.82000000,316696.24270800,7.30137118,23.57528942,derivatives_positioning_context,none,positioning context is visible but not actionable yet,"label Hyperliquid (Futures) STBL-USD forward returns, funding PnL, depth, fees, and margin constraints"
2026-06-08T14:07:17.784545+00:00,Bitmart Futures,STBLUSDT,STBL,perpetual,0.03000000,0.02559019,6.62776157,-0.03832031,0.27000000,0.00495000,7314475.72000000,8006653.12201305,0.91354972,11.02400912,derivatives_positioning_context,none,positioning context is visible but not actionable yet,"label Bitmart Futures STBLUSDT forward returns, funding PnL, depth, fees, and margin constraints"
2026-06-08T14:07:17.784545+00:00,Binance (Futures),STBLUSDT,STBL,perpetual,0.03000000,0.02550978,6.50000000,-0.19647887,0.04000000,0.00500000,1458274.26000000,3252565.94716369,0.44834579,8.73914577,derivatives_positioning_context,none,positioning context is visible but not actionable yet,"label Binance (Futures) STBLUSDT forward returns, funding PnL, depth, fees, and margin constraints"
2026-06-08T14:07:17.784545+00:00,Bybit (Futures),APEXUSDT,APEX,perpetual,0.26000000,0.25790000,1.49783209,0.15533981,0.08000000,0.00500000,1538723.75000000,376253.39502102,4.08959433,23.36385919,derivatives_positioning_context,none,positioning context is visible but not actionable yet,"label Bybit (Futures) APEXUSDT forward returns, funding PnL, depth, fees, and margin constraints"
2026-06-08T14:07:17.784545+00:00,Bitget Futures,ATOMUSDT_UMCBL,ATOM,perpetual,1.76000000,1.75944489,5.10887772,0.13915131,0.02000000,-0.02170000,4920146.92000000,1124429.85325148,4.37568151,34.74305510,paper_oi_funding_crowding_watch,watch_long_crowded_short,high OI/volume with material funding,"label Bitget Futures ATOMUSDT_UMCBL forward returns, funding PnL, depth, fees, and margin constraints"
2026-06-08T14:07:17.784545+00:00,MEXC (Futures),ATOM_USDT,ATOM,perpetual,1.75000000,1.75600000,5.03295386,0.17113520,0.06000000,-0.01160000,3424736.48000000,1256837.30096504,2.72488450,28.52151970,derivatives_positioning_context,none,positioning context is visible but not actionable yet,"label MEXC (Futures) ATOM_USDT forward returns, funding PnL, depth, fees, and margin constraints"
2026-06-08T14:07:17.784545+00:00,LBank (Futures),ATOMUSDT,ATOM,perpetual,1.75000000,1.75800000,5.15278610,0.17094017,0.06000000,-0.01054500,54244594.83000000,12296464.73457608,4.41139758,28.04779829,derivatives_positioning_context,none,positioning context is visible but not actionable yet,"label LBank (Futures) ATOMUSDT forward returns, funding PnL, depth, fees, and margin constraints"
2026-06-08T14:07:17.784545+00:00,BYDFi (Futures),ATOM-PERPUSDT,ATOM,perpetual,1.75000000,1.75800000,5.21270222,0.28522533,0.17000000,0.01000000,4523213.09000000,332260.65451244,13.61344784,27.29397227,derivatives_positioning_context,none,positioning context is visible but not actionable yet,"label BYDFi (Futures) ATOM-PERPUSDT forward returns, funding PnL, depth, fees, and margin constraints"
2026-06-08T14:07:17.784545+00:00,Bybit (Futures),ATOMUSDT,ATOM,perpetual,1.76000000,1.75910000,5.22723190,0.09673381,0.01000000,-0.00849400,16433096.46000000,6429320.02407795,2.55596181,26.85376203,derivatives_positioning_context,none,positioning context is visible but not actionable yet,"label Bybit (Futures) ATOMUSDT forward returns, funding PnL, depth, fees, and margin constraints"
2026-06-08T14:07:17.784545+00:00,Bitmart Futures,ATOMUSDT,ATOM,perpetual,1.75000000,1.75722286,4.90430622,0.06963895,0.17000000,-0.01000000,19489841.85000000,8008049.11730059,2.43378151,26.28581761,derivatives_positioning_context,none,positioning context is visible but not actionable yet,"label Bitmart Futures ATOMUSDT forward returns, funding PnL, depth, fees, and margin constraints"
2026-06-08T14:07:17.784545+00:00,Phemex (Futures),ATOM-PERPUSDT,ATOM,perpetual,1.76000000,1.76016000,5.20646320,0.12286689,0.11000000,-0.00775200,2340314.08000000,650473.06502613,3.59786470,25.91485432,derivatives_positioning_context,none,positioning context is visible but not actionable yet,"label Phemex (Futures) ATOM-PERPUSDT forward returns, funding PnL, depth, fees, and margin constraints"
2026-06-08T14:07:17.784545+00:00,Hyperliquid (Futures),ATOM-USD,ATOM,perpetual,1.75000000,1.75850000,5.10791367,0.30230436,0.03000000,-0.00037130,2576405.35000000,288703.47443800,8.92405384,22.21549303,derivatives_positioning_context,none,positioning context is visible but not actionable yet,"label Hyperliquid (Futures) ATOM-USD forward returns, funding PnL, depth, fees, and margin constraints"
2026-06-08T14:07:17.784545+00:00,Kraken (Futures),PF_ATOMUSD,ATOM,perpetual,1.76000000,1.76058000,5.08373206,0.20375640,0.06000000,-0.00002795,1502481.86000000,145857.53070000,10.30102356,21.65269616,derivatives_positioning_context,none,positioning context is visible but not actionable yet,"label Kraken (Futures) PF_ATOMUSD forward returns, funding PnL, depth, fees, and margin constraints"
2026-06-08T14:07:17.784545+00:00,Binance (Futures),ATOMUSDT,ATOM,perpetual,1.75000000,1.75637714,4.97005988,0.19264917,0.06000000,-0.01189300,16035139.77000000,12100809.93195373,1.32512946,19.36942392,derivatives_positioning_context,none,positioning context is visible but not actionable yet,"label Binance (Futures) ATOMUSDT forward returns, funding PnL, depth, fees, and margin constraints"
2026-06-08T14:07:17.784545+00:00,BingX (Futures),ATOM-USDT,ATOM,perpetual,1.76000000,1.76000000,5.38922156,0.00000000,0.11000000,-0.01840000,2144979.21000000,2506026.67994438,0.85592832,18.96349505,derivatives_positioning_context,none,positioning context is visible but not actionable yet,"label BingX (Futures) ATOM-USDT forward returns, funding PnL, depth, fees, and margin constraints"
2026-06-08T14:07:17.784545+00:00,OKX (Futures),ATOM-USDT-SWAP,ATOM,perpetual,1.75000000,1.76000000,5.15587530,0.34207526,0.06000000,-0.00980693,3864718.94000000,2833666.26707136,1.36385819,18.73933090,derivatives_positioning_context,none,positioning context is visible but not actionable yet,"label OKX (Futures) ATOM-USDT-SWAP forward returns, funding PnL, depth, fees, and margin constraints"
2026-06-08T14:07:17.784545+00:00,CoinW (Futures),ATOM/USDT,ATOM,perpetual,1.75000000,1.75500000,5.15278610,0.00000000,0.11000000,0.01000000,8049497.46000000,6080184.91298723,1.32389024,17.61521711,derivatives_positioning_context,none,positioning context is visible but not actionable yet,"label CoinW (Futures) ATOM/USDT forward returns, funding PnL, depth, fees, and margin constraints"
2026-06-08T14:07:17.784545+00:00,Zoomex (Futures),ATOM-USDT,ATOM,perpetual,1.75000000,1.75620000,5.03653132,0.13113632,0.02000000,-0.00880000,1641607.67000000,1927298.98679711,0.85176596,13.77449753,derivatives_positioning_context,none,positioning context is visible but not actionable yet,"label Zoomex (Futures) ATOM-USDT forward returns, funding PnL, depth, fees, and margin constraints"
2026-06-08T14:07:17.784545+00:00,Gate (Futures),ATOM_USDT,ATOM,perpetual,1.75000000,1.75880000,5.27577938,0.15945330,5.56000000,0.00140000,1082237.66000000,351087.65373077,3.08252839,12.74450707,derivatives_positioning_context,none,positioning context is visible but not actionable yet,"label Gate (Futures) ATOM_USDT forward returns, funding PnL, depth, fees, and margin constraints"
2026-06-08T14:07:17.784545+00:00,OrangeX Futures,ATOM-USDT-PERPETUAL,ATOM,perpetual,1.76000000,1.76200000,5.33253445,0.22753129,0.00000000,-0.01000000,3508421.80000000,9414242.24119743,0.37267171,11.06204195,derivatives_positioning_context,none,positioning context is visible but not actionable yet,"label OrangeX Futures ATOM-USDT-PERPETUAL forward returns, funding PnL, depth, fees, and margin constraints"
2026-06-08T14:07:17.784545+00:00,Toobit Futures,ATOM-SWAP-USDT,ATOM,perpetual,1.76000000,1.76193143,5.51228280,0.05289211,0.06000000,-0.01022708,1270715.19000000,3373381.55182078,0.37668884,10.61851307,derivatives_positioning_context,none,positioning context is visible but not actionable yet,"label Toobit Futures ATOM-SWAP-USDT forward returns, funding PnL, depth, fees, and margin constraints"
2026-06-08T14:07:17.784545+00:00,Deepcoin (Derivatives),ATOMUSDT,ATOM,perpetual,1.76000000,1.76180000,5.26946108,0.21615472,0.06000000,-0.00880000,1365913.26000000,5717717.72141379,0.23889134,8.91844576,derivatives_positioning_context,none,positioning context is visible but not actionable yet,"label Deepcoin (Derivatives) ATOMUSDT forward returns, funding PnL, depth, fees, and margin constraints"
2026-06-08T14:07:17.784545+00:00,WhiteBIT Futures,ATOM_PERP,ATOM,perpetual,1.76000000,1.76330000,5.40394650,0.33572323,0.34000000,0.01000000,3678195.65000000,20178919.24247898,0.18227912,8.09857760,derivatives_positioning_context,none,positioning context is visible but not actionable yet,"label WhiteBIT Futures ATOM_PERP forward returns, funding PnL, depth, fees, and margin constraints"
2026-06-08T14:07:17.784545+00:00,WEEX (Futures),ATOM-USDT,ATOM,perpetual,1.75000000,1.75400000,5.21582734,-0.05698006,0.00000000,-0.00015826,1813428.00000000,3386237.60259730,0.53552887,6.06829461,derivatives_positioning_context,none,positioning context is visible but not actionable yet,"label WEEX (Futures) ATOM-USDT forward returns, funding PnL, depth, fees, and margin constraints"
2026-06-08T14:07:17.784545+00:00,BVOX (Futures),ATOM-SWAP-USDT,ATOM,perpetual,1.75000000,1.75541298,5.27577938,-0.03342925,0.17000000,0.00092352,1109094.83000000,3919302.49789286,0.28298271,3.62762275,derivatives_positioning_context,none,positioning context is visible but not actionable yet,"label BVOX (Futures) ATOM-SWAP-USDT forward returns, funding PnL, depth, fees, and margin constraints"
2026-06-08T14:07:17.784545+00:00,MEXC (Futures),CFX_USDT,CFX,perpetual,0.05000000,0.04652000,2.20022002,0.15069968,0.02000000,0.01000000,4638508.42000000,863035.89112088,5.37464139,26.87246845,derivatives_positioning_context,none,positioning context is visible but not actionable yet,"label MEXC (Futures) CFX_USDT forward returns, funding PnL, depth, fees, and margin constraints"
2026-06-08T14:07:17.784545+00:00,Bybit (Futures),CFXUSDT,CFX,perpetual,0.05000000,0.04656000,3.15135375,0.17211704,0.04000000,0.01000000,1588616.49000000,808243.51410665,1.96551715,22.81857114,derivatives_positioning_context,none,positioning context is visible but not actionable yet,"label Bybit (Futures) CFXUSDT forward returns, funding PnL, depth, fees, and margin constraints"
2026-06-08T14:07:17.784545+00:00,CoinW (Futures),CFX/USDT,CFX,perpetual,0.05000000,0.04649000,3.21936057,0.00000000,0.02000000,-0.02805200,1341201.64000000,2129143.89990480,0.62992531,22.74335137,derivatives_positioning_context,none,positioning context is visible but not actionable yet,"label CoinW (Futures) CFX/USDT forward returns, funding PnL, depth, fees, and margin constraints"
2026-06-08T14:07:17.784545+00:00,Hyperliquid (Futures),CFX-USD,CFX,perpetual,0.05000000,0.04653000,3.41443921,-0.11163110,0.05000000,0.00125000,3337667.84000000,719169.65681500,4.64100203,21.75570764,derivatives_positioning_context,none,positioning context is visible but not actionable yet,"label Hyperliquid (Futures) CFX-USD forward returns, funding PnL, depth, fees, and margin constraints"
2026-06-08T14:07:17.784545+00:00,WEEX (Futures),CFX-USDT,CFX,perpetual,0.05000000,0.04649000,3.19715808,0.02151463,0.00000000,0.00010000,1047475.53000000,390086.92037755,2.68523623,21.06505181,derivatives_positioning_context,none,positioning context is visible but not actionable yet,"label WEEX (Futures) CFX-USDT forward returns, funding PnL, depth, fees, and margin constraints"
2026-06-08T14:07:17.784545+00:00,Bitget Futures,CFXUSDT_UMCBL,CFX,perpetual,0.05000000,0.04658406,3.26159308,0.09466140,0.09000000,0.01000000,1399066.16000000,809748.68206981,1.72777825,20.54444435,derivatives_positioning_context,none,positioning context is visible but not actionable yet,"label Bitget Futures CFXUSDT_UMCBL forward returns, funding PnL, depth, fees, and margin constraints"
2026-06-08T14:07:17.784545+00:00,Bitmart Futures,CFXUSDT,CFX,perpetual,0.05000000,0.04576216,3.53569046,0.02657923,0.13000000,0.01030000,16282546.75000000,13100393.08858528,1.24290520,16.64587312,derivatives_positioning_context,none,positioning context is visible but not actionable yet,"label Bitmart Futures CFXUSDT forward returns, funding PnL, depth, fees, and margin constraints"
2026-06-08T14:07:17.784545+00:00,Binance (Futures),CFXUSDT,CFX,perpetual,0.05000000,0.04663919,3.57777778,0.27776822,0.02000000,0.01000000,3178393.26000000,5048603.66906305,0.62955888,12.58179479,derivatives_positioning_context,none,positioning context is visible but not actionable yet,"label Binance (Futures) CFXUSDT forward returns, funding PnL, depth, fees, and margin constraints"
2026-06-08T14:07:17.784545+00:00,Deepcoin (Derivatives),CFXUSDT,CFX,perpetual,0.05000000,0.04656800,3.35332001,0.06016330,0.04000000,0.00860000,1839441.84000000,2904303.66111418,0.63335038,11.16261317,derivatives_positioning_context,none,positioning context is visible but not actionable yet,"label Deepcoin (Derivatives) CFXUSDT forward returns, funding PnL, depth, fees, and margin constraints"
2026-06-08T14:07:17.784545+00:00,OrangeX Futures,CFX-USDT-PERPETUAL,CFX,perpetual,0.05000000,0.04656000,3.39924461,0.04297379,0.00000000,0.01000000,1528883.34000000,4231896.51997828,0.36127616,10.00745183,derivatives_positioning_context,none,positioning context is visible but not actionable yet,"label OrangeX Futures CFX-USDT-PERPETUAL forward returns, funding PnL, depth, fees, and margin constraints"
2026-06-08T14:07:17.784545+00:00,OKX (Futures),CFX-USDT-SWAP,CFX,perpetual,0.05000000,0.04656000,3.28815819,0.15057002,0.02000000,0.00596594,1471181.52000000,2619957.00757242,0.56152888,9.26756698,derivatives_positioning_context,none,positioning context is visible but not actionable yet,"label OKX (Futures) CFX-USDT-SWAP forward returns, funding PnL, depth, fees, and margin constraints"
2026-06-08T14:07:17.784545+00:00,Hyperliquid (Futures),AZTEC-USD,AZTEC,perpetual,0.02000000,0.01595800,0.96639717,-0.16890835,0.12000000,0.00125000,1429085.60000000,186435.88774800,7.66529244,20.78096690,derivatives_positioning_context,none,positioning context is visible but not actionable yet,"label Hyperliquid (Futures) AZTEC-USD forward returns, funding PnL, depth, fees, and margin constraints"
2026-06-08T14:07:17.784545+00:00,Bybit (Futures),AZTECUSDT,AZTEC,perpetual,0.02000000,0.01594700,0.76630779,0.22625856,0.03000000,-0.00070000,1114553.28000000,1077108.82266011,1.03476386,9.23490365,derivatives_positioning_context,none,positioning context is visible but not actionable yet,"label Bybit (Futures) AZTECUSDT forward returns, funding PnL, depth, fees, and margin constraints"
2026-06-08T14:07:17.784545+00:00,Binance (Futures),AZTECUSDT,AZTEC,perpetual,0.02000000,0.01594667,0.56854075,0.04184442,0.06000000,0.00500000,1435425.28000000,2657334.93775768,0.54017477,7.28383471,derivatives_positioning_context,none,positioning context is visible but not actionable yet,"label Binance (Futures) AZTECUSDT forward returns, funding PnL, depth, fees, and margin constraints"
2026-06-08T14:07:17.784545+00:00,Bitmart Futures,SEIUSDT,SEI,perpetual,0.05000000,0.04975116,0.88852989,0.04254977,0.10000000,-0.02780000,28729642.69000000,1234460.97805007,23.27302620,36.59158671,paper_oi_funding_crowding_watch,watch_long_crowded_short,high OI/volume with material funding,"label Bitmart Futures SEIUSDT forward returns, funding PnL, depth, fees, and margin constraints"
2026-06-08T14:07:17.784545+00:00,MEXC (Futures),SEI_USDT,SEI,perpetual,0.05000000,0.04999000,1.50345388,0.00000000,0.02000000,-0.01540000,5450527.36000000,2532885.72203476,2.15190417,26.82223639,derivatives_positioning_context,none,positioning context is visible but not actionable yet,"label MEXC (Futures) SEI_USDT forward returns, funding PnL, depth, fees, and margin constraints"
2026-06-08T14:07:17.784545+00:00,BYDFi (Futures),SEI-PERPUSDT,SEI,perpetual,0.05000000,0.04994000,1.91485028,-0.17989206,0.04000000,0.01000000,4326828.17000000,551961.47666421,7.83900390,26.74399679,derivatives_positioning_context,none,positioning context is visible but not actionable yet,"label BYDFi (Futures) SEI-PERPUSDT forward returns, funding PnL, depth, fees, and margin constraints"
2026-06-08T14:07:17.784545+00:00,BVOX (Futures),SEI-SWAP-USDT,SEI,perpetual,0.05000000,0.05000000,1.62601626,0.00000000,0.40000000,0.08880888,1279051.83000000,5046272.79166022,0.25346466,25.52817283,derivatives_positioning_context,none,positioning context is visible but not actionable yet,"label BVOX (Futures) SEI-SWAP-USDT forward returns, funding PnL, depth, fees, and margin constraints"
2026-06-08T14:07:17.784545+00:00,Bybit (Futures),SEIUSDT,SEI,perpetual,0.05000000,0.05001000,1.48223350,0.06002401,0.02000000,-0.02002700,14769048.73000000,9645270.60148858,1.53122181,24.77952121,paper_oi_funding_crowding_watch,watch_long_crowded_short,high OI/volume with material funding,"label Bybit (Futures) SEIUSDT forward returns, funding PnL, depth, fees, and margin constraints"
2026-06-08T14:07:17.784545+00:00,Hyperliquid (Futures),SEI-USD,SEI,perpetual,0.05000000,0.05005000,1.94224224,0.05997601,0.03000000,-0.00071760,2365179.29000000,764924.95646100,3.09204095,20.98944490,derivatives_positioning_context,none,positioning context is visible but not actionable yet,"label Hyperliquid (Futures) SEI-USD forward returns, funding PnL, depth, fees, and margin constraints"
2026-06-08T14:07:17.784545+00:00,Binance (Futures),SEIUSDT,SEI,perpetual,0.05000000,0.05013397,1.60243408,0.58982745,0.02000000,-0.01525700,12062491.43000000,15603898.54484206,0.77304344,16.95426543,paper_basis_funding_dislocation_watch,watch_basis_funding_reversion,basis and funding are both stretched,"label Binance (Futures) SEIUSDT forward returns, funding PnL, depth, fees, and margin constraints"
2026-06-08T14:07:17.784545+00:00,Zoomex (Futures),SEI-USDT,SEI,perpetual,0.05000000,0.04993000,1.48434323,0.04007213,0.02000000,-0.01970000,1471825.29000000,2892940.08551990,0.50876453,16.32429296,derivatives_positioning_context,none,positioning context is visible but not actionable yet,"label Zoomex (Futures) SEI-USDT forward returns, funding PnL, depth, fees, and margin constraints"
2026-06-08T14:07:17.784545+00:00,Phemex (Futures),SEI-PERPUSDT,SEI,perpetual,0.05000000,0.05005301,1.46192893,0.16611967,0.12000000,-0.00664800,1739066.92000000,1166803.99865482,1.49045334,16.08905651,derivatives_positioning_context,none,positioning context is visible but not actionable yet,"label Phemex (Futures) SEI-PERPUSDT forward returns, funding PnL, depth, fees, and margin constraints"
2026-06-08T14:07:17.784545+00:00,Bitget Futures,SEIUSDT_UMCBL,SEI,perpetual,0.05000000,0.05000396,1.35847526,0.02793113,0.04000000,-0.00420000,5031096.41000000,3592188.57582965,1.40056578,14.00517768,derivatives_positioning_context,none,positioning context is visible but not actionable yet,"label Bitget Futures SEIUSDT_UMCBL forward returns, funding PnL, depth, fees, and margin constraints"
2026-06-08T14:07:17.784545+00:00,CoinW (Futures),SEI/USDT,SEI,perpetual,0.05000000,0.04993000,1.60732452,-0.02002403,0.12000000,0.01000000,7589645.88000000,9786501.22292581,0.77552189,12.16117279,derivatives_positioning_context,none,positioning context is visible but not actionable yet,"label CoinW (Futures) SEI/USDT forward returns, funding PnL, depth, fees, and margin constraints"
2026-06-08T14:07:17.784545+00:00,Aivora Exchange (Futures),E-SEI-USDT,SEI,perpetual,0.05000000,0.05010200,1.83112920,0.10389610,0.02000000,0.01000000,14599335.41000000,26259364.61427425,0.55596682,11.18658292,derivatives_positioning_context,none,positioning context is visible but not actionable yet,"label Aivora Exchange (Futures) E-SEI-USDT forward returns, funding PnL, depth, fees, and margin constraints"
2026-06-08T14:07:17.784545+00:00,OKX (Futures),SEI-USDT-SWAP,SEI,perpetual,0.05000000,0.04992000,1.52718387,0.12033694,0.02000000,-0.00792066,2190204.96000000,3166845.44175886,0.69160463,10.89477525,derivatives_positioning_context,none,positioning context is visible but not actionable yet,"label OKX (Futures) SEI-USDT-SWAP forward returns, funding PnL, depth, fees, and margin constraints"
2026-06-08T14:07:17.784545+00:00,OrangeX Futures,SEI-USDT-PERPETUAL,SEI,perpetual,0.05000000,0.05010000,2.03665988,0.00000000,0.00000000,-0.01000000,4294926.25000000,11911060.82970495,0.36058302,9.52807407,derivatives_positioning_context,none,positioning context is visible but not actionable yet,"label OrangeX Futures SEI-USDT-PERPETUAL forward returns, funding PnL, depth, fees, and margin constraints"
2026-06-08T14:07:17.784545+00:00,WhiteBIT Futures,SEI_PERP,SEI,perpetual,0.05000000,0.05023000,1.98323451,0.70168404,0.40000000,0.01000000,2700729.37000000,10480453.15249298,0.25769204,8.08623714,paper_basis_funding_dislocation_watch,watch_basis_funding_reversion,basis and funding are both stretched,"label WhiteBIT Futures SEI_PERP forward returns, funding PnL, depth, fees, and margin constraints"
2026-06-08T14:07:17.784545+00:00,BingX (Futures),SEI-USDT,SEI,perpetual,0.05000000,0.05010000,1.62601626,0.20000000,0.40000000,-0.00210000,1878366.09000000,2203694.05630795,0.85237154,6.97494129,derivatives_positioning_context,none,positioning context is visible but not actionable yet,"label BingX (Futures) SEI-USDT forward returns, funding PnL, depth, fees, and margin constraints"
2026-06-08T14:07:17.784545+00:00,Hyperliquid (Futures),DYDX-USD,DYDX,perpetual,0.14000000,0.14259000,5.58762581,-0.05607346,0.08000000,0.00125000,4276096.91000000,935918.88731800,4.56887554,22.14885869,derivatives_positioning_context,none,positioning context is visible but not actionable yet,"label Hyperliquid (Futures) DYDX-USD forward returns, funding PnL, depth, fees, and margin constraints"
2026-06-08T14:07:17.784545+00:00,WEEX (Futures),DYDX-USDT,DYDX,perpetual,0.14000000,0.14241000,5.43960924,-0.04211413,0.00000000,0.00010000,1004057.25000000,109885.57715510,9.13729787,21.77833892,derivatives_positioning_context,none,positioning context is visible but not actionable yet,"label WEEX (Futures) DYDX-USDT forward returns, funding PnL, depth, fees, and margin constraints"
2026-06-08T14:07:17.784545+00:00,MEXC (Futures),DYDX_USDT,DYDX,perpetual,0.14000000,0.14280000,5.47337278,0.14025245,0.07000000,0.01000000,1065782.90000000,1414079.35270759,0.75369384,13.60702720,derivatives_positioning_context,none,positioning context is visible but not actionable yet,"label MEXC (Futures) DYDX_USDT forward returns, funding PnL, depth, fees, and margin constraints"
2026-06-08T14:07:17.784545+00:00,Binance (Futures),DYDXUSDT,DYDX,perpetual,0.14000000,0.14286452,5.54733728,0.11529082,0.07000000,0.01000000,6276742.53000000,9500380.28842966,0.66068329,12.86180341,derivatives_positioning_context,none,positioning context is visible but not actionable yet,"label Binance (Futures) DYDXUSDT forward returns, funding PnL, depth, fees, and margin constraints"
2026-06-08T14:07:17.784545+00:00,BingX (Futures),DYDX-USDT,DYDX,perpetual,0.14000000,0.14275000,5.25966362,0.04204920,0.08000000,0.01000000,1500510.42000000,2222667.54388161,0.67509440,12.67019907,derivatives_positioning_context,none,positioning context is visible but not actionable yet,"label BingX (Futures) DYDX-USDT forward returns, funding PnL, depth, fees, and margin constraints"
2026-06-08T14:07:17.784545+00:00,CoinW (Futures),DYDX/USDT,DYDX,perpetual,0.14000000,0.14260000,5.47337278,0.00000000,0.14000000,0.01000000,2673130.73000000,4064840.02921768,0.65762262,12.21646870,derivatives_positioning_context,none,positioning context is visible but not actionable yet,"label CoinW (Futures) DYDX/USDT forward returns, funding PnL, depth, fees, and margin constraints"
2026-06-08T14:07:17.784545+00:00,Bybit (Futures),DYDXUSDT,DYDX,perpetual,0.14000000,0.14262000,5.32880655,-0.06306496,0.02000000,0.00293900,4813851.32000000,4712279.74831706,1.02155466,11.57966139,derivatives_positioning_context,none,positioning context is visible but not actionable yet,"label Bybit (Futures) DYDXUSDT forward returns, funding PnL, depth, fees, and margin constraints"
2026-06-08T14:07:17.784545+00:00,OKX (Futures),DYDX-USDT-SWAP,DYDX,perpetual,0.14000000,0.14270000,5.35939004,-0.13995801,0.02000000,0.01000000,2452817.86000000,6987738.08005376,0.35101743,10.61475359,derivatives_positioning_context,none,positioning context is visible but not actionable yet,"label OKX (Futures) DYDX-USDT-SWAP forward returns, funding PnL, depth, fees, and margin constraints"
2026-06-08T14:07:17.784545+00:00,WhiteBIT Futures,DYDX_PERP,DYDX,perpetual,0.14000000,0.14308000,5.55144338,0.33660589,0.70000000,0.01000000,1629120.24000000,3461807.20634220,0.47059820,8.61361225,derivatives_positioning_context,none,positioning context is visible but not actionable yet,"label WhiteBIT Futures DYDX_PERP forward returns, funding PnL, depth, fees, and margin constraints"
2026-06-08T14:07:17.784545+00:00,LBank (Futures),DYDXUSDT,DYDX,perpetual,0.14000000,0.14260000,5.39541759,0.00000000,0.07000000,0.01000000,1670775.54000000,10607759.98071061,0.15750503,8.55322258,derivatives_positioning_context,none,positioning context is visible but not actionable yet,"label LBank (Futures) DYDXUSDT forward returns, funding PnL, depth, fees, and margin constraints"
2026-06-08T14:07:17.784545+00:00,Phemex (Futures),UMA-PERPUSDT,UMA,perpetual,0.39000000,0.38998195,2.40042205,0.25242931,0.05000000,0.01000000,2587060.21000000,110143.57742302,23.48807139,26.98037964,derivatives_positioning_context,none,positioning context is visible but not actionable yet,"label Phemex (Futures) UMA-PERPUSDT forward returns, funding PnL, depth, fees, and margin constraints"
2026-06-08T14:07:17.784545+00:00,Binance (Futures),UMAUSDT,UMA,perpetual,0.39000000,0.38971387,2.50395361,0.20927488,0.05000000,0.00500000,1473895.03000000,1316204.16853491,1.11980730,12.88377440,derivatives_positioning_context,none,positioning context is visible but not actionable yet,"label Binance (Futures) UMAUSDT forward returns, funding PnL, depth, fees, and margin constraints"
2026-06-08T14:07:17.784545+00:00,Bitmart Futures,METUSDT,MET,perpetual,0.10000000,0.10277447,3.87755102,0.46380254,0.29000000,0.00490000,3640972.25000000,208369.90487350,17.47359943,23.58856907,derivatives_positioning_context,none,positioning context is visible but not actionable yet,"label Bitmart Futures METUSDT forward returns, funding PnL, depth, fees, and margin constraints"
2026-06-08T14:07:17.784545+00:00,Phemex (Futures),MET-PERPUSDT,MET,perpetual,0.10000000,0.10237576,4.81557377,0.07405670,0.29000000,0.00500000,1040689.12000000,270112.19339770,3.85280319,23.14540713,derivatives_positioning_context,none,positioning context is visible but not actionable yet,"label Phemex (Futures) MET-PERPUSDT forward returns, funding PnL, depth, fees, and margin constraints"
2026-06-08T14:07:17.784545+00:00,Hyperliquid (Futures),MET-USD,MET,perpetual,0.10000000,0.10255000,4.78152156,0.29339853,0.11000000,0.00125000,1080509.08000000,182474.90497500,5.92141193,22.22377950,derivatives_positioning_context,none,positioning context is visible but not actionable yet,"label Hyperliquid (Futures) MET-USD forward returns, funding PnL, depth, fees, and margin constraints"
2026-06-08T14:07:17.784545+00:00,Bybit (Futures),METUSDT,MET,perpetual,0.10000000,0.10230000,4.66045273,0.11743981,0.11000000,0.00061800,1575114.06000000,797829.91585314,1.97424793,17.25254477,derivatives_positioning_context,none,positioning context is visible but not actionable yet,"label Bybit (Futures) METUSDT forward returns, funding PnL, depth, fees, and margin constraints"
2026-06-08T14:07:17.784545+00:00,OrangeX Futures,MET-USDT-PERPETUAL,MET,perpetual,0.10000000,0.10250000,4.92307692,0.19550342,0.00000000,0.01000000,1016745.20000000,2905496.53230728,0.34993854,10.67528268,derivatives_positioning_context,none,positioning context is visible but not actionable yet,"label OrangeX Futures MET-USDT-PERPETUAL forward returns, funding PnL, depth, fees, and margin constraints"
2026-06-08T14:07:17.784545+00:00,Binance (Futures),METUSDT,MET,perpetual,0.10000000,0.10232660,5.02049180,-0.16917073,0.10000000,0.00061500,2182989.14000000,3326145.67293645,0.65631195,6.97500284,derivatives_positioning_context,none,positioning context is visible but not actionable yet,"label Binance (Futures) METUSDT forward returns, funding PnL, depth, fees, and margin constraints"
2026-06-08T14:07:17.784545+00:00,Bitget Futures,ETCUSDT_UMCBL,ETC,perpetual,7.15000000,7.16117846,2.77139575,0.05838281,0.01000000,-0.02640000,3382665.80000000,1348818.86819058,2.50787254,36.74764731,paper_oi_funding_crowding_watch,watch_long_crowded_short,high OI/volume with material funding,"label Bitget Futures ETCUSDT_UMCBL forward returns, funding PnL, depth, fees, and margin constraints"
2026-06-08T14:07:17.784545+00:00,Bitmart Futures,ETCUSDT,ETC,perpetual,7.14000000,7.16220811,1.82206406,0.12873074,0.04000000,-0.02000000,27054160.44000000,8006307.20840539,3.37910596,32.67420164,paper_oi_funding_crowding_watch,watch_long_crowded_short,high OI/volume with material funding,"label Bitmart Futures ETCUSDT forward returns, funding PnL, depth, fees, and margin constraints"
2026-06-08T14:07:17.784545+00:00,BYDFi (Futures),ETC-PERPUSDT,ETC,perpetual,7.14000000,7.15000000,2.55600230,0.11201344,0.03000000,0.01000000,1541401.99000000,194611.16780605,7.92041899,26.84429960,derivatives_positioning_context,none,positioning context is visible but not actionable yet,"label BYDFi (Futures) ETC-PERPUSDT forward returns, funding PnL, depth, fees, and margin constraints"
2026-06-08T14:07:17.784545+00:00,Bitget Futures,ETCUSD_DMCBL,ETC,perpetual,7.15000000,7.15451480,2.73106224,0.10514616,0.10000000,0.01000000,1081619.83000000,158253.84200000,6.83471451,26.53209073,derivatives_positioning_context,none,positioning context is visible but not actionable yet,"label Bitget Futures ETCUSD_DMCBL forward returns, funding PnL, depth, fees, and margin constraints"
2026-06-08T14:07:17.784545+00:00,Bybit (Futures),ETCUSDT,ETC,perpetual,7.20000000,7.16100000,2.66857963,0.06987144,0.01000000,-0.01585600,7178053.22000000,4187539.35974259,1.71414585,24.13981476,derivatives_positioning_context,none,positioning context is visible but not actionable yet,"label Bybit (Futures) ETCUSDT forward returns, funding PnL, depth, fees, and margin constraints"
2026-06-08T14:07:17.784545+00:00,KCEX (Futures),ETC_USDT,ETC,perpetual,7.16000000,7.16800000,2.93103448,0.05583473,0.00000000,-0.00310000,3631339.90000000,597351.05990134,6.07907166,22.85943719,derivatives_positioning_context,none,positioning context is visible but not actionable yet,"label KCEX (Futures) ETC_USDT forward returns, funding PnL, depth, fees, and margin constraints"
2026-06-08T14:07:17.784545+00:00,MEXC (Futures),ETC_USDT,ETC,perpetual,7.15000000,7.16700000,2.71356784,0.18171652,0.01000000,-0.00260000,7114695.03000000,1073294.26607059,6.62883913,22.70387937,derivatives_positioning_context,none,positioning context is visible but not actionable yet,"label MEXC (Futures) ETC_USDT forward returns, funding PnL, depth, fees, and margin constraints"
2026-06-08T14:07:17.784545+00:00,Hyperliquid (Futures),ETC-USD,ETC,perpetual,7.17000000,7.15550000,3.03187131,-0.16045765,0.09000000,-0.00296558,1330214.69000000,175266.06628500,7.58968760,22.56283566,derivatives_positioning_context,none,positioning context is visible but not actionable yet,"label Hyperliquid (Futures) ETC-USD forward returns, funding PnL, depth, fees, and margin constraints"
2026-06-08T14:07:17.784545+00:00,Gate (Futures),ETC_USDT,ETC,perpetual,7.15000000,7.16130000,2.83249461,0.13003356,1.39000000,-0.00450000,1729442.44000000,588389.05151333,2.93928386,16.86445116,derivatives_positioning_context,none,positioning context is visible but not actionable yet,"label Gate (Futures) ETC_USDT forward returns, funding PnL, depth, fees, and margin constraints"
2026-06-08T14:07:17.784545+00:00,OKX (Futures),ETC-USDT-SWAP,ETC,perpetual,7.15000000,7.16200000,2.72831706,0.18184361,0.01000000,-0.01553448,5079417.98000000,7892162.14170000,0.64360284,15.62763897,derivatives_positioning_context,none,positioning context is visible but not actionable yet,"label OKX (Futures) ETC-USDT-SWAP forward returns, funding PnL, depth, fees, and margin constraints"
2026-06-08T14:07:17.784545+00:00,Phemex (Futures),ETC-PERPUSDT,ETC,perpetual,7.15000000,7.15835380,2.71201033,0.00494272,0.03000000,0.00266000,1843558.56000000,1485155.15877312,1.24132388,12.20673699,derivatives_positioning_context,none,positioning context is visible but not actionable yet,"label Phemex (Futures) ETC-PERPUSDT forward returns, funding PnL, depth, fees, and margin constraints"
2026-06-08T14:07:17.784545+00:00,Aivora Exchange (Futures),E-ETC-USDT,ETC,perpetual,7.15000000,7.16000000,2.71278886,0.05589715,0.03000000,0.01000000,14448961.68000000,24545189.49910293,0.58866776,11.56296133,derivatives_positioning_context,none,positioning context is visible but not actionable yet,"label Aivora Exchange (Futures) E-ETC-USDT forward returns, funding PnL, depth, fees, and margin constraints"
2026-06-08T14:07:17.784545+00:00,WhiteBIT Futures,ETC_PERP,ETC,perpetual,7.12000000,7.17000000,2.92194199,0.57088354,0.15000000,0.01000000,3859504.72000000,8986393.58803644,0.42948316,10.72990675,paper_basis_funding_dislocation_watch,watch_basis_funding_reversion,basis and funding are both stretched,"label WhiteBIT Futures ETC_PERP forward returns, funding PnL, depth, fees, and margin constraints"
2026-06-08T14:07:17.784545+00:00,Deepcoin (Derivatives),ETCUSDT,ETC,perpetual,7.15000000,7.16620000,2.66972872,0.18453796,0.01000000,0.01100000,1367899.00000000,4124471.03085390,0.33165441,10.38421454,derivatives_positioning_context,none,positioning context is visible but not actionable yet,"label Deepcoin (Derivatives) ETCUSDT forward returns, funding PnL, depth, fees, and margin constraints"
2026-06-08T14:07:17.784545+00:00,OrangeX Futures,ETC-USDT-PERPETUAL,ETC,perpetual,7.15000000,7.16000000,2.81568740,0.04191700,0.00000000,-0.01000000,5216222.44000000,15397233.60466305,0.33877660,9.67997994,derivatives_positioning_context,none,positioning context is visible but not actionable yet,"label OrangeX Futures ETC-USDT-PERPETUAL forward returns, funding PnL, depth, fees, and margin constraints"
2026-06-08T14:07:17.784545+00:00,BingX (Futures),ETC-USDT,ETC,perpetual,7.15000000,7.16000000,2.72596844,0.00000000,0.03000000,-0.00230000,1916438.17000000,2247889.29888268,0.85255007,8.87651971,derivatives_positioning_context,none,positioning context is visible but not actionable yet,"label BingX (Futures) ETC-USDT forward returns, funding PnL, depth, fees, and margin constraints"
2026-06-08T14:07:17.784545+00:00,Binance (Futures),ETCUSDT,ETC,perpetual,7.16000000,7.15898649,2.67049533,0.11168354,0.01000000,-0.00235100,15607049.63000000,20207981.16446000,0.77232107,8.63531430,derivatives_positioning_context,none,positioning context is visible but not actionable yet,"label Binance (Futures) ETCUSDT forward returns, funding PnL, depth, fees, and margin constraints"
2026-06-08T14:07:17.784545+00:00,BVOX (Futures),ETC-SWAP-USDT,ETC,perpetual,7.14000000,7.15268798,2.64178033,0.05158739,0.10000000,0.01000000,1817677.41000000,6575166.77368600,0.27644583,8.62406117,derivatives_positioning_context,none,positioning context is visible but not actionable yet,"label BVOX (Futures) ETC-SWAP-USDT forward returns, funding PnL, depth, fees, and margin constraints"
2026-06-08T14:07:17.784545+00:00,LBank (Futures),ETCUSDT,ETC,perpetual,7.14000000,7.16400000,2.58360844,0.23786204,0.01000000,-0.00243900,11456051.60000000,16456647.93876974,0.69613518,8.28911346,derivatives_positioning_context,none,positioning context is visible but not actionable yet,"label LBank (Futures) ETCUSDT forward returns, funding PnL, depth, fees, and margin constraints"
2026-06-08T14:07:17.784545+00:00,Biconomy (Futures),ETC_USDT,ETC,perpetual,7.14000000,9.22800000,2.60020112,0.07591368,0.00000000,0.00961600,1388373.10000000,12777263.67673455,0.10865966,7.59909622,derivatives_positioning_context,none,positioning context is visible but not actionable yet,"label Biconomy (Futures) ETC_USDT forward returns, funding PnL, depth, fees, and margin constraints"
2026-06-08T14:07:17.784545+00:00,CoinW (Futures),ETC/USDT,ETC,perpetual,7.15000000,7.15500000,2.71317829,0.00000000,0.03000000,0.00040000,6224514.56000000,8094851.54689706,0.76894734,7.08417094,derivatives_positioning_context,none,positioning context is visible but not actionable yet,"label CoinW (Futures) ETC/USDT forward returns, funding PnL, depth, fees, and margin constraints"
2026-06-08T14:07:17.784545+00:00,Toobit Futures,ETC-SWAP-USDT,ETC,perpetual,7.16000000,7.16718919,2.96104643,0.36674401,0.01000000,-0.00292462,1149539.61000000,3022024.28825478,0.38038728,6.37801390,derivatives_positioning_context,none,positioning context is visible but not actionable yet,"label Toobit Futures ETC-SWAP-USDT forward returns, funding PnL, depth, fees, and margin constraints"
2026-06-08T14:07:17.784545+00:00,CoinUp.io (Futures),ETC-USDT,ETC,perpetual,7.15000000,7.18270000,2.87480236,0.35908900,0.01000000,0.00324500,4530001.27000000,84897282.49553828,0.05335861,4.08334219,derivatives_positioning_context,none,positioning context is visible but not actionable yet,"label CoinUp.io (Futures) ETC-USDT forward returns, funding PnL, depth, fees, and margin constraints"
2026-06-08T14:07:17.784545+00:00,Phemex (Futures),POPCAT-PERPUSDT,POPCAT,perpetual,0.04000000,0.04226300,4.14917264,0.22053593,0.07000000,0.01000000,2248139.53000000,462630.26259702,4.85947356,27.34124518,derivatives_positioning_context,none,positioning context is visible but not actionable yet,"label Phemex (Futures) POPCAT-PERPUSDT forward returns, funding PnL, depth, fees, and margin constraints"
2026-06-08T14:07:17.784545+00:00,Bybit (Futures),POPCATUSDT,POPCAT,perpetual,0.04000000,0.04222000,3.84425826,0.18984338,0.05000000,-0.01787500,5518717.07000000,2902205.52921500,1.90155970,27.23728367,derivatives_positioning_context,none,positioning context is visible but not actionable yet,"label Bybit (Futures) POPCATUSDT forward returns, funding PnL, depth, fees, and margin constraints"
2026-06-08T14:07:17.784545+00:00,Bitmart Futures,POPCATUSDT,POPCAT,perpetual,0.04000000,0.04223054,3.58986968,0.23864230,0.24000000,-0.00378000,28444990.80000000,8019096.38609707,3.54715662,22.69517367,derivatives_positioning_context,none,positioning context is visible but not actionable yet,"label Bitmart Futures POPCATUSDT forward returns, funding PnL, depth, fees, and margin constraints"
2026-06-08T14:07:17.784545+00:00,Hyperliquid (Futures),POPCAT-USD,POPCAT,perpetual,0.04000000,0.04220000,4.26574292,0.14475901,0.07000000,-0.00073969,1174979.86000000,356904.60058200,3.29213985,21.66611867,derivatives_positioning_context,none,positioning context is visible but not actionable yet,"label Hyperliquid (Futures) POPCAT-USD forward returns, funding PnL, depth, fees, and margin constraints"
2026-06-08T14:07:17.784545+00:00,Binance (Futures),POPCATUSDT,POPCAT,perpetual,0.04000000,0.04226565,4.07306838,0.34579772,0.05000000,-0.00081400,2013221.42000000,2496062.28348520,0.80655897,8.61340627,derivatives_positioning_context,none,positioning context is visible but not actionable yet,"label Binance (Futures) POPCATUSDT forward returns, funding PnL, depth, fees, and margin constraints"
2026-06-08T14:07:17.784545+00:00,Bybit (Futures),BSVUSDT,BSV,perpetual,12.09000000,12.10300000,0.88414380,0.06614303,0.03000000,0.00500000,1169243.92000000,385635.41352094,3.03199312,23.25063897,derivatives_positioning_context,none,positioning context is visible but not actionable yet,"label Bybit (Futures) BSVUSDT forward returns, funding PnL, depth, fees, and margin constraints"
2026-06-08T14:07:17.784545+00:00,Bitget Futures,BSVUSDT_UMCBL,BSV,perpetual,12.08000000,12.07678878,0.83402836,-0.10927395,0.08000000,0.00500000,1368235.29000000,145968.64941105,9.37348736,23.07178481,derivatives_positioning_context,none,positioning context is visible but not actionable yet,"label Bitget Futures BSVUSDT_UMCBL forward returns, funding PnL, depth, fees, and margin constraints"
2026-06-08T14:07:17.784545+00:00,Bitmart Futures,BSVUSDT,BSV,perpetual,12.09000000,11.90315789,1.00291438,0.06690001,0.17000000,0.00490000,15645172.34000000,800664.55258314,19.54023353,22.55756601,derivatives_positioning_context,none,positioning context is visible but not actionable yet,"label Bitmart Futures BSVUSDT forward returns, funding PnL, depth, fees, and margin constraints"
2026-06-08T14:07:17.784545+00:00,Gate (Futures),BSV_USDT,BSV,perpetual,12.09000000,12.09000000,0.91743119,-0.08264463,0.83000000,0.00500000,1114452.72000000,197408.11430624,5.64542508,19.29314234,derivatives_positioning_context,none,positioning context is visible but not actionable yet,"label Gate (Futures) BSV_USDT forward returns, funding PnL, depth, fees, and margin constraints"
2026-06-08T14:07:17.784545+00:00,Binance (Futures),BSVUSDT,BSV,perpetual,12.10000000,12.11578947,1.16959064,0.29627045,0.08000000,0.00500000,1311642.39000000,1002243.41825462,1.30870641,14.01769717,derivatives_positioning_context,none,positioning context is visible but not actionable yet,"label Binance (Futures) BSVUSDT forward returns, funding PnL, depth, fees, and margin constraints"
2026-06-08T14:07:17.784545+00:00,LBank (Futures),BSVUSDT,BSV,perpetual,12.06000000,12.09000000,0.75125209,0.16570008,0.08000000,0.00500000,22630368.74000000,21867199.69961552,1.03490017,11.52497231,derivatives_positioning_context,none,positioning context is visible but not actionable yet,"label LBank (Futures) BSVUSDT forward returns, funding PnL, depth, fees, and margin constraints"
2026-06-08T14:07:17.784545+00:00,Bitmart Futures,GRIFFAINUSDT,GRIFFAIN,perpetual,0.01000000,0.00845175,4.69059406,-0.60272845,0.95000000,0.00490000,16510506.23000000,183803.90808462,89.82674200,20.83602374,derivatives_positioning_context,none,positioning context is visible but not actionable yet,"label Bitmart Futures GRIFFAINUSDT forward returns, funding PnL, depth, fees, and margin constraints"
2026-06-08T14:07:17.784545+00:00,Binance (Futures),GRIFFAINUSDT,GRIFFAIN,perpetual,0.01000000,0.00851062,5.51775331,-0.21550006,0.08000000,0.00500000,1458304.55000000,912333.15781099,1.59843423,17.47854124,derivatives_positioning_context,none,positioning context is visible but not actionable yet,"label Binance (Futures) GRIFFAINUSDT forward returns, funding PnL, depth, fees, and margin constraints"
2026-06-08T14:07:17.784545+00:00,BYDFi (Futures),NIL-PERPUSDT,NIL,perpetual,0.04000000,0.04028000,0.07486898,-0.34636319,0.05000000,0.01000000,1434903.72000000,426552.96148344,3.36395208,26.46890998,derivatives_positioning_context,none,positioning context is visible but not actionable yet,"label BYDFi (Futures) NIL-PERPUSDT forward returns, funding PnL, depth, fees, and margin constraints"
2026-06-08T14:07:17.784545+00:00,Bybit (Futures),NILUSDT,NIL,perpetual,0.04000000,0.04035000,-0.04972650,0.37313433,0.07000000,-0.03067800,1314113.49000000,1463281.67533963,0.89805914,26.00801456,derivatives_positioning_context,none,positioning context is visible but not actionable yet,"label Bybit (Futures) NILUSDT forward returns, funding PnL, depth, fees, and margin constraints"
2026-06-08T14:07:17.784545+00:00,OrangeX Futures,NIL-USDT-PERPETUAL,NIL,perpetual,0.04000000,0.04030000,0.49875312,0.00000000,0.00000000,-0.01000000,2456146.46000000,7086541.57023549,0.34659311,8.94145617,derivatives_positioning_context,none,positioning context is visible but not actionable yet,"label OrangeX Futures NIL-USDT-PERPETUAL forward returns, funding PnL, depth, fees, and margin constraints"
2026-06-08T14:07:17.784545+00:00,Binance (Futures),NILUSDT,NIL,perpetual,0.04000000,0.04026663,0.14958863,0.24055265,0.02000000,-0.00377800,2982359.89000000,8885516.99303490,0.33564281,5.40166012,derivatives_positioning_context,none,positioning context is visible but not actionable yet,"label Binance (Futures) NILUSDT forward returns, funding PnL, depth, fees, and margin constraints"
2026-06-08T14:07:17.784545+00:00,Phemex (Futures),HMSTR-PERPUSDT,HMSTR,perpetual,0.00000000,0.00016994,-9.24145299,0.02354326,0.18000000,0.01000000,2596681.59000000,378682.33257016,6.85715009,27.92547315,derivatives_positioning_context,none,positioning context is visible but not actionable yet,"label Phemex (Futures) HMSTR-PERPUSDT forward returns, funding PnL, depth, fees, and margin constraints"
2026-06-08T14:07:17.784545+00:00,Gate (Futures),HMSTR_USDT,HMSTR,perpetual,0.00000000,0.00016990,-9.41489362,-0.23487962,0.00000000,0.00500000,2574612.95000000,825592.12239109,3.11850474,26.30102774,derivatives_positioning_context,none,positioning context is visible but not actionable yet,"label Gate (Futures) HMSTR_USDT forward returns, funding PnL, depth, fees, and margin constraints"
2026-06-08T14:07:17.784545+00:00,Bitmart Futures,HMSTRUSDT,HMSTR,perpetual,0.00000000,0.00017077,-9.53649441,0.15835777,0.29000000,0.00475000,19742258.02000000,1614486.90157328,12.22819337,24.62037735,derivatives_positioning_context,none,positioning context is visible but not actionable yet,"label Bitmart Futures HMSTRUSDT forward returns, funding PnL, depth, fees, and margin constraints"
2026-06-08T14:07:17.784545+00:00,Bybit (Futures),HMSTRUSDT,HMSTR,perpetual,0.00000000,0.00017020,-9.43496802,0.17657446,0.06000000,-0.00854300,2987213.23000000,1662804.34833351,1.79649111,22.39066823,derivatives_positioning_context,none,positioning context is visible but not actionable yet,"label Bybit (Futures) HMSTRUSDT forward returns, funding PnL, depth, fees, and margin constraints"
2026-06-08T14:07:17.784545+00:00,Hyperliquid (Futures),HMSTR-USD,HMSTR,perpetual,0.00000000,0.00017000,-10.58201058,0.59171598,1.18000000,0.00125000,1396494.62000000,473148.24445600,2.95149488,19.21177441,paper_derivatives_momentum_risk_watch,watch_continuation_or_reversal,large move with meaningful OI,"label Hyperliquid (Futures) HMSTR-USD forward returns, funding PnL, depth, fees, and margin constraints"
2026-06-08T14:07:17.784545+00:00,OrangeX Futures,HMSTR-USDT-PERPETUAL,HMSTR,perpetual,0.00000000,0.00016900,-9.09090909,-0.58823529,0.00000000,0.01000000,1731008.12000000,5240988.21852634,0.33028277,12.55994949,paper_basis_funding_dislocation_watch,watch_basis_funding_reversion,basis and funding are both stretched,"label OrangeX Futures HMSTR-USDT-PERPETUAL forward returns, funding PnL, depth, fees, and margin constraints"
2026-06-08T14:07:17.784545+00:00,Binance (Futures),HMSTRUSDT,HMSTR,perpetual,0.00000000,0.00017000,-9.53649441,0.23584906,0.06000000,0.00203800,3036216.11000000,5989518.89010880,0.50692154,8.32887019,derivatives_positioning_context,none,positioning context is visible but not actionable yet,"label Binance (Futures) HMSTRUSDT forward returns, funding PnL, depth, fees, and margin constraints"
2026-06-08T14:07:17.784545+00:00,Hyperliquid (Futures),PURR-USD,PURR,perpetual,0.10000000,0.09823200,11.61852601,0.00101801,0.19000000,0.00959948,7401905.46000000,808987.58260400,9.14959094,28.31370361,paper_derivatives_momentum_risk_watch,watch_continuation_or_reversal,large move with meaningful OI,"label Hyperliquid (Futures) PURR-USD forward returns, funding PnL, depth, fees, and margin constraints"
2026-06-08T14:07:17.784545+00:00,XT.COM (Derivatives),SKY_USDT,SKY,perpetual,0.06000000,0.05838006,5.00630290,0.12014423,0.02000000,0.00508800,59267947.00000000,479932.35525696,123.49229293,24.81447509,derivatives_positioning_context,none,positioning context is visible but not actionable yet,"label XT.COM (Derivatives) SKY_USDT forward returns, funding PnL, depth, fees, and margin constraints"
2026-06-08T14:07:17.784545+00:00,Bybit (Futures),SKYUSDT,SKY,perpetual,0.06000000,0.05830000,4.88640462,0.22348289,0.03000000,0.00500000,5376428.37000000,905947.00495948,5.93459478,24.77545193,derivatives_positioning_context,none,positioning context is visible but not actionable yet,"label Bybit (Futures) SKYUSDT forward returns, funding PnL, depth, fees, and margin constraints"
2026-06-08T14:07:17.784545+00:00,Bitget Futures,SKYUSDT_UMCBL,SKY,perpetual,0.06000000,0.05830488,4.64195754,0.24909893,0.05000000,0.00500000,1419060.45000000,245666.09805403,5.77637884,24.64411458,derivatives_positioning_context,none,positioning context is visible but not actionable yet,"label Bitget Futures SKYUSDT_UMCBL forward returns, funding PnL, depth, fees, and margin constraints"
2026-06-08T14:07:17.784545+00:00,MEXC (Futures),SKY_USDT,SKY,perpetual,0.06000000,0.05831000,4.82535110,0.15458605,0.03000000,0.00500000,3482021.30000000,722931.14190159,4.81653244,24.61518734,derivatives_positioning_context,none,positioning context is visible but not actionable yet,"label MEXC (Futures) SKY_USDT forward returns, funding PnL, depth, fees, and margin constraints"
2026-06-08T14:07:17.784545+00:00,Phemex (Futures),SKY-PERPUSDT,SKY,perpetual,0.06000000,0.05826600,4.35796270,0.13060663,0.05000000,0.00500000,1408007.35000000,349404.81766421,4.02973078,24.32211690,derivatives_positioning_context,none,positioning context is visible but not actionable yet,"label Phemex (Futures) SKY-PERPUSDT forward returns, funding PnL, depth, fees, and margin constraints"
2026-06-08T14:07:17.784545+00:00,Binance (Futures),SKYUSDT,SKY,perpetual,0.06000000,0.05828440,4.70968902,0.05905579,0.05000000,0.00500000,10201725.59000000,4567387.83559781,2.23360178,22.17937074,derivatives_positioning_context,none,positioning context is visible but not actionable yet,"label Binance (Futures) SKYUSDT forward returns, funding PnL, depth, fees, and margin constraints"
2026-06-08T14:07:17.784545+00:00,Hyperliquid (Futures),SKY-USD,SKY,perpetual,0.06000000,0.05819500,4.14739936,0.14972121,0.08000000,0.00125000,1657789.86000000,349257.22865000,4.74661574,21.89767632,derivatives_positioning_context,none,positioning context is visible but not actionable yet,"label Hyperliquid (Futures) SKY-USD forward returns, funding PnL, depth, fees, and margin constraints"
2026-06-08T14:07:17.784545+00:00,Bitmart Futures,SKYUSDT,SKY,perpetual,0.06000000,0.05819843,4.80821178,0.08328461,0.15000000,0.00475000,2256585.90000000,1609003.10760594,1.40247454,14.93656028,derivatives_positioning_context,none,positioning context is visible but not actionable yet,"label Bitmart Futures SKYUSDT forward returns, funding PnL, depth, fees, and margin constraints"
2026-06-08T14:07:17.784545+00:00,OrangeX Futures,SKY-USDT-PERPETUAL,SKY,perpetual,0.06000000,0.05832000,4.74649407,0.10298661,0.00000000,0.01000000,1304631.87000000,3699680.66202298,0.35263364,10.46099921,derivatives_positioning_context,none,positioning context is visible but not actionable yet,"label OrangeX Futures SKY-USDT-PERPETUAL forward returns, funding PnL, depth, fees, and margin constraints"
2026-06-08T14:07:17.784545+00:00,WhiteBIT Futures,SKY_PERP,SKY,perpetual,0.06000000,0.05843000,4.57727518,0.29179540,0.34000000,0.00500000,2025283.72000000,2618930.76789899,0.77332465,9.45265898,derivatives_positioning_context,none,positioning context is visible but not actionable yet,"label WhiteBIT Futures SKY_PERP forward returns, funding PnL, depth, fees, and margin constraints"
2026-06-08T14:07:17.784545+00:00,Toobit Futures,SKY-SWAP-USDT,SKY,perpetual,0.06000000,0.05831041,4.71053578,0.12089629,0.03000000,0.00500000,2224585.90000000,6199425.58013762,0.35883742,7.39250072,derivatives_positioning_context,none,positioning context is visible but not actionable yet,"label Toobit Futures SKY-SWAP-USDT forward returns, funding PnL, depth, fees, and margin constraints"
2026-06-08T14:07:17.784545+00:00,BingX (Futures),SKY-USDT,SKY,perpetual,0.06000000,0.05832000,4.70968902,0.12017167,0.05000000,0.00500000,2413846.79000000,6521379.63407359,0.37014358,7.38226913,derivatives_positioning_context,none,positioning context is visible but not actionable yet,"label BingX (Futures) SKY-USDT forward returns, funding PnL, depth, fees, and margin constraints"
2026-06-08T14:07:17.784545+00:00,Bitget Futures,ETHFIUSDT_UMCBL,ETHFI,perpetual,0.31000000,0.31107943,4.01472064,0.05771259,0.06000000,0.00500000,2962080.17000000,1021657.90874029,2.89928766,24.02780886,derivatives_positioning_context,none,positioning context is visible but not actionable yet,"label Bitget Futures ETHFIUSDT_UMCBL forward returns, funding PnL, depth, fees, and margin constraints"
2026-06-08T14:07:17.784545+00:00,Hyperliquid (Futures),ETHFI-USD,ETHFI,perpetual,0.31000000,0.30960000,3.69040829,0.17148219,0.17000000,0.00125000,2770871.15000000,542284.65235900,5.10962488,21.35671318,derivatives_positioning_context,none,positioning context is visible but not actionable yet,"label Hyperliquid (Futures) ETHFI-USD forward returns, funding PnL, depth, fees, and margin constraints"
2026-06-08T14:07:17.784545+00:00,Bitmart Futures,ETHFIUSDT,ETHFI,perpetual,0.31000000,0.30478616,3.04857621,0.09397701,0.16000000,0.00495000,18005103.12000000,8000995.48713977,2.25035786,21.32740200,derivatives_positioning_context,none,positioning context is visible but not actionable yet,"label Bitmart Futures ETHFIUSDT forward returns, funding PnL, depth, fees, and margin constraints"
2026-06-08T14:07:17.784545+00:00,Bybit (Futures),ETHFIUSDT,ETHFI,perpetual,0.31000000,0.30980000,3.44251337,0.09693053,0.03000000,0.00500000,4097801.93000000,2811794.53395294,1.45736180,15.74932863,derivatives_positioning_context,none,positioning context is visible but not actionable yet,"label Bybit (Futures) ETHFIUSDT forward returns, funding PnL, depth, fees, and margin constraints"
2026-06-08T14:07:17.784545+00:00,WEEX (Futures),ETHFI-USDT,ETHFI,perpetual,0.31000000,0.30850000,3.41937647,0.00000000,0.00000000,0.00005000,1341735.98000000,803717.59087037,1.66941224,14.41540173,derivatives_positioning_context,none,positioning context is visible but not actionable yet,"label WEEX (Futures) ETHFI-USDT forward returns, funding PnL, depth, fees, and margin constraints"
2026-06-08T14:07:17.784545+00:00,MEXC (Futures),ETHFI_USDT,ETHFI,perpetual,0.31000000,0.31100000,3.84229870,0.48465267,0.03000000,0.00500000,1655408.02000000,1666828.61337738,0.99314831,12.92382589,derivatives_positioning_context,none,positioning context is visible but not actionable yet,"label MEXC (Futures) ETHFI_USDT forward returns, funding PnL, depth, fees, and margin constraints"
2026-06-08T14:07:17.784545+00:00,Binance (Futures),ETHFIUSDT,ETHFI,perpetual,0.31000000,0.31073572,3.64426613,0.23732903,0.03000000,0.00500000,9944697.19000000,9566689.65612553,1.03951289,12.77306378,derivatives_positioning_context,none,positioning context is visible but not actionable yet,"label Binance (Futures) ETHFIUSDT forward returns, funding PnL, depth, fees, and margin constraints"
2026-06-08T14:07:17.784545+00:00,CoinW (Futures),ETHFI/USDT,ETHFI,perpetual,0.31000000,0.30980000,3.54278075,0.00000000,0.06000000,0.00500000,2219271.34000000,2158543.62445681,1.02813365,11.99665907,derivatives_positioning_context,none,positioning context is visible but not actionable yet,"label CoinW (Futures) ETHFI/USDT forward returns, funding PnL, depth, fees, and margin constraints"
2026-06-08T14:07:17.784545+00:00,OrangeX Futures,ETHFI-USDT-PERPETUAL,ETHFI,perpetual,0.31000000,0.31130000,4.26031533,0.16087516,0.00000000,-0.01000000,2582380.46000000,7453572.49165475,0.34646211,10.39161371,derivatives_positioning_context,none,positioning context is visible but not actionable yet,"label OrangeX Futures ETHFI-USDT-PERPETUAL forward returns, funding PnL, depth, fees, and margin constraints"
2026-06-08T14:07:17.784545+00:00,OKX (Futures),ETHFI-USDT-SWAP,ETHFI,perpetual,0.31000000,0.31020000,3.61083250,0.09680542,0.03000000,-0.00335693,2262012.67000000,4256634.02442010,0.53140877,7.40532571,derivatives_positioning_context,none,positioning context is visible but not actionable yet,"label OKX (Futures) ETHFI-USDT-SWAP forward returns, funding PnL, depth, fees, and margin constraints"
2026-06-08T14:07:17.784545+00:00,BingX (Futures),ETHFI-USDT,ETHFI,perpetual,0.31000000,0.31150000,3.91304348,0.25748310,0.10000000,0.00500000,2390142.17000000,6757598.31202889,0.35369699,7.03675063,derivatives_positioning_context,none,positioning context is visible but not actionable yet,"label BingX (Futures) ETHFI-USDT forward returns, funding PnL, depth, fees, and margin constraints"
2026-06-08T14:07:17.784545+00:00,WhiteBIT Futures,ETHFI_PERP,ETHFI,perpetual,0.31000000,0.31000000,4.29818670,-0.19317450,0.96000000,0.00500000,2269028.96000000,8025130.46353540,0.28274045,2.15831689,derivatives_positioning_context,none,positioning context is visible but not actionable yet,"label WhiteBIT Futures ETHFI_PERP forward returns, funding PnL, depth, fees, and margin constraints"
2026-06-08T14:07:17.784545+00:00,Phemex (Futures),ALT-PERPUSDT,ALT,perpetual,0.01000000,0.00576890,2.95434199,0.18930184,0.05000000,-0.01950000,1584557.26000000,116677.69575046,13.58063553,32.71830875,derivatives_positioning_context,none,positioning context is visible but not actionable yet,"label Phemex (Futures) ALT-PERPUSDT forward returns, funding PnL, depth, fees, and margin constraints"
2026-06-08T14:07:17.784545+00:00,Bybit (Futures),ALTUSDT,ALT,perpetual,0.01000000,0.00576700,2.58467023,0.20851434,0.05000000,-0.01500800,1425334.31000000,656249.10139513,2.17194097,27.32692067,derivatives_positioning_context,none,positioning context is visible but not actionable yet,"label Bybit (Futures) ALTUSDT forward returns, funding PnL, depth, fees, and margin constraints"
2026-06-08T14:07:17.784545+00:00,Bitmart Futures,ALTUSDT,ALT,perpetual,0.01000000,0.00575158,1.89749956,0.20174216,0.38000000,0.00390720,13440397.44000000,8017028.37283547,1.67648121,14.87181873,derivatives_positioning_context,none,positioning context is visible but not actionable yet,"label Bitmart Futures ALTUSDT forward returns, funding PnL, depth, fees, and margin constraints"
2026-06-08T14:07:17.784545+00:00,Binance (Futures),ALTUSDT,ALT,perpetual,0.01000000,0.00577086,2.84030011,0.24075039,0.03000000,0.00500000,3787692.32000000,2867512.34005800,1.32089835,14.76408803,derivatives_positioning_context,none,positioning context is visible but not actionable yet,"label Binance (Futures) ALTUSDT forward returns, funding PnL, depth, fees, and margin constraints"
2026-06-08T14:07:17.784545+00:00,Antarctic ,ASTER_USDT,ASTER,perpetual,0.63000000,0.63310000,0.61973621,0.11068944,0.05000000,-0.01900000,1289590.40000000,155514.00713719,8.29243889,31.56018995,derivatives_positioning_context,none,positioning context is visible but not actionable yet,"label Antarctic  ASTER_USDT forward returns, funding PnL, depth, fees, and margin constraints"
2026-06-08T14:07:17.784545+00:00,BYDFi (Futures),ASTER-PERPUSDT,ASTER,perpetual,0.63000000,0.63280000,0.22225750,0.23760494,0.03000000,0.01000000,6889275.76000000,346602.81358301,19.87657194,26.40635889,derivatives_positioning_context,none,positioning context is visible but not actionable yet,"label BYDFi (Futures) ASTER-PERPUSDT forward returns, funding PnL, depth, fees, and margin constraints"
2026-06-08T14:07:17.784545+00:00,XT.COM (Derivatives),ASTER_USDT,ASTER,perpetual,0.63000000,0.63355960,0.50785590,0.04099116,0.08000000,0.01009500,80180329.00000000,6782376.38222337,11.82186368,26.06526449,derivatives_positioning_context,none,positioning context is visible but not actionable yet,"label XT.COM (Derivatives) ASTER_USDT forward returns, funding PnL, depth, fees, and margin constraints"
2026-06-08T14:07:17.784545+00:00,Bitmart Futures,ASTERUSDT,ASTER,perpetual,0.63000000,0.62987667,-0.06323111,0.18715922,0.02000000,0.00485000,29047728.60000000,8048899.45627432,3.60890688,23.27748102,derivatives_positioning_context,none,positioning context is visible but not actionable yet,"label Bitmart Futures ASTERUSDT forward returns, funding PnL, depth, fees, and margin constraints"
2026-06-08T14:07:17.784545+00:00,Aster (Futures),ASTER-USDT,ASTER,perpetual,0.63000000,0.63322667,0.74626866,-0.20068243,0.05000000,0.00372100,208962905.06999999,31709075.13110431,6.59000315,23.08918941,derivatives_positioning_context,none,positioning context is visible but not actionable yet,"label Aster (Futures) ASTER-USDT forward returns, funding PnL, depth, fees, and margin constraints"
2026-06-08T14:07:17.784545+00:00,BTSE (Futures),ASTER-PERP,ASTER,perpetual,0.63000000,0.63333333,0.46024441,0.05265877,0.05000000,0.00500000,13135581.76000000,404259.31900000,32.49295970,23.02047054,derivatives_positioning_context,none,positioning context is visible but not actionable yet,"label BTSE (Futures) ASTER-PERP forward returns, funding PnL, depth, fees, and margin constraints"
2026-06-08T14:07:17.784545+00:00,CoinW (Futures),ASTER/USDT,ASTER,perpetual,0.63000000,0.63370000,0.77951002,0.03157064,0.03000000,0.01000000,24933727.37000000,12508081.96844556,1.99340934,22.16915259,derivatives_positioning_context,none,positioning context is visible but not actionable yet,"label CoinW (Futures) ASTER/USDT forward returns, funding PnL, depth, fees, and margin constraints"
2026-06-08T14:07:17.784545+00:00,Bitget Futures,ASTERUSDT_UMCBL,ASTER,perpetual,0.63000000,0.63371788,0.71553506,0.05018573,0.03000000,0.00250000,16526385.24000000,2704538.74351722,6.11061139,21.70349383,derivatives_positioning_context,none,positioning context is visible but not actionable yet,"label Bitget Futures ASTERUSDT_UMCBL forward returns, funding PnL, depth, fees, and margin constraints"
2026-06-08T14:07:17.784545+00:00,Hyperliquid (Futures),ASTER-USD,ASTER,perpetual,0.63000000,0.63295000,0.68451718,0.07431065,0.02000000,0.00125000,23451221.20000000,3696214.04309000,6.34465995,21.05827132,derivatives_positioning_context,none,positioning context is visible but not actionable yet,"label Hyperliquid (Futures) ASTER-USD forward returns, funding PnL, depth, fees, and margin constraints"
2026-06-08T14:07:17.784545+00:00,WhiteBIT Futures,ASTER_PERP,ASTER,perpetual,0.63000000,0.63500000,0.89016055,0.04726643,0.47000000,0.00500000,15420651.79000000,6184896.22918950,2.49327575,21.00099812,derivatives_positioning_context,none,positioning context is visible but not actionable yet,"label WhiteBIT Futures ASTER_PERP forward returns, funding PnL, depth, fees, and margin constraints"
2026-06-08T14:07:17.784545+00:00,Lighter,ASTER_USDC,ASTER,perpetual,0.63000000,0.63207000,0.61851080,-0.11851711,0.11000000,0.00120000,2808313.03000000,227333.59060958,12.35326914,20.59865876,derivatives_positioning_context,none,positioning context is visible but not actionable yet,"label Lighter ASTER_USDC forward returns, funding PnL, depth, fees, and margin constraints"
2026-06-08T14:07:17.784545+00:00,Bybit (Futures),ASTERUSDT,ASTER,perpetual,0.63000000,0.63350000,0.36467417,0.07898894,0.02000000,0.00027100,46101393.20000000,10394358.37827814,4.43523222,20.44297164,derivatives_positioning_context,none,positioning context is visible but not actionable yet,"label Bybit (Futures) ASTERUSDT forward returns, funding PnL, depth, fees, and margin constraints"
2026-06-08T14:07:17.784545+00:00,Binance (Futures),ASTERUSDT,ASTER,perpetual,0.63000000,0.63282000,0.73143584,-0.10734017,0.02000000,0.00500000,73929958.05000000,37052323.15715603,1.99528536,19.51835856,derivatives_positioning_context,none,positioning context is visible but not actionable yet,"label Binance (Futures) ASTERUSDT forward returns, funding PnL, depth, fees, and margin constraints"
2026-06-08T14:07:17.784545+00:00,Bitunix Futures,ASTER_USDT,ASTER,perpetual,0.63000000,0.63220000,0.57242805,-0.04743083,0.02000000,0.00500000,2806683.78000000,1774818.35987216,1.58139213,15.82689009,derivatives_positioning_context,none,positioning context is visible but not actionable yet,"label Bitunix Futures ASTER_USDT forward returns, funding PnL, depth, fees, and margin constraints"
2026-06-08T14:07:17.784545+00:00,edgeX,ASTER-USD,ASTER,perpetual,0.63000000,0.63320000,0.66740823,-0.04735596,0.05000000,0.00500000,3933954.55000000,2614743.44690000,1.50452793,15.09425524,derivatives_positioning_context,none,positioning context is visible but not actionable yet,"label edgeX ASTER-USD forward returns, funding PnL, depth, fees, and margin constraints"
2026-06-08T14:07:17.784545+00:00,Aivora Exchange (Futures),E-ASTER-USDT,ASTER,perpetual,0.63000000,0.63350000,0.63552590,0.01578781,0.03000000,-0.00018492,32062862.60000000,18679625.11354092,1.71646178,14.01636423,derivatives_positioning_context,none,positioning context is visible but not actionable yet,"label Aivora Exchange (Futures) E-ASTER-USDT forward returns, funding PnL, depth, fees, and margin constraints"
2026-06-08T14:07:17.784545+00:00,BVOX (Futures),ASTER-SWAP-USDT,ASTER,perpetual,0.63000000,0.63309211,0.60394151,0.01455059,0.08000000,0.02000000,3884743.67000000,14737861.83708875,0.26358937,13.95624379,derivatives_positioning_context,none,positioning context is visible but not actionable yet,"label BVOX (Futures) ASTER-SWAP-USDT forward returns, funding PnL, depth, fees, and margin constraints"
2026-06-08T14:07:17.784545+00:00,Zoomex (Futures),ASTER-USDT,ASTER,perpetual,0.63000000,0.63170000,0.39758270,0.06336132,0.02000000,0.00070000,4595102.78000000,3122149.90113140,1.47177520,12.35563351,derivatives_positioning_context,none,positioning context is visible but not actionable yet,"label Zoomex (Futures) ASTER-USDT forward returns, funding PnL, depth, fees, and margin constraints"
2026-06-08T14:07:17.784545+00:00,OrangeX Futures,ASTER-USDT-PERPETUAL,ASTER,perpetual,0.63000000,0.63340000,0.85143630,-0.04734101,0.00000000,0.01490000,5887725.03000000,17372905.51806652,0.33890273,12.04785598,derivatives_positioning_context,none,positioning context is visible but not actionable yet,"label OrangeX Futures ASTER-USDT-PERPETUAL forward returns, funding PnL, depth, fees, and margin constraints"
2026-06-08T14:07:17.784545+00:00,Gate (Futures),ASTER_USDT,ASTER,perpetual,0.63000000,0.63294000,0.66815145,0.02212389,14.29000000,-0.00230000,5246193.61000000,1101457.45797707,4.76295618,11.63738852,derivatives_positioning_context,none,positioning context is visible but not actionable yet,"label Gate (Futures) ASTER_USDT forward returns, funding PnL, depth, fees, and margin constraints"
2026-06-08T14:07:17.784545+00:00,Phemex (Futures),ASTER-PERPUSDT,ASTER,perpetual,0.63000000,0.63359000,0.81171415,0.18817204,0.09000000,0.00500000,1803230.75000000,1787693.46113620,1.00869125,11.24657017,derivatives_positioning_context,none,positioning context is visible but not actionable yet,"label Phemex (Futures) ASTER-PERPUSDT forward returns, funding PnL, depth, fees, and margin constraints"
2026-06-08T14:07:17.784545+00:00,BitKan (Futures),ASTER_USDT_PERP,ASTER,perpetual,0.63000000,0.63350000,0.65141405,0.00000000,-0.30000000,0.00500000,1393391.76000000,1739310.10762961,0.80111750,11.11062959,derivatives_positioning_context,none,positioning context is visible but not actionable yet,"label BitKan (Futures) ASTER_USDT_PERP forward returns, funding PnL, depth, fees, and margin constraints"
2026-06-08T14:07:17.784545+00:00,BingX (Futures),ASTER-USDT,ASTER,perpetual,0.63000000,0.63340000,0.69930070,-0.03156566,0.02000000,0.00500000,6732264.16000000,7907346.05032495,0.85139364,10.01334989,derivatives_positioning_context,none,positioning context is visible but not actionable yet,"label BingX (Futures) ASTER-USDT forward returns, funding PnL, depth, fees, and margin constraints"
2026-06-08T14:07:17.784545+00:00,OKX (Futures),ASTER-USDT-SWAP,ASTER,perpetual,0.63000000,0.63260000,0.33322755,0.04744583,0.02000000,-0.00204133,9135178.22000000,10520019.89635887,0.86836131,8.30586091,derivatives_positioning_context,none,positioning context is visible but not actionable yet,"label OKX (Futures) ASTER-USDT-SWAP forward returns, funding PnL, depth, fees, and margin constraints"
2026-06-08T14:07:17.784545+00:00,MEXC (Futures),ASTER_USDT,ASTER,perpetual,0.63000000,0.63280000,-0.12634239,0.06325111,0.03000000,0.00500000,12196716.99000000,33594162.32054347,0.36306061,6.01047155,derivatives_positioning_context,none,positioning context is visible but not actionable yet,"label MEXC (Futures) ASTER_USDT forward returns, funding PnL, depth, fees, and margin constraints"
2026-06-08T14:07:17.784545+00:00,AlphaX (Futures),ASTER_USDT,ASTER,perpetual,0.63000000,0.63320000,-0.04740085,0.09484666,0.00000000,0.00500000,1446006.15000000,5938050.76207965,0.24351529,5.16680401,derivatives_positioning_context,none,positioning context is visible but not actionable yet,"label AlphaX (Futures) ASTER_USDT forward returns, funding PnL, depth, fees, and margin constraints"
2026-06-08T14:07:17.784545+00:00,Deepcoin (Derivatives),ASTERUSDT,ASTER,perpetual,0.63000000,0.63220000,0.46090273,0.01582028,0.06000000,0.00280000,6647379.78000000,17030542.74070675,0.39032108,4.71983584,derivatives_positioning_context,none,positioning context is visible but not actionable yet,"label Deepcoin (Derivatives) ASTERUSDT forward returns, funding PnL, depth, fees, and margin constraints"
2026-06-08T14:07:17.784545+00:00,BloFin (Futures),ASTER-USDT,ASTER,perpetual,0.63000000,0.63330000,0.61963775,0.00000000,0.02000000,0.00213717,2928292.87000000,7638978.57555433,0.38333566,4.45601556,derivatives_positioning_context,none,positioning context is visible but not actionable yet,"label BloFin (Futures) ASTER-USDT forward returns, funding PnL, depth, fees, and margin constraints"
2026-06-08T14:07:17.784545+00:00,Toobit Futures,ASTER-SWAP-USDT,ASTER,perpetual,0.63000000,0.63375000,0.81158498,0.03946330,0.03000000,0.00129945,1924548.37000000,5302423.11328712,0.36295639,3.87017514,derivatives_positioning_context,none,positioning context is visible but not actionable yet,"label Toobit Futures ASTER-SWAP-USDT forward returns, funding PnL, depth, fees, and margin constraints"
