timestamp,market,symbol,index_id,contract_type,price,index_price,price_change_24h,basis,spread,funding_rate,open_interest,volume_24h,oi_volume_ratio,score,status,side,reason,next_step
2026-06-08T12:31:07.055561+00:00,KuCoin Futures,HUSDTM,KHUSDT,perpetual,0.69000000,0.68937000,-7.66911100,-0.81435334,0.03000000,-0.08480000,83312572.26000001,12215796.19366988,6.82006895,48.97049671,paper_oi_funding_crowding_watch,watch_long_crowded_short,high OI/volume with material funding,"label KuCoin Futures HUSDTM forward returns, funding PnL, depth, fees, and margin constraints"
2026-06-08T12:31:07.055561+00:00,WhiteBIT Futures,ZEC_PERP,ZEC,perpetual,418.62000000,420.61000000,5.98041944,0.40102165,0.05000000,-0.23097100,59404394.83000000,15018739.65017442,3.95535153,47.49501540,paper_oi_funding_crowding_watch,watch_long_crowded_short,high OI/volume with material funding,"label WhiteBIT Futures ZEC_PERP forward returns, funding PnL, depth, fees, and margin constraints"
2026-06-08T12:31:07.055561+00:00,KuCoin Futures,BEATUSDTM,KBEATUSDT,perpetual,4.45000000,4.47082000,73.44052399,0.37831418,0.10000000,0.05140000,60557734.95000000,42432110.33750523,1.42716764,45.87994920,paper_oi_funding_crowding_watch,watch_short_crowded_long,high OI/volume with material funding,"label KuCoin Futures BEATUSDTM forward returns, funding PnL, depth, fees, and margin constraints"
2026-06-08T12:31:07.055561+00:00,Bitget Futures,LABUSDT_UMCBL,LAB,perpetual,12.74000000,12.72211113,-4.05773103,-0.19251228,0.04000000,0.05970000,63449266.87000000,32470620.81732498,1.95405155,42.22659603,paper_oi_funding_crowding_watch,watch_short_crowded_long,high OI/volume with material funding,"label Bitget Futures LABUSDT_UMCBL forward returns, funding PnL, depth, fees, and margin constraints"
2026-06-08T12:31:07.055561+00:00,Variational Omni,ETH-PERP,ETH,perpetual,1673.29000000,1674.60000000,4.05906124,0.04839317,0.00000000,1.15600000,140094828.27000001,83859726.35109282,1.67058533,40.12709642,paper_oi_funding_crowding_watch,watch_short_crowded_long,high OI/volume with material funding,"label Variational Omni ETH-PERP forward returns, funding PnL, depth, fees, and margin constraints"
2026-06-08T12:31:07.055561+00:00,OrangeX Futures,BEAT-USDT-PERPETUAL,BEAT,perpetual,4.45000000,4.48290000,75.64785233,0.66693614,0.00000000,-0.06190000,67336705.92000000,149541838.47034153,0.45028673,39.36992323,paper_basis_funding_dislocation_watch,watch_basis_funding_reversion,basis and funding are both stretched,"label OrangeX Futures BEAT-USDT-PERPETUAL forward returns, funding PnL, depth, fees, and margin constraints"
2026-06-08T12:31:07.055561+00:00,Bybit (Futures),HUSDT,H,perpetual,0.69000000,0.69109000,-7.82178086,0.07240186,0.02000000,-0.25153900,69834060.65000001,54985862.21099465,1.27003666,37.80127108,paper_oi_funding_crowding_watch,watch_long_crowded_short,high OI/volume with material funding,"label Bybit (Futures) HUSDT forward returns, funding PnL, depth, fees, and margin constraints"
2026-06-08T12:31:07.055561+00:00,Binance (Futures),BEATUSDT,BEAT,perpetual,4.48000000,4.44855680,82.46306622,-0.77494703,0.02000000,0.11313000,65657059.17000000,743797057.23538589,0.08827281,37.77498479,paper_basis_funding_dislocation_watch,watch_basis_funding_reversion,basis and funding are both stretched,"label Binance (Futures) BEATUSDT forward returns, funding PnL, depth, fees, and margin constraints"
2026-06-08T12:31:07.055561+00:00,Toobit Futures,BEAT-SWAP-USDT,BEAT,perpetual,4.50000000,4.50144101,78.62525781,-0.04571977,0.10000000,-0.14753386,51892426.54000000,119138048.61391804,0.43556552,37.41802469,derivatives_positioning_context,none,positioning context is visible but not actionable yet,"label Toobit Futures BEAT-SWAP-USDT forward returns, funding PnL, depth, fees, and margin constraints"
2026-06-08T12:31:07.055561+00:00,Antarctic ,BTC_USDT,BTC,perpetual,62838.97000000,62883.80000000,1.34545214,-0.00011132,0.01000000,0.04310000,118870709.39000000,90802067.47522892,1.30911897,36.24615562,paper_oi_funding_crowding_watch,watch_short_crowded_long,high OI/volume with material funding,"label Antarctic  BTC_USDT forward returns, funding PnL, depth, fees, and margin constraints"
2026-06-08T12:31:07.055561+00:00,OKX (Futures),ZEC-USDT-SWAP,ZEC,perpetual,423.27000000,421.11000000,5.61015458,0.22371897,0.01000000,-0.09789271,611245417.97000003,863642334.40020001,0.70775296,35.69228350,derivatives_positioning_context,none,positioning context is visible but not actionable yet,"label OKX (Futures) ZEC-USDT-SWAP forward returns, funding PnL, depth, fees, and margin constraints"
2026-06-08T12:31:07.055561+00:00,CoinW (Futures),TRX/USDT,TRX,perpetual,0.33000000,0.32699000,-0.15267642,0.00000000,0.02000000,-0.02839400,66792739.42000000,29372735.94157418,2.27397065,35.36629907,paper_oi_funding_crowding_watch,watch_long_crowded_short,high OI/volume with material funding,"label CoinW (Futures) TRX/USDT forward returns, funding PnL, depth, fees, and margin constraints"
2026-06-08T12:31:07.055561+00:00,CoinUp.io (Futures),SOL-USDT,SOL,perpetual,66.12000000,66.19000000,3.47146208,0.03022518,0.02000000,-0.02297700,189196315.19999999,50977833.23648460,3.71134478,35.26843728,paper_oi_funding_crowding_watch,watch_long_crowded_short,high OI/volume with material funding,"label CoinUp.io (Futures) SOL-USDT forward returns, funding PnL, depth, fees, and margin constraints"
2026-06-08T12:31:07.055561+00:00,Variational Omni,HYPE-PERP,HYPE,perpetual,61.40000000,61.45730000,6.02125963,0.06138106,0.00000000,-13.80000000,61070889.83000000,62882091.53795957,0.97119686,34.94662084,derivatives_positioning_context,none,positioning context is visible but not actionable yet,"label Variational Omni HYPE-PERP forward returns, funding PnL, depth, fees, and margin constraints"
2026-06-08T12:31:07.055561+00:00,XT.COM (Derivatives),UPAL_USDT,UPAL,perpetual,0.01000000,0.01328200,-21.02371140,0.44619224,0.05000000,-0.05000000,108694494.00000000,877592563.79762626,0.12385530,34.91291445,derivatives_positioning_context,none,positioning context is visible but not actionable yet,"label XT.COM (Derivatives) UPAL_USDT forward returns, funding PnL, depth, fees, and margin constraints"
2026-06-08T12:31:07.055561+00:00,Binance (Futures),HUSDT,H,perpetual,0.69000000,0.69609812,-7.09111397,0.50797309,0.02000000,-0.21818500,100882524.73000000,126266305.15677284,0.79896632,34.88930856,paper_basis_funding_dislocation_watch,watch_basis_funding_reversion,basis and funding are both stretched,"label Binance (Futures) HUSDT forward returns, funding PnL, depth, fees, and margin constraints"
2026-06-08T12:31:07.055561+00:00,KuCoin Futures,ZECUSDTM,KZECUSDT,perpetual,417.54000000,417.49000000,4.71393128,-0.08376412,0.02000000,-0.09360000,107227939.45999999,112972536.14931026,0.94915050,34.51531260,derivatives_positioning_context,none,positioning context is visible but not actionable yet,"label KuCoin Futures ZECUSDTM forward returns, funding PnL, depth, fees, and margin constraints"
2026-06-08T12:31:07.055561+00:00,Hyperliquid (Futures),XYZ:SKHX-USD,XYZ:SKHX,perpetual,1339.50000000,1334.50000000,4.66479137,-0.37327361,0.02000000,0.09509381,101849327.20999999,148983827.42289999,0.68362673,33.01666480,derivatives_positioning_context,none,positioning context is visible but not actionable yet,"label Hyperliquid (Futures) XYZ:SKHX-USD forward returns, funding PnL, depth, fees, and margin constraints"
2026-06-08T12:31:07.055561+00:00,Variational Omni,BTC-PERP,BTC,perpetual,62886.48000000,62939.94000000,1.69614199,0.05486013,0.00000000,10.95000000,290598407.25000000,421724584.43120456,0.68907154,32.55578113,derivatives_positioning_context,none,positioning context is visible but not actionable yet,"label Variational Omni BTC-PERP forward returns, funding PnL, depth, fees, and margin constraints"
2026-06-08T12:31:07.055561+00:00,Binance (Futures),ZECUSDT,ZEC,perpetual,417.89000000,419.95763325,4.23999202,0.42268664,0.01000000,-0.09484000,256585820.41000000,1911716033.92476845,0.13421754,32.47771490,derivatives_positioning_context,none,positioning context is visible but not actionable yet,"label Binance (Futures) ZECUSDT forward returns, funding PnL, depth, fees, and margin constraints"
2026-06-08T12:31:07.055561+00:00,BYDFi (Futures),ETH-PERPUSDC,ETH,perpetual,1681.95000000,1675.10000000,4.05473425,0.03702642,0.01000000,0.01000000,2523745740.28000021,28442262.48728501,88.73224278,32.34484912,derivatives_positioning_context,none,positioning context is visible but not actionable yet,"label BYDFi (Futures) ETH-PERPUSDC forward returns, funding PnL, depth, fees, and margin constraints"
2026-06-08T12:31:07.055561+00:00,OrangeX Futures,BSB-USDT-PERPETUAL,BSB,perpetual,0.33000000,0.33270000,22.14888155,-0.12008406,0.00000000,0.03590000,90355989.70000000,239235322.36802897,0.37768666,32.10550848,derivatives_positioning_context,none,positioning context is visible but not actionable yet,"label OrangeX Futures BSB-USDT-PERPETUAL forward returns, funding PnL, depth, fees, and margin constraints"
2026-06-08T12:31:07.055561+00:00,Binance (Futures),BTCUSDT,BTC,perpetual,62952.50000000,62943.28413043,1.52282625,0.07836062,0.01000000,-0.00024600,6236796031.89000034,13127136949.48500061,0.47510710,31.98561803,derivatives_positioning_context,none,positioning context is visible but not actionable yet,"label Binance (Futures) BTCUSDT forward returns, funding PnL, depth, fees, and margin constraints"
2026-06-08T12:31:07.055561+00:00,OrangeX Futures,ZEC-USDT-PERPETUAL,ZEC,perpetual,419.75000000,421.40000000,5.61967263,0.31900205,0.00000000,0.04870000,137437121.41000000,367226515.28001457,0.37425707,31.32728975,derivatives_positioning_context,none,positioning context is visible but not actionable yet,"label OrangeX Futures ZEC-USDT-PERPETUAL forward returns, funding PnL, depth, fees, and margin constraints"
2026-06-08T12:31:07.055561+00:00,GRVT,ETH_USDT_PERP,ETH,perpetual,1671.78000000,1674.74139669,3.87311482,0.10588335,0.01000000,0.97000000,103748403.90000001,196072983.87876460,0.52913156,31.15639641,derivatives_positioning_context,none,positioning context is visible but not actionable yet,"label GRVT ETH_USDT_PERP forward returns, funding PnL, depth, fees, and margin constraints"
2026-06-08T12:31:07.055561+00:00,HTX Futures,BTC-USDT,BTC,perpetual,62964.65000000,63027.01857143,1.74893064,0.06019862,0.01000000,-0.00811248,2038073085.71000004,819174881.81340003,2.48795847,31.08072960,derivatives_positioning_context,none,positioning context is visible but not actionable yet,"label HTX Futures BTC-USDT forward returns, funding PnL, depth, fees, and margin constraints"
2026-06-08T12:31:07.055561+00:00,OrangeX Futures,WLD-USDT-PERPETUAL,WLD,perpetual,0.46000000,0.46340000,7.98505720,0.19459459,0.00000000,0.08020000,61205849.32000000,183106373.27592990,0.33426389,30.94744195,derivatives_positioning_context,none,positioning context is visible but not actionable yet,"label OrangeX Futures WLD-USDT-PERPETUAL forward returns, funding PnL, depth, fees, and margin constraints"
2026-06-08T12:31:07.055561+00:00,BingX (Futures),ZEC-USDT,ZEC,perpetual,420.12000000,421.03000000,5.45272134,0.14032918,0.02000000,-0.04710000,60899246.02000000,131144212.84465423,0.46436854,30.91550996,derivatives_positioning_context,none,positioning context is visible but not actionable yet,"label BingX (Futures) ZEC-USDT forward returns, funding PnL, depth, fees, and margin constraints"
2026-06-08T12:31:07.055561+00:00,BVOX (Futures),ZEC-SWAP-USDT,ZEC,perpetual,421.80000000,422.11000000,5.12277731,0.00000000,0.02000000,0.39862764,218111808.78000000,774179248.67113400,0.28173296,30.67527896,derivatives_positioning_context,none,positioning context is visible but not actionable yet,"label BVOX (Futures) ZEC-SWAP-USDT forward returns, funding PnL, depth, fees, and margin constraints"
2026-06-08T12:31:07.055561+00:00,BYDFi (Futures),BTC-PERPUSDC,BTC,perpetual,63390.50000000,63448.40000000,2.09756993,0.06387217,0.01000000,0.01000000,1934643509.52999997,32559581.07055997,59.41856271,30.64142149,derivatives_positioning_context,none,positioning context is visible but not actionable yet,"label BYDFi (Futures) BTC-PERPUSDC forward returns, funding PnL, depth, fees, and margin constraints"
2026-06-08T12:31:07.055561+00:00,Binance (Futures),WLDUSDT,WLD,perpetual,0.46000000,0.46590671,8.56876021,0.19499140,0.02000000,-0.04358900,97427780.65000001,684329617.75386214,0.14236967,30.56308300,derivatives_positioning_context,none,positioning context is visible but not actionable yet,"label Binance (Futures) WLDUSDT forward returns, funding PnL, depth, fees, and margin constraints"
2026-06-08T12:31:07.055561+00:00,MEXC (Futures),USOIL_USDT,USOIL,perpetual,90.89000000,91.13000000,-0.87241003,0.25302530,0.01000000,-0.06200000,53401042.08000000,103597888.90255685,0.51546458,30.15548810,derivatives_positioning_context,none,positioning context is visible but not actionable yet,"label MEXC (Futures) USOIL_USDT forward returns, funding PnL, depth, fees, and margin constraints"
2026-06-08T12:31:07.055561+00:00,BVOX (Futures),SOL-SWAP-USDT,SOL,perpetual,66.23000000,66.33000000,3.65968095,0.07543754,0.11000000,0.20127852,233215284.86000001,919973503.81211162,0.25350218,30.03317434,derivatives_positioning_context,none,positioning context is visible but not actionable yet,"label BVOX (Futures) SOL-SWAP-USDT forward returns, funding PnL, depth, fees, and margin constraints"
2026-06-08T12:31:07.055561+00:00,KuCoin Futures,SOLUSDTM,KSOLUSDT,perpetual,65.87000000,66.02600000,3.42887507,-0.23269870,0.01000000,-0.01580000,308775635.91000003,137344058.80980000,2.24819070,29.80182492,derivatives_positioning_context,none,positioning context is visible but not actionable yet,"label KuCoin Futures SOLUSDTM forward returns, funding PnL, depth, fees, and margin constraints"
2026-06-08T12:31:07.055561+00:00,Bybit (Futures),ZECUSDT,ZEC,perpetual,419.78000000,420.83000000,4.28099625,0.20954876,0.01000000,-0.11081200,94536249.70999999,381908933.18925297,0.24753610,29.58657559,derivatives_positioning_context,none,positioning context is visible but not actionable yet,"label Bybit (Futures) ZECUSDT forward returns, funding PnL, depth, fees, and margin constraints"
2026-06-08T12:31:07.055561+00:00,GRVT,BTC_USDT_PERP,BTC,perpetual,62886.76000000,62934.28654693,1.61025214,0.00411009,0.01000000,1.00000000,173640969.81999999,528084355.32609957,0.32881294,29.47524999,derivatives_positioning_context,none,positioning context is visible but not actionable yet,"label GRVT BTC_USDT_PERP forward returns, funding PnL, depth, fees, and margin constraints"
2026-06-08T12:31:07.055561+00:00,Binance (Futures),TRXUSDT,TRX,perpetual,0.33000000,0.32717882,-0.14661861,0.08529214,0.01000000,-0.01760000,109352995.98999999,47759438.60820000,2.28966251,29.35609479,derivatives_positioning_context,none,positioning context is visible but not actionable yet,"label Binance (Futures) TRXUSDT forward returns, funding PnL, depth, fees, and margin constraints"
2026-06-08T12:31:07.055561+00:00,Bybit (Futures),NEARUSDT,NEAR,perpetual,2.10000000,2.14820000,14.63570857,0.02328072,0.01000000,-0.03423200,82439086.29000001,181520694.23509037,0.45415806,29.08765805,derivatives_positioning_context,none,positioning context is visible but not actionable yet,"label Bybit (Futures) NEARUSDT forward returns, funding PnL, depth, fees, and margin constraints"
2026-06-08T12:31:07.055561+00:00,Binance (Futures),CLUSDT,CL,futures,90.92000000,91.19552000,-0.49212598,0.22587097,0.01000000,-0.06206000,141302679.50000000,870473035.69088602,0.16232861,28.87156007,derivatives_positioning_context,none,positioning context is visible but not actionable yet,"label Binance (Futures) CLUSDT forward returns, funding PnL, depth, fees, and margin constraints"
2026-06-08T12:31:07.055561+00:00,Binance (Futures),ETHUSDT,ETH,perpetual,1672.00000000,1674.74139535,3.84605830,0.15497386,0.01000000,-0.00290600,3783239179.11999989,10025233529.69599915,0.37737168,28.74281697,derivatives_positioning_context,none,positioning context is visible but not actionable yet,"label Binance (Futures) ETHUSDT forward returns, funding PnL, depth, fees, and margin constraints"
2026-06-08T12:31:07.055561+00:00,Binance (Futures),MUUSDT,MU,futures,924.43000000,923.27257407,2.17595509,-0.14140755,0.01000000,0.06909700,90059495.92000000,480156653.34479564,0.18756274,28.52653582,derivatives_positioning_context,none,positioning context is visible but not actionable yet,"label Binance (Futures) MUUSDT forward returns, funding PnL, depth, fees, and margin constraints"
2026-06-08T12:31:07.055561+00:00,LBank (Futures),BCHUSDT,BCH,perpetual,205.50000000,205.75000000,-6.88702739,0.05349154,0.01000000,0.01000000,80972085.34000000,18170490.96813304,4.45624092,28.32137645,derivatives_positioning_context,none,positioning context is visible but not actionable yet,"label LBank (Futures) BCHUSDT forward returns, funding PnL, depth, fees, and margin constraints"
2026-06-08T12:31:07.055561+00:00,Binance (Futures),MRVLUSDT,MRVL,futures,285.83000000,285.65478630,-1.14115776,-0.07877910,0.02000000,0.04190700,57645949.83000000,194954265.16642341,0.29568961,28.27062281,derivatives_positioning_context,none,positioning context is visible but not actionable yet,"label Binance (Futures) MRVLUSDT forward returns, funding PnL, depth, fees, and margin constraints"
2026-06-08T12:31:07.055561+00:00,MEXC (Futures),BTC_USDT,BTC,perpetual,62931.10000000,62981.70000000,1.66009552,0.06641256,0.01000000,-0.00020000,4223393853.34000015,6736106783.25527573,0.62697846,27.63568273,derivatives_positioning_context,none,positioning context is visible but not actionable yet,"label MEXC (Futures) BTC_USDT forward returns, funding PnL, depth, fees, and margin constraints"
2026-06-08T12:31:07.055561+00:00,Bitget Futures,BTCUSD_DMCBL,BTC,perpetual,63036.00000000,63017.25850000,2.07614418,-0.02973142,0.01000000,0.01000000,341208503.63999999,36437733.58143000,9.36415276,27.38759857,derivatives_positioning_context,none,positioning context is visible but not actionable yet,"label Bitget Futures BTCUSD_DMCBL forward returns, funding PnL, depth, fees, and margin constraints"
2026-06-08T12:31:07.055561+00:00,HTX Futures,SOL-USDT,SOL,perpetual,66.32000000,66.38200000,3.62292594,0.01235427,0.03000000,0.01000000,153524521.00000000,29192364.61208095,5.25906425,27.32702010,derivatives_positioning_context,none,positioning context is visible but not actionable yet,"label HTX Futures SOL-USDT forward returns, funding PnL, depth, fees, and margin constraints"
2026-06-08T12:31:07.055561+00:00,Gate (Futures),BTC_USDT,BTC,perpetual,62909.10000000,63071.86000000,1.74250445,0.05625321,0.01000000,-0.00730000,3339524877.23000002,4933205803.80000019,0.67694822,26.92630487,derivatives_positioning_context,none,positioning context is visible but not actionable yet,"label Gate (Futures) BTC_USDT forward returns, funding PnL, depth, fees, and margin constraints"
2026-06-08T12:31:07.055561+00:00,XT.COM (Derivatives),AMD_USDT,AMD,perpetual,482.59000000,482.67944667,4.98684811,-0.05602098,0.20000000,0.01002200,68721556.00000000,16673628.54702235,4.12157173,26.79208677,derivatives_positioning_context,none,positioning context is visible but not actionable yet,"label XT.COM (Derivatives) AMD_USDT forward returns, funding PnL, depth, fees, and margin constraints"
2026-06-08T12:31:07.055561+00:00,Phemex (Futures),BTC-PERP,BTC,perpetual,62898.70000000,62944.74110000,1.62473684,0.07319881,0.01000000,0.00340600,1466248911.71000004,508190648.10689998,2.88523395,26.57629779,derivatives_positioning_context,none,positioning context is visible but not actionable yet,"label Phemex (Futures) BTC-PERP forward returns, funding PnL, depth, fees, and margin constraints"
2026-06-08T12:31:07.055561+00:00,MEXC (Futures),ETH_USD,ETH,perpetual,1669.45000000,1669.91000000,3.67387241,0.02755398,0.01000000,0.00870000,74650880.00000000,15737013.33718075,4.74364979,26.50804548,derivatives_positioning_context,none,positioning context is visible but not actionable yet,"label MEXC (Futures) ETH_USD forward returns, funding PnL, depth, fees, and margin constraints"
2026-06-08T12:31:07.055561+00:00,KuCoin Futures,XBTUSDTM,KXBTUSDT,perpetual,62893.20000000,62950.91000000,1.61109882,0.01209025,0.01000000,-0.00110000,1734793840.69000006,609072843.16799998,2.84825347,25.80524351,derivatives_positioning_context,none,positioning context is visible but not actionable yet,"label KuCoin Futures XBTUSDTM forward returns, funding PnL, depth, fees, and margin constraints"
2026-06-08T12:31:07.055561+00:00,XT.COM (Derivatives),NEAR_USDT,NEAR,perpetual,2.11000000,2.12089686,12.76595745,0.04230491,0.05000000,0.01000000,75155007.00000000,38051700.84905660,1.97507615,25.69141970,paper_derivatives_momentum_risk_watch,watch_continuation_or_reversal,large move with meaningful OI,"label XT.COM (Derivatives) NEAR_USDT forward returns, funding PnL, depth, fees, and margin constraints"
2026-06-08T12:31:07.055561+00:00,Aster (Futures),XRP-USDT,XRP,perpetual,1.15000000,1.15178191,2.47419010,0.03316919,0.02000000,0.00726500,57028950.79000000,16182996.37298009,3.52400442,25.21401930,derivatives_positioning_context,none,positioning context is visible but not actionable yet,"label Aster (Futures) XRP-USDT forward returns, funding PnL, depth, fees, and margin constraints"
2026-06-08T12:31:07.055561+00:00,LBank (Futures),ATOMUSDT,ATOM,perpetual,1.73000000,1.73600000,4.14165666,0.05763689,0.06000000,-0.00658500,53549516.64000000,11889718.29933601,4.50385075,25.13964924,derivatives_positioning_context,none,positioning context is visible but not actionable yet,"label LBank (Futures) ATOMUSDT forward returns, funding PnL, depth, fees, and margin constraints"
2026-06-08T12:31:07.055561+00:00,Bybit (Futures),BTCUSDT,BTC,perpetual,62944.50000000,63013.29000000,1.93448672,0.04602734,0.01000000,0.00045100,3499630620.21000004,6387830935.73343086,0.54785899,25.05079575,derivatives_positioning_context,none,positioning context is visible but not actionable yet,"label Bybit (Futures) BTCUSDT forward returns, funding PnL, depth, fees, and margin constraints"
2026-06-08T12:31:07.055561+00:00,KuCoin Futures,HYPEUSDTM,KHYPEUSDT,perpetual,61.73000000,61.80000000,6.82148292,0.03723068,0.01000000,-0.00690000,85691622.23000000,36983648.16413481,2.31701377,24.99236698,derivatives_positioning_context,none,positioning context is visible but not actionable yet,"label KuCoin Futures HYPEUSDTM forward returns, funding PnL, depth, fees, and margin constraints"
2026-06-08T12:31:07.055561+00:00,Bitget Futures,ETHUSD_DMCBL,ETH,perpetual,1675.06000000,1676.45396475,4.19502121,0.08321880,0.01000000,-0.00480000,86733082.50000000,16676100.51300000,5.20104100,24.46176232,derivatives_positioning_context,none,positioning context is visible but not actionable yet,"label Bitget Futures ETHUSD_DMCBL forward returns, funding PnL, depth, fees, and margin constraints"
2026-06-08T12:31:07.055561+00:00,KuCoin Futures,TONUSDTM,KTONUSDT,perpetual,1.74000000,1.73990000,3.62107021,0.16695452,0.02000000,0.00500000,51432575.22000000,11492969.09451142,4.47513387,24.44608119,derivatives_positioning_context,none,positioning context is visible but not actionable yet,"label KuCoin Futures TONUSDTM forward returns, funding PnL, depth, fees, and margin constraints"
2026-06-08T12:31:07.055561+00:00,Aster (Futures),SOL-USDT,SOL,perpetual,66.25000000,66.33896931,3.48056813,0.05877724,0.02000000,-0.01236200,210075348.75999999,109844581.70799518,1.91247803,24.41858898,derivatives_positioning_context,none,positioning context is visible but not actionable yet,"label Aster (Futures) SOL-USDT forward returns, funding PnL, depth, fees, and margin constraints"
2026-06-08T12:31:07.055561+00:00,MEXC (Futures),BTC_USD,BTC,perpetual,62884.10000000,62925.80000000,1.59967040,0.06631247,0.01000000,0.00570000,71712900.00000000,12272289.11805977,5.84348195,24.15049644,derivatives_positioning_context,none,positioning context is visible but not actionable yet,"label MEXC (Futures) BTC_USD forward returns, funding PnL, depth, fees, and margin constraints"
2026-06-08T12:31:07.055561+00:00,OKX (Futures),ETH-USDT-SWAP,ETH,perpetual,1670.97000000,1675.61000000,4.08020112,-0.06381659,0.01000000,-0.00722866,1176054971.66000009,8590175881.61396980,0.13690697,24.08625736,derivatives_positioning_context,none,positioning context is visible but not actionable yet,"label OKX (Futures) ETH-USDT-SWAP forward returns, funding PnL, depth, fees, and margin constraints"
2026-06-08T12:31:07.055561+00:00,WEEX (Futures),BTC-USDT,BTC,perpetual,62877.73000000,62919.90000000,2.05755176,-0.00715144,0.01000000,0.00003498,3039863138.76999998,10348163299.39240265,0.29375871,24.03235239,derivatives_positioning_context,none,positioning context is visible but not actionable yet,"label WEEX (Futures) BTC-USDT forward returns, funding PnL, depth, fees, and margin constraints"
2026-06-08T12:31:07.055561+00:00,Deribit,BTC-PERPETUAL,BTC,perpetual,62974.50000000,62969.15000000,1.90378329,-0.00849550,0.01000000,-0.00023500,1149264330.00000000,422282776.89079720,2.72155151,23.82222021,derivatives_positioning_context,none,positioning context is visible but not actionable yet,"label Deribit BTC-PERPETUAL forward returns, funding PnL, depth, fees, and margin constraints"
2026-06-08T12:31:07.055561+00:00,Deribit,ETH-PERPETUAL,ETH,perpetual,1675.40000000,1676.35000000,4.09767312,0.05670288,0.01000000,-0.00260000,293996157.00000000,116864645.90844239,2.51569801,23.67442930,derivatives_positioning_context,none,positioning context is visible but not actionable yet,"label Deribit ETH-PERPETUAL forward returns, funding PnL, depth, fees, and margin constraints"
2026-06-08T12:31:07.055561+00:00,Bybit (Futures),WLDUSDT,WLD,perpetual,0.46000000,0.46300000,7.81796966,0.21645022,0.02000000,-0.03035600,64375118.91000000,260186050.49017799,0.24741956,23.52037017,derivatives_positioning_context,none,positioning context is visible but not actionable yet,"label Bybit (Futures) WLDUSDT forward returns, funding PnL, depth, fees, and margin constraints"
2026-06-08T12:31:07.055561+00:00,Lighter,LIT_USDC,LIT,perpetual,1.51000000,1.50620000,8.96277557,-0.08623549,0.05000000,0.00120000,67118414.75000000,16713060.13567902,4.01592612,23.49896660,derivatives_positioning_context,none,positioning context is visible but not actionable yet,"label Lighter LIT_USDC forward returns, funding PnL, depth, fees, and margin constraints"
2026-06-08T12:31:07.055561+00:00,Binance (Futures),WLFIUSDT,WLFI,perpetual,0.06000000,0.05566514,0.07194245,0.04518332,0.02000000,0.00500000,85514630.65000001,25780870.42532523,3.31697996,23.23454038,derivatives_positioning_context,none,positioning context is visible but not actionable yet,"label Binance (Futures) WLFIUSDT forward returns, funding PnL, depth, fees, and margin constraints"
2026-06-08T12:31:07.055561+00:00,HTX Futures,ETH-USDT,ETH,perpetual,1626.24000000,1676.77714271,4.07859020,0.07443273,0.01000000,-0.01442079,1141541647.27999997,1039052951.48792005,1.09863664,23.12519769,derivatives_positioning_context,none,positioning context is visible but not actionable yet,"label HTX Futures ETH-USDT forward returns, funding PnL, depth, fees, and margin constraints"
2026-06-08T12:31:07.055561+00:00,Bitget Futures,DOGEUSDT_UMCBL,DOGE,perpetual,0.09000000,0.08622000,3.19760479,0.15100476,0.01000000,0.00720000,103458686.42000000,47931842.55034459,2.15845419,23.10170555,derivatives_positioning_context,none,positioning context is visible but not actionable yet,"label Bitget Futures DOGEUSDT_UMCBL forward returns, funding PnL, depth, fees, and margin constraints"
2026-06-08T12:31:07.055561+00:00,KuCoin Futures,XRPUSDTM,KXRPUSDT,perpetual,1.16000000,1.14766000,2.14923674,-0.05399380,0.01000000,-0.00300000,213952319.44999999,57484442.31200000,3.72191694,23.04563214,derivatives_positioning_context,none,positioning context is visible but not actionable yet,"label KuCoin Futures XRPUSDTM forward returns, funding PnL, depth, fees, and margin constraints"
2026-06-08T12:31:07.055561+00:00,LBank (Futures),DOGEUSDT,DOGE,perpetual,0.09000000,0.08610000,3.11489158,0.03485535,0.01000000,0.00307100,87968605.81999999,26515460.68268223,3.31763445,23.02574631,derivatives_positioning_context,none,positioning context is visible but not actionable yet,"label LBank (Futures) DOGEUSDT forward returns, funding PnL, depth, fees, and margin constraints"
2026-06-08T12:31:07.055561+00:00,Aster (Futures),ASTER-USDT,ASTER,perpetual,0.63000000,0.62767167,-0.67973443,-0.10000477,0.03000000,0.00380900,207082106.87000000,33778653.84393113,6.13056127,23.02105140,derivatives_positioning_context,none,positioning context is visible but not actionable yet,"label Aster (Futures) ASTER-USDT forward returns, funding PnL, depth, fees, and margin constraints"
2026-06-08T12:31:07.055561+00:00,OKX (Futures),BTC-USDT-SWAP,BTC,perpetual,62818.30000000,62891.70000000,1.43677883,0.05791079,0.01000000,-0.00382431,1816035791.10999990,9138524028.81443977,0.19872310,23.01329784,derivatives_positioning_context,none,positioning context is visible but not actionable yet,"label OKX (Futures) BTC-USDT-SWAP forward returns, funding PnL, depth, fees, and margin constraints"
2026-06-08T12:31:07.055561+00:00,Bitfinex (Futures),BTCF0:USTF0,BTC,perpetual,63139.00000000,62873.29530000,1.91928975,-0.23912272,0.02000000,0.00129800,565563260.69000006,65304847.30330523,8.66035653,22.99456857,derivatives_positioning_context,none,positioning context is visible but not actionable yet,"label Bitfinex (Futures) BTCF0:USTF0 forward returns, funding PnL, depth, fees, and margin constraints"
2026-06-08T12:31:07.055561+00:00,HTX Futures,XRP-USDT,XRP,perpetual,1.15000000,1.15320600,2.64081847,-0.13284376,0.86000000,0.01000000,55978631.40000000,13896214.75200000,4.02833667,22.89768275,derivatives_positioning_context,none,positioning context is visible but not actionable yet,"label HTX Futures XRP-USDT forward returns, funding PnL, depth, fees, and margin constraints"
2026-06-08T12:31:07.055561+00:00,LBank (Futures),TONUSDT,TON,perpetual,1.74000000,1.73840000,3.39880952,0.07483737,0.02000000,-0.00235800,109322881.01000001,18427316.39848048,5.93265339,22.73961800,derivatives_positioning_context,none,positioning context is visible but not actionable yet,"label LBank (Futures) TONUSDT forward returns, funding PnL, depth, fees, and margin constraints"
2026-06-08T12:31:07.055561+00:00,Gate (Futures),ETH_USDT,ETH,perpetual,1675.86000000,1678.04000000,4.06686689,0.05604913,0.02000000,-0.00160000,2862180669.69999981,5212167690.78623390,0.54913442,22.73393039,derivatives_positioning_context,none,positioning context is visible but not actionable yet,"label Gate (Futures) ETH_USDT forward returns, funding PnL, depth, fees, and margin constraints"
2026-06-08T12:31:07.055561+00:00,KuCoin Futures,SUIUSDTM,KSUIUSDT,perpetual,0.75000000,0.75260000,3.28137818,-0.37066455,0.03000000,-0.00130000,99248069.62000000,19723339.59080499,5.03201140,22.59368537,derivatives_positioning_context,none,positioning context is visible but not actionable yet,"label KuCoin Futures SUIUSDTM forward returns, funding PnL, depth, fees, and margin constraints"
2026-06-08T12:31:07.055561+00:00,Bybit (Futures),ETHUSD,ETH,perpetual,1675.15000000,1675.31000000,3.87174383,0.00955138,0.01000000,0.01000000,92195564.00000000,48699792.00000000,1.89314082,22.55754316,derivatives_positioning_context,none,positioning context is visible but not actionable yet,"label Bybit (Futures) ETHUSD forward returns, funding PnL, depth, fees, and margin constraints"
2026-06-08T12:31:07.055561+00:00,Hyperliquid (Futures),XYZ:SPCX-USD,XYZ:SPCX,perpetual,164.11000000,165.52000000,-2.49539540,0.85917982,0.04000000,0.00017258,65778281.37000000,26334617.41389998,2.49778762,22.53705302,derivatives_positioning_context,none,positioning context is visible but not actionable yet,"label Hyperliquid (Futures) XYZ:SPCX-USD forward returns, funding PnL, depth, fees, and margin constraints"
2026-06-08T12:31:07.055561+00:00,Hotcoin (Futures),PAXG_USDT,PAXG,perpetual,4317.23000000,4319.72000000,0.38710247,-0.01643355,0.01000000,0.00373400,61770170.09000000,10494644.36311682,5.88587550,22.48392747,derivatives_positioning_context,none,positioning context is visible but not actionable yet,"label Hotcoin (Futures) PAXG_USDT forward returns, funding PnL, depth, fees, and margin constraints"
2026-06-08T12:31:07.055561+00:00,LBank (Futures),XRPUSDT,XRP,perpetual,1.15000000,1.15090000,2.39472981,0.06085898,0.02000000,0.00213800,98468558.91000000,31564671.42975983,3.11958131,22.28300337,derivatives_positioning_context,none,positioning context is visible but not actionable yet,"label LBank (Futures) XRPUSDT forward returns, funding PnL, depth, fees, and margin constraints"
2026-06-08T12:31:07.055561+00:00,WhiteBIT Futures,SOL_PERP,SOL,perpetual,66.17000000,66.33810000,3.61119847,0.17789107,0.02000000,-0.02604000,158748633.44999999,300251633.26386672,0.52871863,22.11089129,derivatives_positioning_context,none,positioning context is visible but not actionable yet,"label WhiteBIT Futures SOL_PERP forward returns, funding PnL, depth, fees, and margin constraints"
2026-06-08T12:31:07.055561+00:00,KuCoin Futures,DOGEUSDTM,KDOGEUSDT,perpetual,0.09000000,0.08591000,2.96650718,-0.19749071,0.01000000,0.00090000,67492645.17000000,15135132.90361479,4.45933614,21.94018912,derivatives_positioning_context,none,positioning context is visible but not actionable yet,"label KuCoin Futures DOGEUSDTM forward returns, funding PnL, depth, fees, and margin constraints"
2026-06-08T12:31:07.055561+00:00,Hyperliquid (Futures),XYZ:NVDA-USD,XYZ:NVDA,perpetual,210.13000000,209.98000000,2.60253906,-0.07138438,0.02000000,0.00111463,170449332.78999999,35828193.25843002,4.75740799,21.90486353,derivatives_positioning_context,none,positioning context is visible but not actionable yet,"label Hyperliquid (Futures) XYZ:NVDA-USD forward returns, funding PnL, depth, fees, and margin constraints"
2026-06-08T12:31:07.055561+00:00,Deribit,BTC-26JUN26,BTC,futures,63000.00000000,62969.17000000,1.69491525,-0.04893651,0.02000000,0.00000000,614801950.00000000,19687900.39083000,31.22740047,21.77532729,derivatives_positioning_context,none,positioning context is visible but not actionable yet,"label Deribit BTC-26JUN26 forward returns, funding PnL, depth, fees, and margin constraints"
2026-06-08T12:31:07.055561+00:00,Deribit,ETH-26JUN26,ETH,futures,1677.50000000,1676.35000000,4.17637013,-0.06855440,0.01000000,0.00000000,97344274.00000000,11238353.86943500,8.66179114,21.55718509,derivatives_positioning_context,none,positioning context is visible but not actionable yet,"label Deribit ETH-26JUN26 forward returns, funding PnL, depth, fees, and margin constraints"
2026-06-08T12:31:07.055561+00:00,Toobit Futures,BTC-SWAP-USDT,BTC,perpetual,63018.73000000,63094.10782609,1.94183389,0.04536209,0.01000000,-0.00425624,2089127201.15000010,5586106067.76013660,0.37398631,21.51937744,derivatives_positioning_context,none,positioning context is visible but not actionable yet,"label Toobit Futures BTC-SWAP-USDT forward returns, funding PnL, depth, fees, and margin constraints"
2026-06-08T12:31:07.055561+00:00,Hyperliquid (Futures),XYZ:BRENTOIL-USD,XYZ:BRENTOIL,perpetual,93.97000000,94.31800000,-0.63970394,0.37033096,0.02000000,-0.01501701,354390955.44000000,278109147.13890994,1.27428730,21.30207774,derivatives_positioning_context,none,positioning context is visible but not actionable yet,"label Hyperliquid (Futures) XYZ:BRENTOIL-USD forward returns, funding PnL, depth, fees, and margin constraints"
2026-06-08T12:31:07.055561+00:00,Phemex (Futures),ETH-PERPUSDT,ETH,perpetual,1673.79000000,1677.54247189,3.99975188,0.05740686,0.06000000,0.00707400,102310080.12000000,52350257.49437512,1.95433767,21.20316129,derivatives_positioning_context,none,positioning context is visible but not actionable yet,"label Phemex (Futures) ETH-PERPUSDT forward returns, funding PnL, depth, fees, and margin constraints"
2026-06-08T12:31:07.055561+00:00,CoinW (Futures),BTC/USDT,BTC,perpetual,62892.50000000,62939.90000000,1.60645358,0.00142996,0.01000000,-0.00009700,2723224131.11999989,5713265776.71433544,0.47664930,21.17917020,derivatives_positioning_context,none,positioning context is visible but not actionable yet,"label CoinW (Futures) BTC/USDT forward returns, funding PnL, depth, fees, and margin constraints"
2026-06-08T12:31:07.055561+00:00,Gate (Futures),XAUT_USDT,XAUT,perpetual,4299.33000000,4306.77000000,0.02092293,0.10157122,0.01000000,0.00080000,145354592.30000001,23289458.62924722,6.24121817,20.97670741,derivatives_positioning_context,none,positioning context is visible but not actionable yet,"label Gate (Futures) XAUT_USDT forward returns, funding PnL, depth, fees, and margin constraints"
2026-06-08T12:31:07.055561+00:00,Hyperliquid (Futures),HYPE-USD,HYPE,perpetual,61.83000000,61.77400000,6.57749586,-0.09380256,0.01000000,0.00125000,1300351838.72000003,743295248.73067963,1.74944188,20.94368311,derivatives_positioning_context,none,positioning context is visible but not actionable yet,"label Hyperliquid (Futures) HYPE-USD forward returns, funding PnL, depth, fees, and margin constraints"
2026-06-08T12:31:07.055561+00:00,KuCoin Futures,ETHUSDTM,KETHUSDT,perpetual,1671.54000000,1675.06000000,3.96002731,0.00955281,0.01000000,-0.00640000,705349272.87000000,411891760.19160002,1.71246269,20.93129742,derivatives_positioning_context,none,positioning context is visible but not actionable yet,"label KuCoin Futures ETHUSDTM forward returns, funding PnL, depth, fees, and margin constraints"
2026-06-08T12:31:07.055561+00:00,Binance (Futures),BTCUSD_260626,BTC,futures,63008.20000000,62966.04997581,1.82057348,-0.06689609,0.01000000,0.00000000,57155500.00000000,16100434.45238661,3.54993526,20.77647610,derivatives_positioning_context,none,positioning context is visible but not actionable yet,"label Binance (Futures) BTCUSD_260626 forward returns, funding PnL, depth, fees, and margin constraints"
2026-06-08T12:31:07.055561+00:00,Bybit (Futures),XAUTUSDT,XAUT,perpetual,4303.42000000,4307.64000000,0.20942408,0.01950404,0.01000000,0.00023900,173843744.22999999,38286122.14665302,4.54064644,20.61949504,derivatives_positioning_context,none,positioning context is visible but not actionable yet,"label Bybit (Futures) XAUTUSDT forward returns, funding PnL, depth, fees, and margin constraints"
2026-06-08T12:31:07.055561+00:00,Bitget Futures,BTCUSDT_UMCBL,BTC,perpetual,62969.60000000,63063.78667122,2.04535299,0.05725526,0.01000000,-0.00670000,2008748419.47000003,3864285813.44689178,0.51982398,20.60277669,derivatives_positioning_context,none,positioning context is visible but not actionable yet,"label Bitget Futures BTCUSDT_UMCBL forward returns, funding PnL, depth, fees, and margin constraints"
2026-06-08T12:31:07.055561+00:00,Hyperliquid (Futures),XRP-USD,XRP,perpetual,1.15000000,1.15070000,2.44097996,0.06957127,0.02000000,0.00106256,78188540.61000000,33419193.91900001,2.33962976,20.34922606,derivatives_positioning_context,none,positioning context is visible but not actionable yet,"label Hyperliquid (Futures) XRP-USD forward returns, funding PnL, depth, fees, and margin constraints"
2026-06-08T12:31:07.055561+00:00,Toobit Futures,LAB-SWAP-USDT,LAB,perpetual,12.83000000,12.82017329,-2.42474916,-0.13107977,0.02000000,-0.02418771,151503860.21000001,438858994.90825784,0.34522218,19.34471429,derivatives_positioning_context,none,positioning context is visible but not actionable yet,"label Toobit Futures LAB-SWAP-USDT forward returns, funding PnL, depth, fees, and margin constraints"
2026-06-08T12:31:07.055561+00:00,OrangeX Futures,ALLO-USDT-PERPETUAL,ALLO,perpetual,0.43000000,0.43100000,42.57786614,0.16267720,0.00000000,-0.01000000,114512789.81000000,289444260.25589979,0.39562985,19.29830732,derivatives_positioning_context,none,positioning context is visible but not actionable yet,"label OrangeX Futures ALLO-USDT-PERPETUAL forward returns, funding PnL, depth, fees, and margin constraints"
2026-06-08T12:31:07.055561+00:00,Bybit (Futures),BNBUSDT,BNB,perpetual,599.16000000,599.86000000,2.02553191,0.07674341,0.02000000,0.00362900,80824463.23000000,40003518.16385100,2.02043388,19.24367336,derivatives_positioning_context,none,positioning context is visible but not actionable yet,"label Bybit (Futures) BNBUSDT forward returns, funding PnL, depth, fees, and margin constraints"
2026-06-08T12:31:07.055561+00:00,Bitunix Futures,SOL_USDT,SOL,perpetual,66.25000000,66.15000000,3.16791511,0.06050522,0.02000000,0.02323200,113278692.70000000,267819830.54999983,0.42296604,19.05651032,derivatives_positioning_context,none,positioning context is visible but not actionable yet,"label Bitunix Futures SOL_USDT forward returns, funding PnL, depth, fees, and margin constraints"
2026-06-08T12:31:07.055561+00:00,Bybit (Futures),BTCUSD,BTC,perpetual,62944.50000000,62973.56000000,1.89035672,0.04616766,0.01000000,0.00549300,429459955.00000000,252330449.00000000,1.70197436,18.88461803,derivatives_positioning_context,none,positioning context is visible but not actionable yet,"label Bybit (Futures) BTCUSD forward returns, funding PnL, depth, fees, and margin constraints"
2026-06-08T12:31:07.055561+00:00,Bybit (Futures),HYPEUSDT,HYPE,perpetual,61.46000000,61.53300000,6.57206224,0.04227161,0.01000000,-0.02012600,199643570.19000000,483102416.92737800,0.41325310,18.75327865,derivatives_positioning_context,none,positioning context is visible but not actionable yet,"label Bybit (Futures) HYPEUSDT forward returns, funding PnL, depth, fees, and margin constraints"
2026-06-08T12:31:07.055561+00:00,Binance (Futures),ASTERUSDT,ASTER,perpetual,0.63000000,0.63080167,0.00000000,0.11135851,0.02000000,0.00500000,73108278.41000000,38440015.73579201,1.90187951,18.56084972,derivatives_positioning_context,none,positioning context is visible but not actionable yet,"label Binance (Futures) ASTERUSDT forward returns, funding PnL, depth, fees, and margin constraints"
2026-06-08T12:31:07.055561+00:00,Hyperliquid (Futures),LIT-USD,LIT,perpetual,1.50000000,1.49750000,7.43345053,0.01335738,0.02000000,0.00125000,59172756.97000000,31079904.16930001,1.90389123,18.31838507,derivatives_positioning_context,none,positioning context is visible but not actionable yet,"label Hyperliquid (Futures) LIT-USD forward returns, funding PnL, depth, fees, and margin constraints"
2026-06-08T12:31:07.055561+00:00,LBank (Futures),SOLUSDT,SOL,perpetual,66.19000000,66.25000000,3.58148264,0.03019780,0.02000000,-0.01410000,219892518.18000001,222417950.20636147,0.98864556,18.28862577,derivatives_positioning_context,none,positioning context is visible but not actionable yet,"label LBank (Futures) SOLUSDT forward returns, funding PnL, depth, fees, and margin constraints"
2026-06-08T12:31:07.055561+00:00,Biconomy (Futures),BTC_USDT,BTC,perpetual,62977.74000000,79319.90000000,1.86435583,0.03644802,0.00000000,0.01045600,167712794.53999999,5243274986.53206539,0.03198627,17.98366849,derivatives_positioning_context,none,positioning context is visible but not actionable yet,"label Biconomy (Futures) BTC_USDT forward returns, funding PnL, depth, fees, and margin constraints"
2026-06-08T12:31:07.055561+00:00,WEEX (Futures),ETH-USDT,ETH,perpetual,1667.97000000,1668.61000000,3.64420987,-0.03474739,0.01000000,-0.00008366,2302388058.55000019,3387196446.01624060,0.67973266,17.97998406,derivatives_positioning_context,none,positioning context is visible but not actionable yet,"label WEEX (Futures) ETH-USDT forward returns, funding PnL, depth, fees, and margin constraints"
2026-06-08T12:31:07.055561+00:00,MEXC (Futures),ETH_USDT,ETH,perpetual,1669.45000000,1675.29000000,3.93437331,0.05853157,0.01000000,-0.00280000,1793848657.38000011,1918617740.92224050,0.93496928,17.83206222,derivatives_positioning_context,none,positioning context is visible but not actionable yet,"label MEXC (Futures) ETH_USDT forward returns, funding PnL, depth, fees, and margin constraints"
2026-06-08T12:31:07.055561+00:00,Zoomex (Futures),SOL-USDT,SOL,perpetual,66.11000000,66.15000000,-18.23580354,0.09078529,0.03000000,-0.01580000,55422143.45000000,246174872.28717703,0.22513323,17.38657150,derivatives_positioning_context,none,positioning context is visible but not actionable yet,"label Zoomex (Futures) SOL-USDT forward returns, funding PnL, depth, fees, and margin constraints"
2026-06-08T12:31:07.055561+00:00,Binance (Futures),SOLUSDT,SOL,perpetual,66.21000000,66.13663892,3.33020638,0.07056880,0.02000000,-0.01388700,654675544.33000004,1786642704.84089994,0.36642779,17.18645836,derivatives_positioning_context,none,positioning context is visible but not actionable yet,"label Binance (Futures) SOLUSDT forward returns, funding PnL, depth, fees, and margin constraints"
2026-06-08T12:31:07.055561+00:00,WhiteBIT Futures,BTC_PERP,BTC,perpetual,62953.27000000,63022.61000000,1.70690009,0.03588889,0.01000000,0.00589300,1496095690.16000009,3164291436.53966761,0.47280591,17.17286933,derivatives_positioning_context,none,positioning context is visible but not actionable yet,"label WhiteBIT Futures BTC_PERP forward returns, funding PnL, depth, fees, and margin constraints"
2026-06-08T12:31:07.055561+00:00,Bybit (Futures),ETHUSDT,ETH,perpetual,1675.15000000,1676.57000000,3.94754790,0.00000000,0.01000000,0.00364100,1483543418.08999991,3908876884.95080900,0.37953189,17.13996007,derivatives_positioning_context,none,positioning context is visible but not actionable yet,"label Bybit (Futures) ETHUSDT forward returns, funding PnL, depth, fees, and margin constraints"
2026-06-08T12:31:07.055561+00:00,Bitget Futures,HYPEUSDT_UMCBL,HYPE,perpetual,61.26000000,61.32697369,6.24262818,0.12403666,0.01000000,-0.00970000,163693013.88999999,152473333.65668997,1.07358454,17.11187079,derivatives_positioning_context,none,positioning context is visible but not actionable yet,"label Bitget Futures HYPEUSDT_UMCBL forward returns, funding PnL, depth, fees, and margin constraints"
2026-06-08T12:31:07.055561+00:00,BVOX (Futures),HYPE-SWAP-USDT,HYPE,perpetual,61.71000000,61.76517833,6.94283290,0.02134074,0.04000000,0.02000000,115906893.00000000,459707688.57405126,0.25213173,17.09381432,derivatives_positioning_context,none,positioning context is visible but not actionable yet,"label BVOX (Futures) HYPE-SWAP-USDT forward returns, funding PnL, depth, fees, and margin constraints"
2026-06-08T12:31:07.055561+00:00,Ourbit (Futures),BTC_USDT,BTC,perpetual,62902.21000000,62972.20000000,1.64114157,0.03701415,0.01000000,-0.00030000,529162013.85000002,7346691764.15967941,0.07202725,17.02429634,derivatives_positioning_context,none,positioning context is visible but not actionable yet,"label Ourbit (Futures) BTC_USDT forward returns, funding PnL, depth, fees, and margin constraints"
2026-06-08T12:31:07.055561+00:00,Gate (Futures),LINK_USDT,LINK,perpetual,7.92000000,7.93280000,3.68772067,0.04792534,1.25000000,0.00310000,59231827.28000000,12173849.84791500,4.86549678,16.95497823,derivatives_positioning_context,none,positioning context is visible but not actionable yet,"label Gate (Futures) LINK_USDT forward returns, funding PnL, depth, fees, and margin constraints"
2026-06-08T12:31:07.055561+00:00,Binance (Futures),BTCUSD_PERP,BTC,perpetual,62890.50000000,62873.70132670,1.55996415,-0.02671099,0.01000000,0.00572400,1009870600.00000000,922666770.54465747,1.09451281,16.52698844,derivatives_positioning_context,none,positioning context is visible but not actionable yet,"label Binance (Futures) BTCUSD_PERP forward returns, funding PnL, depth, fees, and margin constraints"
2026-06-08T12:31:07.055561+00:00,Hyperliquid (Futures),BTC-USD,BTC,perpetual,62925.00000000,62964.00000000,1.52140944,0.06197855,0.01000000,0.00125000,1947175302.78999996,3186195597.33748865,0.61112862,16.43615065,derivatives_positioning_context,none,positioning context is visible but not actionable yet,"label Hyperliquid (Futures) BTC-USD forward returns, funding PnL, depth, fees, and margin constraints"
2026-06-08T12:31:07.055561+00:00,Binance (Futures),LABUSDT,LAB,perpetual,12.80000000,12.77080730,-2.74887995,-0.28260092,0.02000000,0.02075600,52871428.40000000,206875866.48057780,0.25557079,16.30752673,derivatives_positioning_context,none,positioning context is visible but not actionable yet,"label Binance (Futures) LABUSDT forward returns, funding PnL, depth, fees, and margin constraints"
2026-06-08T12:31:07.055561+00:00,Phemex (Futures),XRP-PERPUSDT,XRP,perpetual,1.15000000,1.15173295,2.42990654,0.08106969,0.02000000,0.00724400,61346419.92000000,46209375.80863145,1.32757517,15.97322429,derivatives_positioning_context,none,positioning context is visible but not actionable yet,"label Phemex (Futures) XRP-PERPUSDT forward returns, funding PnL, depth, fees, and margin constraints"
2026-06-08T12:31:07.055561+00:00,Binance (Futures),NEARUSDT,NEAR,perpetual,2.11000000,2.12050000,12.90666667,0.16532829,0.05000000,-0.01494900,98059896.65000001,386665832.54000002,0.25360373,15.92033787,derivatives_positioning_context,none,positioning context is visible but not actionable yet,"label Binance (Futures) NEARUSDT forward returns, funding PnL, depth, fees, and margin constraints"
2026-06-08T12:31:07.055561+00:00,Gate (Futures),SOL_USDT,SOL,perpetual,66.30000000,66.38200000,3.73671044,0.04822909,0.15000000,-0.00930000,472721915.04000002,486329721.40262175,0.97201938,15.74172964,derivatives_positioning_context,none,positioning context is visible but not actionable yet,"label Gate (Futures) SOL_USDT forward returns, funding PnL, depth, fees, and margin constraints"
2026-06-08T12:31:07.055561+00:00,Toobit Futures,ETH-SWAP-USDT,ETH,perpetual,1676.97000000,1678.54860465,4.30142946,0.02017654,0.02000000,0.00013731,1512162907.18000007,4264883981.17401886,0.35456132,15.70375252,derivatives_positioning_context,none,positioning context is visible but not actionable yet,"label Toobit Futures ETH-SWAP-USDT forward returns, funding PnL, depth, fees, and margin constraints"
2026-06-08T12:31:07.055561+00:00,Bitget Futures,SOLUSDT_UMCBL,SOL,perpetual,66.02000000,66.37198325,3.91815889,0.06027747,0.01000000,-0.01110000,294696607.22000003,367027744.17315084,0.80292733,15.65286997,derivatives_positioning_context,none,positioning context is visible but not actionable yet,"label Bitget Futures SOLUSDT_UMCBL forward returns, funding PnL, depth, fees, and margin constraints"
2026-06-08T12:31:07.055561+00:00,AscendEX  (BitMax) (Futures),BTC-PERP,BTC,perpetual,62891.46000000,62961.42000000,1.63244544,0.03975442,0.00000000,0.01800000,98907347.29000001,1799313505.33743382,0.05496949,15.60544010,derivatives_positioning_context,none,positioning context is visible but not actionable yet,"label AscendEX  (BitMax) (Futures) BTC-PERP forward returns, funding PnL, depth, fees, and margin constraints"
2026-06-08T12:31:07.055561+00:00,Hyperliquid (Futures),XYZ:CL-USD,XYZ:CL,perpetual,91.15000000,91.47400000,-0.56724591,0.35435706,0.02000000,-0.01591300,247173294.02000001,562395106.16135108,0.43950115,15.46183386,derivatives_positioning_context,none,positioning context is visible but not actionable yet,"label Hyperliquid (Futures) XYZ:CL-USD forward returns, funding PnL, depth, fees, and margin constraints"
2026-06-08T12:31:07.055561+00:00,Deepcoin (Derivatives),ETHUSDT,ETH,perpetual,1674.29000000,1676.53300000,3.77550136,0.05687583,0.01000000,0.01257500,461372124.00000000,1054156325.25798333,0.43766955,15.27381536,derivatives_positioning_context,none,positioning context is visible but not actionable yet,"label Deepcoin (Derivatives) ETHUSDT forward returns, funding PnL, depth, fees, and margin constraints"
2026-06-08T12:31:07.055561+00:00,Bitget Futures,ETHUSDT_UMCBL,ETH,perpetual,1671.02000000,1677.94700433,4.18333872,0.06780758,0.01000000,0.00350000,1230697004.11999989,3084775402.09798717,0.39895838,15.26322865,derivatives_positioning_context,none,positioning context is visible but not actionable yet,"label Bitget Futures ETHUSDT_UMCBL forward returns, funding PnL, depth, fees, and margin constraints"
2026-06-08T12:31:07.055561+00:00,CoinW (Futures),SOL/USDT,SOL,perpetual,66.13000000,66.18000000,3.32552693,0.00000000,0.03000000,-0.01420000,397396293.77999997,1089969308.68328810,0.36459402,15.25914146,derivatives_positioning_context,none,positioning context is visible but not actionable yet,"label CoinW (Futures) SOL/USDT forward returns, funding PnL, depth, fees, and margin constraints"
2026-06-08T12:31:07.055561+00:00,Hotcoin (Futures),ETH_USDC,ETH,perpetual,1671.71000000,1673.87000000,3.89420868,0.04901228,0.01000000,-0.00767700,105097398.70000000,93148818.28853889,1.12827410,15.24517237,derivatives_positioning_context,none,positioning context is visible but not actionable yet,"label Hotcoin (Futures) ETH_USDC forward returns, funding PnL, depth, fees, and margin constraints"
2026-06-08T12:31:07.055561+00:00,LBank (Futures),ETHUSDT,ETH,perpetual,1675.91000000,1675.98000000,4.20381612,0.04297840,0.01000000,-0.00296800,341730482.14999998,249685044.94463560,1.36864618,15.20990211,derivatives_positioning_context,none,positioning context is visible but not actionable yet,"label LBank (Futures) ETHUSDT forward returns, funding PnL, depth, fees, and margin constraints"
2026-06-08T12:31:07.055561+00:00,Hyperliquid (Futures),ETH-USD,ETH,perpetual,1673.90000000,1674.70000000,3.90440720,0.04779258,0.02000000,0.00125000,1134296863.88000011,1007996888.75959063,1.12529798,15.20387867,derivatives_positioning_context,none,positioning context is visible but not actionable yet,"label Hyperliquid (Futures) ETH-USD forward returns, funding PnL, depth, fees, and margin constraints"
2026-06-08T12:31:07.055561+00:00,BloFin (Futures),BTC-USDT,BTC,perpetual,63049.41000000,63096.20000000,1.81437363,0.00000000,0.01000000,-0.00808527,305436196.62000000,288946204.18964374,1.05706942,14.99079342,derivatives_positioning_context,none,positioning context is visible but not actionable yet,"label BloFin (Futures) BTC-USDT forward returns, funding PnL, depth, fees, and margin constraints"
2026-06-08T12:31:07.055561+00:00,Bybit (Futures),BTCPERP,BTC,perpetual,62944.50000000,63020.79000000,1.89219673,0.08828686,0.01000000,-0.00497100,101525557.11000000,75964886.85474125,1.33648007,14.72365417,derivatives_positioning_context,none,positioning context is visible but not actionable yet,"label Bybit (Futures) BTCPERP forward returns, funding PnL, depth, fees, and margin constraints"
2026-06-08T12:31:07.055561+00:00,CoinW (Futures),ETH/USDT,ETH,perpetual,1673.06000000,1674.31000000,3.87571890,0.00059726,0.01000000,-0.00684200,880593136.00000000,2344961054.17804718,0.37552570,14.67442416,derivatives_positioning_context,none,positioning context is visible but not actionable yet,"label CoinW (Futures) ETH/USDT forward returns, funding PnL, depth, fees, and margin constraints"
2026-06-08T12:31:07.055561+00:00,Hyperliquid (Futures),XYZ:GOLD-USD,XYZ:GOLD,perpetual,4328.40000000,4329.30000000,0.24085225,0.02079290,0.01000000,0.00062500,78250865.13000000,45528379.44380000,1.71872722,14.43621775,derivatives_positioning_context,none,positioning context is visible but not actionable yet,"label Hyperliquid (Futures) XYZ:GOLD-USD forward returns, funding PnL, depth, fees, and margin constraints"
2026-06-08T12:31:07.055561+00:00,Binance (Futures),ETHUSD_PERP,ETH,perpetual,1673.09000000,1672.31880302,3.95802136,-0.04609417,0.01000000,0.00881800,350809580.00000000,446232538.24981654,0.78615867,14.40374837,derivatives_positioning_context,none,positioning context is visible but not actionable yet,"label Binance (Futures) ETHUSD_PERP forward returns, funding PnL, depth, fees, and margin constraints"
2026-06-08T12:31:07.055561+00:00,OrangeX Futures,NEAR-USDT-PERPETUAL,NEAR,perpetual,2.15000000,2.15300000,14.65884861,0.09298001,0.00000000,0.01010000,104908580.00000000,288410234.21965098,0.36374777,14.34023440,derivatives_positioning_context,none,positioning context is visible but not actionable yet,"label OrangeX Futures NEAR-USDT-PERPETUAL forward returns, funding PnL, depth, fees, and margin constraints"
2026-06-08T12:31:07.055561+00:00,Bitrue (Futures),XRP-USDT,XRP,perpetual,1.15000000,1.14970000,2.16269135,0.15680808,0.02000000,0.00214100,108857116.53000000,74133045.42317984,1.46840206,14.26022037,derivatives_positioning_context,none,positioning context is visible but not actionable yet,"label Bitrue (Futures) XRP-USDT forward returns, funding PnL, depth, fees, and margin constraints"
2026-06-08T12:31:07.055561+00:00,CoinW (Futures),PAXG/USDT,PAXG,perpetual,4315.43000000,4319.20000000,0.35460581,0.01319863,0.01000000,0.00300600,51031606.84000000,33489799.07128459,1.52379555,14.24578623,derivatives_positioning_context,none,positioning context is visible but not actionable yet,"label CoinW (Futures) PAXG/USDT forward returns, funding PnL, depth, fees, and margin constraints"
2026-06-08T12:31:07.055561+00:00,BingX (Futures),ETH-USDT,ETH,perpetual,1671.48000000,1677.45000000,4.10914669,0.05785932,0.01000000,0.00390000,838740660.25999999,977476269.67774725,0.85806754,14.13543685,derivatives_positioning_context,none,positioning context is visible but not actionable yet,"label BingX (Futures) ETH-USDT forward returns, funding PnL, depth, fees, and margin constraints"
2026-06-08T12:31:07.055561+00:00,Binance (Futures),币安人生USDT,币安人生,perpetual,0.77000000,0.76856056,-11.37877596,0.29630558,0.05000000,0.00500000,86151561.11000000,100099412.91397446,0.86066000,14.01402592,paper_derivatives_momentum_risk_watch,watch_continuation_or_reversal,large move with meaningful OI,"label Binance (Futures) 币安人生USDT forward returns, funding PnL, depth, fees, and margin constraints"
2026-06-08T12:31:07.055561+00:00,CoinW (Futures),BNB/USDT,BNB,perpetual,599.27000000,599.78000000,1.78377461,0.01167231,0.01000000,0.01000000,151596440.56999999,177372063.71938810,0.85468048,14.00385785,derivatives_positioning_context,none,positioning context is visible but not actionable yet,"label CoinW (Futures) BNB/USDT forward returns, funding PnL, depth, fees, and margin constraints"
2026-06-08T12:31:07.055561+00:00,Bybit (Futures),SOLUSDT,SOL,perpetual,66.14000000,66.33800000,3.70833985,0.08750754,0.02000000,-0.00753000,556432799.28999996,798250273.16676366,0.69706559,13.99140792,derivatives_positioning_context,none,positioning context is visible but not actionable yet,"label Bybit (Futures) SOLUSDT forward returns, funding PnL, depth, fees, and margin constraints"
2026-06-08T12:31:07.055561+00:00,Hyperliquid (Futures),XYZ:MRVL-USD,XYZ:MRVL,perpetual,286.53000000,286.37000000,-1.14883047,-0.05584058,0.05000000,0.00448390,96092351.20999999,72703885.13620006,1.32169486,13.80782164,derivatives_positioning_context,none,positioning context is visible but not actionable yet,"label Hyperliquid (Futures) XYZ:MRVL-USD forward returns, funding PnL, depth, fees, and margin constraints"
2026-06-08T12:31:07.055561+00:00,BingX (Futures),BTC-USDT,BTC,perpetual,62855.80000000,63015.50000000,1.80983405,0.06272231,0.01000000,0.00080000,1322432251.41000009,1540216712.70223951,0.85860142,13.69250409,derivatives_positioning_context,none,positioning context is visible but not actionable yet,"label BingX (Futures) BTC-USDT forward returns, funding PnL, depth, fees, and margin constraints"
2026-06-08T12:31:07.055561+00:00,Binance (Futures),PAXGUSDT,PAXG,perpetual,4315.78000000,4320.58924181,0.34595001,0.03725977,0.01000000,0.00149700,98389156.92000000,64621435.68067953,1.52254675,13.53289973,derivatives_positioning_context,none,positioning context is visible but not actionable yet,"label Binance (Futures) PAXGUSDT forward returns, funding PnL, depth, fees, and margin constraints"
2026-06-08T12:31:07.055561+00:00,OKX (Futures),ETH-USD-SWAP,ETH,perpetual,1670.97000000,1671.66000000,3.76826534,0.04129338,0.01000000,0.00871846,211664980.00000000,275177802.44268298,0.76919351,13.52137523,derivatives_positioning_context,none,positioning context is visible but not actionable yet,"label OKX (Futures) ETH-USD-SWAP forward returns, funding PnL, depth, fees, and margin constraints"
2026-06-08T12:31:07.055561+00:00,Hotcoin (Futures),ETH_USDT,ETH,perpetual,1671.71000000,1674.52000000,3.92640093,0.02269822,0.01000000,-0.00816700,105097398.70000000,3451751581.06187057,0.03044756,13.43079513,derivatives_positioning_context,none,positioning context is visible but not actionable yet,"label Hotcoin (Futures) ETH_USDT forward returns, funding PnL, depth, fees, and margin constraints"
2026-06-08T12:31:07.055561+00:00,MEXC (Futures),SOL_USDT,SOL,perpetual,66.25000000,66.03000000,2.80417511,0.06061524,0.02000000,-0.01380000,211844786.97999999,1251434379.99122977,0.16928158,13.42329398,derivatives_positioning_context,none,positioning context is visible but not actionable yet,"label MEXC (Futures) SOL_USDT forward returns, funding PnL, depth, fees, and margin constraints"
2026-06-08T12:31:07.055561+00:00,Hyperliquid (Futures),NEAR-USD,NEAR,perpetual,2.12000000,2.12250000,13.02657507,0.00942374,0.04000000,0.00125000,79301859.25000000,73967262.86544997,1.07212105,13.36032661,paper_derivatives_momentum_risk_watch,watch_continuation_or_reversal,large move with meaningful OI,"label Hyperliquid (Futures) NEAR-USD forward returns, funding PnL, depth, fees, and margin constraints"
2026-06-08T12:31:07.055561+00:00,Phemex (Futures),ETH-PERP,ETH,perpetual,1673.79000000,1674.38530000,4.03189717,0.03556599,0.02000000,0.00922300,151556974.12000000,204524833.21790001,0.74101991,13.35482405,derivatives_positioning_context,none,positioning context is visible but not actionable yet,"label Phemex (Futures) ETH-PERP forward returns, funding PnL, depth, fees, and margin constraints"
2026-06-08T12:31:07.055561+00:00,Antarctic ,ETH_USDT,ETH,perpetual,1671.41000000,1672.17000000,3.66219547,-0.02588779,0.01000000,-0.00410000,64450828.39000000,54171257.81070443,1.18976060,13.31576323,derivatives_positioning_context,none,positioning context is visible but not actionable yet,"label Antarctic  ETH_USDT forward returns, funding PnL, depth, fees, and margin constraints"
2026-06-08T12:31:07.055561+00:00,Binance (Futures),ETHUSDC,ETH,perpetual,1673.09000000,1674.70467869,3.93407399,0.06361456,0.01000000,0.00014800,1262071635.15000010,3009625082.11099005,0.41934513,13.24440582,derivatives_positioning_context,none,positioning context is visible but not actionable yet,"label Binance (Futures) ETHUSDC forward returns, funding PnL, depth, fees, and margin constraints"
2026-06-08T12:31:07.055561+00:00,Ourbit (Futures),SOL_USDT,SOL,perpetual,66.15000000,66.22000000,3.51837373,0.03021148,0.02000000,-0.01360000,94661101.48000000,1572296597.78528166,0.06020563,12.99149549,derivatives_positioning_context,none,positioning context is visible but not actionable yet,"label Ourbit (Futures) SOL_USDT forward returns, funding PnL, depth, fees, and margin constraints"
2026-06-08T12:31:07.055561+00:00,Bitunix Futures,ETH_USDT,ETH,perpetual,1674.17000000,1673.56000000,3.73719893,0.06816470,0.01000000,-0.00673900,616719503.63000000,2030009312.08733797,0.30380132,12.97475724,derivatives_positioning_context,none,positioning context is visible but not actionable yet,"label Bitunix Futures ETH_USDT forward returns, funding PnL, depth, fees, and margin constraints"
2026-06-08T12:31:07.055561+00:00,Hyperliquid (Futures),ZEC-USD,ZEC,perpetual,420.42000000,421.23000000,5.67830480,0.19266448,0.02000000,-0.00967564,197173372.80000001,420932211.82130003,0.46842073,12.77778139,derivatives_positioning_context,none,positioning context is visible but not actionable yet,"label Hyperliquid (Futures) ZEC-USD forward returns, funding PnL, depth, fees, and margin constraints"
2026-06-08T12:31:07.055561+00:00,Bybit (Futures),LTCUSDT,LTC,perpetual,42.86000000,43.02000000,2.82364202,0.11636025,0.02000000,-0.00114900,52009739.24000000,38407041.98799767,1.35417196,12.68342233,derivatives_positioning_context,none,positioning context is visible but not actionable yet,"label Bybit (Futures) LTCUSDT forward returns, funding PnL, depth, fees, and margin constraints"
2026-06-08T12:31:07.055561+00:00,OrangeX Futures,HYPE-USDT-PERPETUAL,HYPE,perpetual,61.78000000,61.84600000,6.96318594,0.02749519,0.00000000,0.01000000,229546313.69999999,670388212.39761353,0.34240804,12.68307953,derivatives_positioning_context,none,positioning context is visible but not actionable yet,"label OrangeX Futures HYPE-USDT-PERPETUAL forward returns, funding PnL, depth, fees, and margin constraints"
2026-06-08T12:31:07.055561+00:00,Bybit (Futures),ADAUSDT,ADA,perpetual,0.17000000,0.16590000,2.53555968,0.06031363,0.06000000,0.01000000,51344352.26000000,72313062.53346802,0.71002873,12.50883987,derivatives_positioning_context,none,positioning context is visible but not actionable yet,"label Bybit (Futures) ADAUSDT forward returns, funding PnL, depth, fees, and margin constraints"
2026-06-08T12:31:07.055561+00:00,Bybit (Futures),TONUSDT,TON,perpetual,1.73000000,1.73780000,3.67295748,0.10945331,0.02000000,0.00500000,58937651.37000000,59477712.76167006,0.99091994,12.38498408,derivatives_positioning_context,none,positioning context is visible but not actionable yet,"label Bybit (Futures) TONUSDT forward returns, funding PnL, depth, fees, and margin constraints"
2026-06-08T12:31:07.055561+00:00,Ourbit (Futures),ETH_USDT,ETH,perpetual,1673.71000000,1675.38000000,4.02446977,0.02567241,0.01000000,-0.00290000,321570848.58999997,4074935600.02142334,0.07891434,12.37301335,derivatives_positioning_context,none,positioning context is visible but not actionable yet,"label Ourbit (Futures) ETH_USDT forward returns, funding PnL, depth, fees, and margin constraints"
2026-06-08T12:31:07.055561+00:00,Deepcoin (Derivatives),SOLUSDT,SOL,perpetual,66.23000000,66.33800000,3.62726704,0.08750754,0.02000000,-0.01050000,147373990.94000000,292992616.18490982,0.50299558,12.36789306,derivatives_positioning_context,none,positioning context is visible but not actionable yet,"label Deepcoin (Derivatives) SOLUSDT forward returns, funding PnL, depth, fees, and margin constraints"
2026-06-08T12:31:07.055561+00:00,XT.COM (Derivatives),ETH_USDT,ETH,perpetual,1671.36000000,1673.05939800,3.78290188,0.00534367,0.01000000,0.01000000,295218859.00000000,1597857678.85855675,0.18475917,12.35978434,derivatives_positioning_context,none,positioning context is visible but not actionable yet,"label XT.COM (Derivatives) ETH_USDT forward returns, funding PnL, depth, fees, and margin constraints"
2026-06-08T12:31:07.055561+00:00,Biconomy (Futures),ETH_USDT,ETH,perpetual,1675.57000000,2255.41000000,3.73154180,0.04790780,0.00000000,0.01054800,95304109.05000000,2113700203.08745289,0.04508875,12.32279681,derivatives_positioning_context,none,positioning context is visible but not actionable yet,"label Biconomy (Futures) ETH_USDT forward returns, funding PnL, depth, fees, and margin constraints"
2026-06-08T12:31:07.055561+00:00,Binance (Futures),BNBUSD_PERP,BNB,perpetual,599.33000000,598.56590815,1.82988990,-0.12749101,0.01000000,0.00000000,55245160.00000000,39018357.89504520,1.41587609,12.26948474,derivatives_positioning_context,none,positioning context is visible but not actionable yet,"label Binance (Futures) BNBUSD_PERP forward returns, funding PnL, depth, fees, and margin constraints"
2026-06-08T12:31:07.055561+00:00,Binance (Futures),HYPEUSDT,HYPE,perpetual,61.56000000,61.62700000,6.35337178,0.04058310,0.01000000,-0.00851300,325739014.67000002,1184727395.09700584,0.27494850,12.26549851,derivatives_positioning_context,none,positioning context is visible but not actionable yet,"label Binance (Futures) HYPEUSDT forward returns, funding PnL, depth, fees, and margin constraints"
2026-06-08T12:31:07.055561+00:00,Bitunix Futures,BTC_USDT,BTC,perpetual,62954.90000000,62943.10000000,1.47579036,0.05452337,0.01000000,0.00339700,904595942.23000002,2472792768.73274899,0.36581955,12.22131769,derivatives_positioning_context,none,positioning context is visible but not actionable yet,"label Bitunix Futures BTC_USDT forward returns, funding PnL, depth, fees, and margin constraints"
2026-06-08T12:31:07.055561+00:00,Binance (Futures),BTCUSDC,BTC,perpetual,62890.50000000,62949.67273954,1.65023488,0.07372068,0.01000000,0.00114300,973689116.22000003,3290772015.18149996,0.29588471,12.17431175,derivatives_positioning_context,none,positioning context is visible but not actionable yet,"label Binance (Futures) BTCUSDC forward returns, funding PnL, depth, fees, and margin constraints"
2026-06-08T12:31:07.055561+00:00,Aivora Exchange (Futures),E-BNB-USDT,BNB,perpetual,599.47000000,599.83000000,1.91278645,-0.01666861,0.01000000,0.01000000,81293425.55000000,125108930.18790752,0.64978116,12.16822713,derivatives_positioning_context,none,positioning context is visible but not actionable yet,"label Aivora Exchange (Futures) E-BNB-USDT forward returns, funding PnL, depth, fees, and margin constraints"
2026-06-08T12:31:07.055561+00:00,Hyperliquid (Futures),XYZ:MU-USD,XYZ:MU,perpetual,924.33000000,923.68000000,2.25794318,-0.07032121,0.01000000,0.00451909,167356575.78999999,167389467.57835987,0.99980350,12.14739946,derivatives_positioning_context,none,positioning context is visible but not actionable yet,"label Hyperliquid (Futures) XYZ:MU-USD forward returns, funding PnL, depth, fees, and margin constraints"
2026-06-08T12:31:07.055561+00:00,PrimeXBT,BTC/USDT,BTC,perpetual,62874.72000000,62917.20000000,1.82181845,-0.00635716,0.00000000,0.00040000,999819711.16999996,1134081287.10247016,0.88161203,12.11995813,derivatives_positioning_context,none,positioning context is visible but not actionable yet,"label PrimeXBT BTC/USDT forward returns, funding PnL, depth, fees, and margin constraints"
2026-06-08T12:31:07.055561+00:00,OKX (Futures),HYPE-USDT-SWAP,HYPE,perpetual,61.43000000,61.51200000,6.51533530,0.06832601,0.02000000,-0.01245593,87487868.51000001,470581277.60771716,0.18591447,12.06826598,derivatives_positioning_context,none,positioning context is visible but not actionable yet,"label OKX (Futures) HYPE-USDT-SWAP forward returns, funding PnL, depth, fees, and margin constraints"
2026-06-08T12:31:07.055561+00:00,OrangeX Futures,DOGE-USDT-PERPETUAL,DOGE,perpetual,0.09000000,0.08622000,3.09882747,0.05802483,0.00000000,0.01230000,96564856.84000000,268486731.87035960,0.35966342,12.03310847,derivatives_positioning_context,none,positioning context is visible but not actionable yet,"label OrangeX Futures DOGE-USDT-PERPETUAL forward returns, funding PnL, depth, fees, and margin constraints"
2026-06-08T12:31:07.055561+00:00,Crypto.com Exchange (Futures),ETHUSD-PERP,ETH,perpetual,1675.01000000,1674.87000000,3.88496437,-0.00835816,0.01000000,0.00077060,310671357.66000003,269876653.93178499,1.15116055,11.96494606,derivatives_positioning_context,none,positioning context is visible but not actionable yet,"label Crypto.com Exchange (Futures) ETHUSD-PERP forward returns, funding PnL, depth, fees, and margin constraints"
2026-06-08T12:31:07.055561+00:00,Bybit (Futures),DOGEUSDT,DOGE,perpetual,0.09000000,0.08617000,3.11265414,0.04644143,0.01000000,0.01000000,84848811.53000000,150450934.37606007,0.56396334,11.95898531,derivatives_positioning_context,none,positioning context is visible but not actionable yet,"label Bybit (Futures) DOGEUSDT forward returns, funding PnL, depth, fees, and margin constraints"
2026-06-08T12:31:07.055561+00:00,Binance (Futures),BCHUSDT,BCH,perpetual,205.86000000,205.87174489,-7.03651749,0.21015620,0.01000000,0.01000000,81346701.20000000,230230770.06690001,0.35332680,11.93103698,derivatives_positioning_context,none,positioning context is visible but not actionable yet,"label Binance (Futures) BCHUSDT forward returns, funding PnL, depth, fees, and margin constraints"
2026-06-08T12:31:07.055561+00:00,Bitunix Futures,BTC_USD,BTC,perpetual,62870.10000000,62914.90000000,1.46426566,0.07125804,0.01000000,0.00508600,65403689.59000000,64892817.04361245,1.00787256,11.90696926,derivatives_positioning_context,none,positioning context is visible but not actionable yet,"label Bitunix Futures BTC_USD forward returns, funding PnL, depth, fees, and margin constraints"
2026-06-08T12:31:07.055561+00:00,CoinW (Futures),XRP/USDT,XRP,perpetual,1.15000000,1.15010000,2.33096085,-0.00869414,0.02000000,0.00968400,164142331.66000000,287336665.92722380,0.57125439,11.90006965,derivatives_positioning_context,none,positioning context is visible but not actionable yet,"label CoinW (Futures) XRP/USDT forward returns, funding PnL, depth, fees, and margin constraints"
2026-06-08T12:31:07.055561+00:00,WhiteBIT Futures,XRP_PERP,XRP,perpetual,1.15000000,1.15200000,2.52813498,0.19743766,0.03000000,0.00359100,82319601.70999999,78627335.11023547,1.04695907,11.85548225,derivatives_positioning_context,none,positioning context is visible but not actionable yet,"label WhiteBIT Futures XRP_PERP forward returns, funding PnL, depth, fees, and margin constraints"
2026-06-08T12:31:07.055561+00:00,XT.COM (Derivatives),BTC_USDT,BTC,perpetual,62943.30000000,62904.16233020,1.59113784,0.03206273,0.01000000,0.01000000,302519093.00000000,1587703845.97065401,0.19053874,11.79622263,derivatives_positioning_context,none,positioning context is visible but not actionable yet,"label XT.COM (Derivatives) BTC_USDT forward returns, funding PnL, depth, fees, and margin constraints"
2026-06-08T12:31:07.055561+00:00,WhiteBIT Futures,ETH_PERP,ETH,perpetual,1675.86000000,1677.26000000,4.15541023,0.00954028,0.02000000,0.00097500,922796444.42999995,1385292343.35988593,0.66613841,11.69598851,derivatives_positioning_context,none,positioning context is visible but not actionable yet,"label WhiteBIT Futures ETH_PERP forward returns, funding PnL, depth, fees, and margin constraints"
2026-06-08T12:31:07.055561+00:00,Gate (Futures),XAU_USDT,XAU,perpetual,4333.69000000,4331.41000000,0.19820437,-0.02262031,0.01000000,0.00500000,156054270.28000000,156220800.41867024,0.99893401,11.67072413,derivatives_positioning_context,none,positioning context is visible but not actionable yet,"label Gate (Futures) XAU_USDT forward returns, funding PnL, depth, fees, and margin constraints"
2026-06-08T12:31:07.055561+00:00,Ourbit (Futures),BNB_USDT,BNB,perpetual,599.14000000,599.40000000,1.81873758,-0.03002101,0.01000000,0.00000000,52323540.13000000,38436057.63672916,1.36131392,11.62769383,derivatives_positioning_context,none,positioning context is visible but not actionable yet,"label Ourbit (Futures) BNB_USDT forward returns, funding PnL, depth, fees, and margin constraints"
2026-06-08T12:31:07.055561+00:00,Gate (Futures),SUI_USDT,SUI,perpetual,0.76000000,0.75660000,3.40722496,0.11909488,12.50000000,0.00030000,71385158.11000000,17160461.40966836,4.15986240,11.61744848,derivatives_positioning_context,none,positioning context is visible but not actionable yet,"label Gate (Futures) SUI_USDT forward returns, funding PnL, depth, fees, and margin constraints"
2026-06-08T12:31:07.055561+00:00,CoinW (Futures),ETH/USDC,ETH,perpetual,1673.08000000,1674.31000000,3.84973380,0.04361907,0.01000000,-0.00930100,202786851.12000000,481951372.71058249,0.42076206,11.50833118,derivatives_positioning_context,none,positioning context is visible but not actionable yet,"label CoinW (Futures) ETH/USDC forward returns, funding PnL, depth, fees, and margin constraints"
2026-06-08T12:31:07.055561+00:00,BitKan (Futures),ETH_USDT_PERP,ETH,perpetual,1671.59000000,1672.78000000,3.97106079,0.00000000,-0.01000000,-0.00659900,71843549.23000000,96757800.43963751,0.74250912,11.47799390,derivatives_positioning_context,none,positioning context is visible but not actionable yet,"label BitKan (Futures) ETH_USDT_PERP forward returns, funding PnL, depth, fees, and margin constraints"
2026-06-08T12:31:07.055561+00:00,OKX (Futures),BTC-USD-SWAP,BTC,perpetual,62818.30000000,62855.10000000,1.39997740,0.05858166,0.01000000,0.00232800,439180570.00000000,450715523.21640003,0.97440746,11.45900580,derivatives_positioning_context,none,positioning context is visible but not actionable yet,"label OKX (Futures) BTC-USD-SWAP forward returns, funding PnL, depth, fees, and margin constraints"
2026-06-08T12:31:07.055561+00:00,BloFin (Futures),ETH-USDT,ETH,perpetual,1677.34000000,1678.58000000,4.13414891,0.00000000,0.01000000,0.00460477,188889023.02000001,227220436.77966344,0.83130297,11.43575166,derivatives_positioning_context,none,positioning context is visible but not actionable yet,"label BloFin (Futures) ETH-USDT forward returns, funding PnL, depth, fees, and margin constraints"
2026-06-08T12:31:07.055561+00:00,Bybit (Futures),SUIUSDT,SUI,perpetual,0.75000000,0.75643000,3.26591965,0.09659918,0.01000000,0.00738500,55261072.56000000,79243481.10010560,0.69735796,11.40184707,derivatives_positioning_context,none,positioning context is visible but not actionable yet,"label Bybit (Futures) SUIUSDT forward returns, funding PnL, depth, fees, and margin constraints"
2026-06-08T12:31:07.055561+00:00,OKX (Futures),SOL-USDT-SWAP,SOL,perpetual,66.26000000,66.34000000,3.64233234,0.06033183,0.02000000,-0.01072196,180036566.88000000,715872804.77699995,0.25149240,11.35029700,derivatives_positioning_context,none,positioning context is visible but not actionable yet,"label OKX (Futures) SOL-USDT-SWAP forward returns, funding PnL, depth, fees, and margin constraints"
2026-06-08T12:31:07.055561+00:00,Zoomex (Futures),BTC-USDT,BTC,perpetual,62872.40000000,63203.34000000,-13.19294350,0.04216744,0.01000000,0.00000000,371540605.92000002,2714478704.56618166,0.13687365,11.25924575,derivatives_positioning_context,none,positioning context is visible but not actionable yet,"label Zoomex (Futures) BTC-USDT forward returns, funding PnL, depth, fees, and margin constraints"
2026-06-08T12:31:07.055561+00:00,BVOX (Futures),WLD-SWAP-USDT,WLD,perpetual,0.46000000,0.46182224,7.98407867,0.13491692,0.15000000,0.01000000,102614345.79000001,356623211.29392576,0.28773883,11.13544320,derivatives_positioning_context,none,positioning context is visible but not actionable yet,"label BVOX (Futures) WLD-SWAP-USDT forward returns, funding PnL, depth, fees, and margin constraints"
2026-06-08T12:31:07.055561+00:00,BitKan (Futures),BTC_USDT_PERP,BTC,perpetual,62835.90000000,62880.80000000,1.62734206,0.00000000,-0.01000000,0.00345400,118567531.04000001,118169819.55210057,1.00336559,11.11100206,derivatives_positioning_context,none,positioning context is visible but not actionable yet,"label BitKan (Futures) BTC_USDT_PERP forward returns, funding PnL, depth, fees, and margin constraints"
2026-06-08T12:31:07.055561+00:00,BingX (Futures),HYPE-USDT,HYPE,perpetual,61.72000000,61.81000000,6.66551546,0.06475635,0.01000000,-0.00310000,69414471.52000000,81120642.52229597,0.85569430,11.08579198,derivatives_positioning_context,none,positioning context is visible but not actionable yet,"label BingX (Futures) HYPE-USDT forward returns, funding PnL, depth, fees, and margin constraints"
2026-06-08T12:31:07.055561+00:00,PrimeXBT,ETH/USDT,ETH,perpetual,1671.83000000,1672.96000000,3.93494359,-0.00358633,0.00000000,0.00100000,459321409.42000002,499266166.27024555,0.91999306,11.06477539,derivatives_positioning_context,none,positioning context is visible but not actionable yet,"label PrimeXBT ETH/USDT forward returns, funding PnL, depth, fees, and margin constraints"
2026-06-08T12:31:07.055561+00:00,BingX (Futures),ETH-USDC,ETH,perpetual,1671.48000000,1676.17000000,4.05504428,0.03162971,0.02000000,0.00440000,84473532.06999999,98771923.32135065,0.85523830,11.02817003,derivatives_positioning_context,none,positioning context is visible but not actionable yet,"label BingX (Futures) ETH-USDC forward returns, funding PnL, depth, fees, and margin constraints"
2026-06-08T12:31:07.055561+00:00,CoinW (Futures),DOGE/USDT,DOGE,perpetual,0.09000000,0.08607000,2.99114621,-0.01161710,0.02000000,0.01000000,54377485.85000000,113975046.61302245,0.47709992,10.97408250,derivatives_positioning_context,none,positioning context is visible but not actionable yet,"label CoinW (Futures) DOGE/USDT forward returns, funding PnL, depth, fees, and margin constraints"
2026-06-08T12:31:07.055561+00:00,Bitmart Futures,BTCUSDT,BTC,perpetual,62954.60000000,62959.72500000,1.69283056,0.19690146,0.02000000,0.00721114,113967107.05000000,2615163364.55014801,0.04357935,10.93522945,derivatives_positioning_context,none,positioning context is visible but not actionable yet,"label Bitmart Futures BTCUSDT forward returns, funding PnL, depth, fees, and margin constraints"
2026-06-08T12:31:07.055561+00:00,Binance (Futures),SOLUSDC,SOL,perpetual,66.12000000,66.20390028,3.32708529,0.08148190,0.02000000,-0.01218700,73928108.17000000,351832609.78200001,0.21012296,10.90579448,derivatives_positioning_context,none,positioning context is visible but not actionable yet,"label Binance (Futures) SOLUSDC forward returns, funding PnL, depth, fees, and margin constraints"
2026-06-08T12:31:07.055561+00:00,OrangeX Futures,ADA-USDT-PERPETUAL,ADA,perpetual,0.17000000,0.16620000,2.65924552,0.12048193,0.00000000,0.01060000,59919120.25000000,155968257.01354775,0.38417510,10.90391304,derivatives_positioning_context,none,positioning context is visible but not actionable yet,"label OrangeX Futures ADA-USDT-PERPETUAL forward returns, funding PnL, depth, fees, and margin constraints"
2026-06-08T12:31:07.055561+00:00,Binance (Futures),SPCXUSDT,SPCX,futures,164.47000000,164.51100000,-1.92571395,0.00668693,0.01000000,0.00500000,81990513.84999999,95171765.75626349,0.86150040,10.78741577,derivatives_positioning_context,none,positioning context is visible but not actionable yet,"label Binance (Futures) SPCXUSDT forward returns, funding PnL, depth, fees, and margin constraints"
2026-06-08T12:31:07.055561+00:00,Phemex (Futures),BNB-PERPUSDT,BNB,perpetual,599.57000000,599.84850000,1.89691772,-0.02858238,0.02000000,0.00000000,56073595.18000000,45159738.62747343,1.24167227,10.66208491,derivatives_positioning_context,none,positioning context is visible but not actionable yet,"label Phemex (Futures) BNB-PERPUSDT forward returns, funding PnL, depth, fees, and margin constraints"
2026-06-08T12:31:07.055561+00:00,BingX (Futures),SOL-USDT,SOL,perpetual,66.12000000,66.34000000,3.59375000,0.06033183,0.01000000,-0.00380000,155798947.09999999,193858477.68794569,0.80367363,10.55749257,derivatives_positioning_context,none,positioning context is visible but not actionable yet,"label BingX (Futures) SOL-USDT forward returns, funding PnL, depth, fees, and margin constraints"
2026-06-08T12:31:07.055561+00:00,Binance (Futures),LINKUSDT,LINK,perpetual,7.91000000,7.91706237,3.64017284,0.02605648,0.01000000,0.00774400,64761177.26000000,116928049.69170000,0.55385493,10.53478273,derivatives_positioning_context,none,positioning context is visible but not actionable yet,"label Binance (Futures) LINKUSDT forward returns, funding PnL, depth, fees, and margin constraints"
2026-06-08T12:31:07.055561+00:00,Toobit Futures,SOL-SWAP-USDT,SOL,perpetual,66.32000000,66.40516373,3.78420641,0.05298136,0.05000000,0.00863168,191167098.03000000,534466220.33910215,0.35767854,10.48292841,derivatives_positioning_context,none,positioning context is visible but not actionable yet,"label Toobit Futures SOL-SWAP-USDT forward returns, funding PnL, depth, fees, and margin constraints"
2026-06-08T12:31:07.055561+00:00,Coinbase International Exchange (Derivatives),BTC-PERP,BTC,perpetual,62913.95000000,62929.90000000,1.66208969,-0.00476698,0.00000000,0.00000000,141185902.78999999,4705996741.11014366,0.03000128,10.44253636,derivatives_positioning_context,none,positioning context is visible but not actionable yet,"label Coinbase International Exchange (Derivatives) BTC-PERP forward returns, funding PnL, depth, fees, and margin constraints"
2026-06-08T12:31:07.055561+00:00,BVOX (Futures),DOGE-SWAP-USDT,DOGE,perpetual,0.09000000,0.08614000,3.08760172,0.00000000,0.10000000,-0.01181469,56123925.22000000,191272179.74405798,0.29342440,10.35728195,derivatives_positioning_context,none,positioning context is visible but not actionable yet,"label BVOX (Futures) DOGE-SWAP-USDT forward returns, funding PnL, depth, fees, and margin constraints"
2026-06-08T12:31:07.055561+00:00,OrangeX Futures,BNB-USDT-PERPETUAL,BNB,perpetual,599.67000000,599.89000000,1.88967555,-0.03832567,0.00000000,0.01000000,100061942.31000000,282217672.38932657,0.35455591,10.24456047,derivatives_positioning_context,none,positioning context is visible but not actionable yet,"label OrangeX Futures BNB-USDT-PERPETUAL forward returns, funding PnL, depth, fees, and margin constraints"
2026-06-08T12:31:07.055561+00:00,OrangeX Futures,XRP-USDT-PERPETUAL,XRP,perpetual,1.15000000,1.15180000,2.52070901,0.06950478,0.00000000,0.01000000,61157809.31000000,174252046.75962377,0.35097326,10.17382807,derivatives_positioning_context,none,positioning context is visible but not actionable yet,"label OrangeX Futures XRP-USDT-PERPETUAL forward returns, funding PnL, depth, fees, and margin constraints"
2026-06-08T12:31:07.055561+00:00,Aster (Futures),ETH-USDT,ETH,perpetual,1675.58000000,1677.34395349,4.13465897,0.02826418,0.01000000,-0.00453600,310162413.97000003,575170332.48995578,0.53925315,10.05321674,derivatives_positioning_context,none,positioning context is visible but not actionable yet,"label Aster (Futures) ETH-USDT forward returns, funding PnL, depth, fees, and margin constraints"
2026-06-08T12:31:07.055561+00:00,MEXC (Futures),HYPE_USDT,HYPE,perpetual,61.48000000,61.53900000,6.72335994,0.07317787,0.01000000,-0.00860000,64955547.75000000,250146081.72729996,0.25967046,9.98093065,derivatives_positioning_context,none,positioning context is visible but not actionable yet,"label MEXC (Futures) HYPE_USDT forward returns, funding PnL, depth, fees, and margin constraints"
2026-06-08T12:31:07.055561+00:00,OrangeX Futures,BZ-USDT-PERPETUAL,BZ,perpetual,93.83000000,94.13000000,-0.31847134,0.24494143,0.00000000,0.01000000,60733665.15000000,166361793.12770307,0.36506979,9.96017350,derivatives_positioning_context,none,positioning context is visible but not actionable yet,"label OrangeX Futures BZ-USDT-PERPETUAL forward returns, funding PnL, depth, fees, and margin constraints"
2026-06-08T12:31:07.055561+00:00,Aivora Exchange (Futures),E-CL-USDT,CL,perpetual,90.98000000,91.06000000,-0.49180328,0.01098298,0.01000000,0.01000000,72846445.55000000,174616743.80637717,0.41717904,9.95186564,derivatives_positioning_context,none,positioning context is visible but not actionable yet,"label Aivora Exchange (Futures) E-CL-USDT forward returns, funding PnL, depth, fees, and margin constraints"
2026-06-08T12:31:07.055561+00:00,CoinW (Futures),XAG/USDT,XAG,perpetual,68.41000000,68.52000000,0.41067762,0.08764242,0.07000000,0.01200000,102088369.88000000,570294754.81894219,0.17900983,9.92533305,derivatives_positioning_context,none,positioning context is visible but not actionable yet,"label CoinW (Futures) XAG/USDT forward returns, funding PnL, depth, fees, and margin constraints"
2026-06-08T12:31:07.055561+00:00,XT.COM (Derivatives),ADA_USDT,ADA,perpetual,0.17000000,0.16555500,2.28818800,0.09371487,0.06000000,0.01050100,86754156.00000000,362800000.46070111,0.23912391,9.68658577,derivatives_positioning_context,none,positioning context is visible but not actionable yet,"label XT.COM (Derivatives) ADA_USDT forward returns, funding PnL, depth, fees, and margin constraints"
2026-06-08T12:31:07.055561+00:00,Aster (Futures),BTC-USDT,BTC,perpetual,62943.08000000,63031.61869565,1.79835711,0.06368906,0.02000000,0.00021000,707174547.59000003,1082448806.87783170,0.65330992,9.49861136,derivatives_positioning_context,none,positioning context is visible but not actionable yet,"label Aster (Futures) BTC-USDT forward returns, funding PnL, depth, fees, and margin constraints"
2026-06-08T12:31:07.055561+00:00,Bitmart Futures,ETHUSDT,ETH,perpetual,1672.39000000,1676.99325581,3.81443554,0.01212172,0.01000000,-0.00765000,61548477.27000000,1600801517.79661131,0.03844854,9.34086240,derivatives_positioning_context,none,positioning context is visible but not actionable yet,"label Bitmart Futures ETHUSDT forward returns, funding PnL, depth, fees, and margin constraints"
2026-06-08T12:31:07.055561+00:00,Bitunix Futures,XRP_USDT,XRP,perpetual,1.15000000,1.14880000,2.08944607,0.05225570,0.02000000,0.00710900,63802979.31000000,129100938.81090002,0.49421003,9.23623334,derivatives_positioning_context,none,positioning context is visible but not actionable yet,"label Bitunix Futures XRP_USDT forward returns, funding PnL, depth, fees, and margin constraints"
2026-06-08T12:31:07.055561+00:00,Hyperliquid (Futures),SOL-USD,SOL,perpetual,66.17000000,66.20500000,3.45064807,0.05894266,0.01000000,-0.00043924,244151491.93000001,288761710.15131998,0.84551200,9.19654617,derivatives_positioning_context,none,positioning context is visible but not actionable yet,"label Hyperliquid (Futures) SOL-USD forward returns, funding PnL, depth, fees, and margin constraints"
2026-06-08T12:31:07.055561+00:00,BVOX (Futures),XRP-SWAP-USDT,XRP,perpetual,1.15000000,1.15203448,2.63673615,-0.01436535,0.08000000,0.00989176,82282305.06999999,327154134.21889114,0.25150929,9.18575477,derivatives_positioning_context,none,positioning context is visible but not actionable yet,"label BVOX (Futures) XRP-SWAP-USDT forward returns, funding PnL, depth, fees, and margin constraints"
2026-06-08T12:31:07.055561+00:00,Hyperliquid (Futures),XYZ:SP500-USD,XYZ:SP500,perpetual,7441.80000000,7443.60000000,0.85926488,0.02418770,0.01000000,0.00021269,443550137.51999998,522197789.76550007,0.84939107,9.11039324,derivatives_positioning_context,none,positioning context is visible but not actionable yet,"label Hyperliquid (Futures) XYZ:SP500-USD forward returns, funding PnL, depth, fees, and margin constraints"
2026-06-08T12:31:07.055561+00:00,Aivora Exchange (Futures),E-BTC-USDC,BTC,perpetual,62949.28000000,62996.69250000,1.94538796,0.04524903,0.01000000,0.00871921,135563801.03000000,653726998.20516908,0.20737066,9.09318775,derivatives_positioning_context,none,positioning context is visible but not actionable yet,"label Aivora Exchange (Futures) E-BTC-USDC forward returns, funding PnL, depth, fees, and margin constraints"
2026-06-08T12:31:07.055561+00:00,Phemex (Futures),BTC-PERPUSDC,BTC,perpetual,62898.70000000,63004.01689662,1.68943369,0.08867116,0.02000000,0.00286200,55424568.19000000,67868466.08806939,0.81664684,9.08113319,derivatives_positioning_context,none,positioning context is visible but not actionable yet,"label Phemex (Futures) BTC-PERPUSDC forward returns, funding PnL, depth, fees, and margin constraints"
2026-06-08T12:31:07.055561+00:00,Hyperliquid (Futures),XYZ:XYZ100-USD,XYZ:XYZ100,perpetual,29418.00000000,29406.00000000,1.68331547,-0.04079135,0.01000000,0.00062500,428707184.31000000,560111548.41749990,0.76539608,9.01238346,derivatives_positioning_context,none,positioning context is visible but not actionable yet,"label Hyperliquid (Futures) XYZ:XYZ100-USD forward returns, funding PnL, depth, fees, and margin constraints"
2026-06-08T12:31:07.055561+00:00,Aivora Exchange (Futures),E-ETH-USDC,ETH,perpetual,1674.57000000,1675.95000000,3.74777029,0.05253512,0.01000000,-0.00625454,187354034.25999999,634034607.59911549,0.29549497,8.93886051,derivatives_positioning_context,none,positioning context is visible but not actionable yet,"label Aivora Exchange (Futures) E-ETH-USDC forward returns, funding PnL, depth, fees, and margin constraints"
2026-06-08T12:31:07.055561+00:00,OKX (Futures),DOGE-USDT-SWAP,DOGE,perpetual,0.09000000,0.08622000,3.17251287,0.04641448,0.01000000,0.00902573,70763496.70000000,331760814.85450000,0.21329673,8.92144084,derivatives_positioning_context,none,positioning context is visible but not actionable yet,"label OKX (Futures) DOGE-USDT-SWAP forward returns, funding PnL, depth, fees, and margin constraints"
2026-06-08T12:31:07.055561+00:00,Binance (Futures),BNBUSDT,BNB,perpetual,599.61000000,599.17289556,1.82445173,-0.03955630,0.01000000,0.00000000,337826444.50000000,393874844.83050001,0.85769997,8.90145050,derivatives_positioning_context,none,positioning context is visible but not actionable yet,"label Binance (Futures) BNBUSDT forward returns, funding PnL, depth, fees, and margin constraints"
2026-06-08T12:31:07.055561+00:00,WhiteBIT Futures,XAU_PERP,XAU,perpetual,4324.72000000,4327.58000000,0.14809604,-0.00785597,0.02000000,-0.01000000,59450656.09000000,227370052.50771320,0.26147092,8.62554950,derivatives_positioning_context,none,positioning context is visible but not actionable yet,"label WhiteBIT Futures XAU_PERP forward returns, funding PnL, depth, fees, and margin constraints"
2026-06-08T12:31:07.055561+00:00,Aivora Exchange (Futures),E-BTC-USDT,BTC,perpetual,62877.70000000,63028.13333333,1.97004623,0.05704410,0.01000000,-0.00331693,400797283.02999997,1104932845.34024191,0.36273452,8.55859919,derivatives_positioning_context,none,positioning context is visible but not actionable yet,"label Aivora Exchange (Futures) E-BTC-USDT forward returns, funding PnL, depth, fees, and margin constraints"
2026-06-08T12:31:07.055561+00:00,Binance (Futures),XRPUSDT,XRP,perpetual,1.15000000,1.14958714,2.39600962,-0.00111865,0.02000000,0.00207100,363998783.51999998,635666813.97920001,0.57262512,8.44397231,derivatives_positioning_context,none,positioning context is visible but not actionable yet,"label Binance (Futures) XRPUSDT forward returns, funding PnL, depth, fees, and margin constraints"
2026-06-08T12:31:07.055561+00:00,BingX (Futures),BTC-USDC,BTC,perpetual,62855.80000000,62990.50000000,1.77531534,0.06131666,0.01000000,0.00100000,90994134.34999999,106636505.87082002,0.85331129,8.42697951,derivatives_positioning_context,none,positioning context is visible but not actionable yet,"label BingX (Futures) BTC-USDC forward returns, funding PnL, depth, fees, and margin constraints"
2026-06-08T12:31:07.055561+00:00,edgeX,BTC-USD,BTC,perpetual,62932.90000000,62975.14964757,1.50484114,0.06713444,0.01000000,0.00500000,161592681.46000001,331293271.50440001,0.48776325,8.42359909,derivatives_positioning_context,none,positioning context is visible but not actionable yet,"label edgeX BTC-USD forward returns, funding PnL, depth, fees, and margin constraints"
2026-06-08T12:31:07.055561+00:00,MEXC (Futures),SILVER_USDT,SILVER,perpetual,68.57000000,68.56000000,0.74922874,-0.02916302,0.01000000,0.00750000,109274538.58000000,306537638.11393237,0.35648000,8.41655905,derivatives_positioning_context,none,positioning context is visible but not actionable yet,"label MEXC (Futures) SILVER_USDT forward returns, funding PnL, depth, fees, and margin constraints"
2026-06-08T12:31:07.055561+00:00,Bitget Futures,XRPUSDT_UMCBL,XRP,perpetual,1.15000000,1.15286780,2.79239897,0.05795883,0.02000000,0.00090000,150991020.38000000,193757131.55919620,0.77927981,8.31737212,derivatives_positioning_context,none,positioning context is visible but not actionable yet,"label Bitget Futures XRPUSDT_UMCBL forward returns, funding PnL, depth, fees, and margin constraints"
2026-06-08T12:31:07.055561+00:00,Aivora Exchange (Futures),E-ETH-USDT,ETH,perpetual,1672.90000000,1677.15000000,3.76507889,0.09011482,0.01000000,0.00350843,292474944.29000002,1006658485.55897534,0.29054039,8.28740081,derivatives_positioning_context,none,positioning context is visible but not actionable yet,"label Aivora Exchange (Futures) E-ETH-USDT forward returns, funding PnL, depth, fees, and margin constraints"
2026-06-08T12:31:07.055561+00:00,Bybit (Futures),XRPUSDT,XRP,perpetual,1.15000000,1.15260000,2.62853070,0.06945650,0.02000000,0.00226500,192429709.53000000,309949588.18736279,0.62084196,8.15796648,derivatives_positioning_context,none,positioning context is visible but not actionable yet,"label Bybit (Futures) XRPUSDT forward returns, funding PnL, depth, fees, and margin constraints"
2026-06-08T12:31:07.055561+00:00,BitMEX (Derivative),XBTUSD,BXBT,perpetual,62953.10000000,62990.38000000,1.86503345,0.05921869,0.01000000,-0.00430000,115445100.00000000,222011947.12321720,0.51999499,8.04282142,derivatives_positioning_context,none,positioning context is visible but not actionable yet,"label BitMEX (Derivative) XBTUSD forward returns, funding PnL, depth, fees, and margin constraints"
2026-06-08T12:31:07.055561+00:00,Binance (Futures),XAGUSDT,XAG,futures,68.45000000,68.47502083,0.52832404,-0.03646594,0.01000000,0.00716800,149383378.78999999,836651941.84219289,0.17854901,7.88269184,derivatives_positioning_context,none,positioning context is visible but not actionable yet,"label Binance (Futures) XAGUSDT forward returns, funding PnL, depth, fees, and margin constraints"
2026-06-08T12:31:07.055561+00:00,LBank (Futures),BTCUSDT,BTC,perpetual,62908.45000000,62990.90000000,1.59845319,0.06449532,0.01000000,-0.00009800,477515096.81999999,829157604.24828911,0.57590390,7.83790320,derivatives_positioning_context,none,positioning context is visible but not actionable yet,"label LBank (Futures) BTCUSDT forward returns, funding PnL, depth, fees, and margin constraints"
2026-06-08T12:31:07.055561+00:00,Binance (Futures),DOGEUSDT,DOGE,perpetual,0.09000000,0.08606341,3.16357100,-0.03088628,0.01000000,0.00315200,177012587.22000000,372038546.74848002,0.47579099,7.75647402,derivatives_positioning_context,none,positioning context is visible but not actionable yet,"label Binance (Futures) DOGEUSDT forward returns, funding PnL, depth, fees, and margin constraints"
2026-06-08T12:31:07.055561+00:00,Crypto.com Exchange (Futures),BTCUSD-PERP,BTC,perpetual,62966.50000000,62969.32000000,1.66069563,0.00447857,0.01000000,-0.00044990,383322201.00000000,651149616.86214995,0.58868529,7.50553179,derivatives_positioning_context,none,positioning context is visible but not actionable yet,"label Crypto.com Exchange (Futures) BTCUSD-PERP forward returns, funding PnL, depth, fees, and margin constraints"
2026-06-08T12:31:07.055561+00:00,WhiteBIT Futures,HYPE_PERP,HYPE,perpetual,61.24000000,61.32700000,5.87005718,0.06853227,0.46000000,0.00500000,76725487.97000000,137462131.97951236,0.55815727,7.49171507,derivatives_positioning_context,none,positioning context is visible but not actionable yet,"label WhiteBIT Futures HYPE_PERP forward returns, funding PnL, depth, fees, and margin constraints"
2026-06-08T12:31:07.055561+00:00,Phemex (Futures),BTC-PERPUSDT,BTC,perpetual,62898.70000000,63019.09896836,1.71558969,0.05779201,0.01000000,0.00491100,143466623.91999999,425408309.12000865,0.33724453,7.36256701,derivatives_positioning_context,none,positioning context is visible but not actionable yet,"label Phemex (Futures) BTC-PERPUSDT forward returns, funding PnL, depth, fees, and margin constraints"
2026-06-08T12:31:07.055561+00:00,Gate (Futures),DOGE_USDT,DOGE,perpetual,0.09000000,0.08625700,3.10967588,0.05451804,50.00000000,-0.00400000,185819459.87000000,111771684.35967866,1.66249136,7.33705203,derivatives_positioning_context,none,positioning context is visible but not actionable yet,"label Gate (Futures) DOGE_USDT forward returns, funding PnL, depth, fees, and margin constraints"
2026-06-08T12:31:07.055561+00:00,Gate (Futures),XAG_USDT,XAG,perpetual,68.57000000,68.51000000,0.52793665,-0.05835157,0.15000000,0.00500000,58983981.77000000,108575354.57932666,0.54325387,7.20623378,derivatives_positioning_context,none,positioning context is visible but not actionable yet,"label Gate (Futures) XAG_USDT forward returns, funding PnL, depth, fees, and margin constraints"
2026-06-08T12:31:07.055561+00:00,CoinW (Futures),BTC/USDC,BTC,perpetual,62892.85000000,62939.90000000,1.54910003,0.04466571,0.01000000,0.00530000,126199452.62000000,428041841.91152143,0.29482971,7.15118170,derivatives_positioning_context,none,positioning context is visible but not actionable yet,"label CoinW (Futures) BTC/USDC forward returns, funding PnL, depth, fees, and margin constraints"
2026-06-08T12:31:07.055561+00:00,edgeX,ETH-USD,ETH,perpetual,1674.33000000,1675.04766997,3.83441860,0.04286311,0.01000000,-0.00504000,68946196.98999999,255018144.51840001,0.27035801,7.02084454,derivatives_positioning_context,none,positioning context is visible but not actionable yet,"label edgeX ETH-USD forward returns, funding PnL, depth, fees, and margin constraints"
2026-06-08T12:31:07.055561+00:00,CoinW (Futures),HYPE/USDT,HYPE,perpetual,61.74000000,61.69300000,6.77843069,-0.14405490,0.01000000,0.00172000,143584656.06000000,520393544.55522382,0.27591552,6.83891958,derivatives_positioning_context,none,positioning context is visible but not actionable yet,"label CoinW (Futures) HYPE/USDT forward returns, funding PnL, depth, fees, and margin constraints"
2026-06-08T12:31:07.055561+00:00,Binance (Futures),XAUUSDT,XAU,futures,4330.53000000,4329.17595041,0.22074698,-0.04742416,0.01000000,0.00413200,219438586.36000001,1102144436.05738211,0.19910148,6.82625029,derivatives_positioning_context,none,positioning context is visible but not actionable yet,"label Binance (Futures) XAUUSDT forward returns, funding PnL, depth, fees, and margin constraints"
2026-06-08T12:31:07.055561+00:00,Gate (Futures),XRP_USDT,XRP,perpetual,1.15000000,1.15310000,2.68175339,0.05206074,8.33000000,-0.00370000,215280782.09000000,132564741.42022677,1.62396713,6.81607554,derivatives_positioning_context,none,positioning context is visible but not actionable yet,"label Gate (Futures) XRP_USDT forward returns, funding PnL, depth, fees, and margin constraints"
2026-06-08T12:31:07.055561+00:00,OKX (Futures),XRP-USDT-SWAP,XRP,perpetual,1.15000000,1.15180000,2.58467023,0.06950478,0.09000000,0.00409753,79767412.83000000,190946208.87599999,0.41774808,6.80633804,derivatives_positioning_context,none,positioning context is visible but not actionable yet,"label OKX (Futures) XRP-USDT-SWAP forward returns, funding PnL, depth, fees, and margin constraints"
2026-06-08T12:31:07.055561+00:00,Binance (Futures),AVAXUSDT,AVAX,perpetual,6.74000000,6.73663752,1.73768510,0.05402525,0.01000000,-0.00333500,55573469.62000000,116128022.98000000,0.47855348,6.75218686,derivatives_positioning_context,none,positioning context is visible but not actionable yet,"label Binance (Futures) AVAXUSDT forward returns, funding PnL, depth, fees, and margin constraints"
2026-06-08T12:31:07.055561+00:00,ApeX Omni,BTCUSDT,BTC,perpetual,62870.12000000,62931.67000000,1.62984835,0.02395234,0.01000000,-0.00567500,96266203.23000000,908566127.84850097,0.10595399,6.74915575,derivatives_positioning_context,none,positioning context is visible but not actionable yet,"label ApeX Omni BTCUSDT forward returns, funding PnL, depth, fees, and margin constraints"
2026-06-08T12:31:07.055561+00:00,Zoomex (Futures),ETH-USDT,ETH,perpetual,1671.93000000,1677.70000000,4.11133255,0.04830371,0.02000000,-0.00250000,157543302.37000000,1176688483.26559615,0.13388701,6.46956682,derivatives_positioning_context,none,positioning context is visible but not actionable yet,"label Zoomex (Futures) ETH-USDT forward returns, funding PnL, depth, fees, and margin constraints"
2026-06-08T12:31:07.055561+00:00,Bitunix Futures,BTC_USDC,BTC,perpetual,62870.10000000,62894.60000000,1.48550958,0.00318002,0.01000000,-0.00268800,68554490.37000000,139780476.47220001,0.49044396,6.35503454,derivatives_positioning_context,none,positioning context is visible but not actionable yet,"label Bitunix Futures BTC_USDC forward returns, funding PnL, depth, fees, and margin constraints"
2026-06-08T12:31:07.055561+00:00,WEEX (Futures),ADA-USDT,ADA,perpetual,0.17000000,0.16570000,3.30423940,0.00000000,0.03000000,0.00009217,72927993.47000000,130027414.25243691,0.56086629,5.78941496,derivatives_positioning_context,none,positioning context is visible but not actionable yet,"label WEEX (Futures) ADA-USDT forward returns, funding PnL, depth, fees, and margin constraints"
2026-06-08T12:31:07.055561+00:00,Binance (Futures),ADAUSDT,ADA,perpetual,0.17000000,0.16570914,2.72783633,0.00551599,0.06000000,0.00297700,74487624.40000001,211358357.71050000,0.35242337,5.70666180,derivatives_positioning_context,none,positioning context is visible but not actionable yet,"label Binance (Futures) ADAUSDT forward returns, funding PnL, depth, fees, and margin constraints"
2026-06-08T12:31:07.055561+00:00,Hyperliquid (Futures),XYZ:SILVER-USD,XYZ:SILVER,perpetual,68.19000000,68.15900000,0.00000000,-0.03813155,0.01000000,0.00077317,70144231.88000000,118010089.66465998,0.59439182,5.62160830,derivatives_positioning_context,none,positioning context is visible but not actionable yet,"label Hyperliquid (Futures) XYZ:SILVER-USD forward returns, funding PnL, depth, fees, and margin constraints"
2026-06-08T12:31:07.055561+00:00,Bitrue (Futures),ETH-USDT,ETH,perpetual,1672.08000000,1674.99000000,3.71541796,0.15606501,0.01000000,-0.00293300,59151106.14000000,284671819.28366005,0.20778701,5.48649734,derivatives_positioning_context,none,positioning context is visible but not actionable yet,"label Bitrue (Futures) ETH-USDT forward returns, funding PnL, depth, fees, and margin constraints"
2026-06-08T12:31:07.055561+00:00,WEEX (Futures),XRP-USDT,XRP,perpetual,1.15000000,1.14890000,2.73580688,-0.01740493,0.00000000,-0.00006131,165289381.02000001,383500843.18870729,0.43100135,5.43792916,derivatives_positioning_context,none,positioning context is visible but not actionable yet,"label WEEX (Futures) XRP-USDT forward returns, funding PnL, depth, fees, and margin constraints"
2026-06-08T12:31:07.055561+00:00,Binance (Futures),SUIUSDT,SUI,perpetual,0.75000000,0.75543102,3.19715808,0.01734675,0.01000000,0.00186700,69221253.38000000,205649331.23106000,0.33659849,5.30656997,derivatives_positioning_context,none,positioning context is visible but not actionable yet,"label Binance (Futures) SUIUSDT forward returns, funding PnL, depth, fees, and margin constraints"
2026-06-08T12:31:07.055561+00:00,OrangeX Futures,XAUT-USDT-PERPETUAL,XAUT,perpetual,4328.69000000,4310.10000000,0.22674163,-0.50324338,0.00000000,0.00000000,183391873.78000000,525325183.86916608,0.34910162,5.28475634,derivatives_positioning_context,none,positioning context is visible but not actionable yet,"label OrangeX Futures XAUT-USDT-PERPETUAL forward returns, funding PnL, depth, fees, and margin constraints"
2026-06-08T12:31:07.055561+00:00,Aivora Exchange (Futures),E-SNDK-USDT,SNDK,perpetual,1629.47000000,1631.23500000,3.81659950,0.03158114,0.02000000,0.00000000,107829565.02000000,251483748.12464193,0.42877349,5.25695670,derivatives_positioning_context,none,positioning context is visible but not actionable yet,"label Aivora Exchange (Futures) E-SNDK-USDT forward returns, funding PnL, depth, fees, and margin constraints"
2026-06-08T12:31:07.055561+00:00,Lighter,ETH_USDC,ETH,perpetual,1671.55000000,1672.51000000,3.92181236,0.02751114,0.02000000,0.00100000,110054126.70999999,337172190.55356801,0.32640333,5.23724528,derivatives_positioning_context,none,positioning context is visible but not actionable yet,"label Lighter ETH_USDC forward returns, funding PnL, depth, fees, and margin constraints"
2026-06-08T12:31:07.055561+00:00,Aivora Exchange (Futures),E-XAU-USDT,XAU,perpetual,4329.35000000,4333.47666667,0.27007575,0.01838739,0.01000000,0.00500000,55205692.53000000,350946886.98906058,0.15730498,5.13854249,derivatives_positioning_context,none,positioning context is visible but not actionable yet,"label Aivora Exchange (Futures) E-XAU-USDT forward returns, funding PnL, depth, fees, and margin constraints"
2026-06-08T12:31:07.055561+00:00,Aivora Exchange (Futures),E-MU-USDT,MU,perpetual,925.67000000,926.57500000,2.54372371,0.02104968,0.01000000,0.00000000,127599644.11000000,288785935.55740792,0.44184854,5.12277595,derivatives_positioning_context,none,positioning context is visible but not actionable yet,"label Aivora Exchange (Futures) E-MU-USDT forward returns, funding PnL, depth, fees, and margin constraints"
2026-06-08T12:31:07.055561+00:00,Toobit Futures,ETH-SWAP-USDC,ETH,perpetual,1672.70000000,1673.67431727,4.01138829,0.02834791,0.01000000,-0.00000385,135399991.31999999,383586639.91516304,0.35298412,5.07426892,derivatives_positioning_context,none,positioning context is visible but not actionable yet,"label Toobit Futures ETH-SWAP-USDC forward returns, funding PnL, depth, fees, and margin constraints"
2026-06-08T12:31:07.055561+00:00,Aivora Exchange (Futures),E-XRP-USDT,XRP,perpetual,1.15000000,1.15120000,2.49398771,0.04345181,0.02000000,-0.00048326,65809761.02000000,146300199.07597926,0.44982687,5.04789309,derivatives_positioning_context,none,positioning context is visible but not actionable yet,"label Aivora Exchange (Futures) E-XRP-USDT forward returns, funding PnL, depth, fees, and margin constraints"
2026-06-08T12:31:07.055561+00:00,Aivora Exchange (Futures),E-SOL-USDT,SOL,perpetual,66.17000000,66.32613333,3.65853659,0.03941679,0.02000000,-0.00023968,149061515.28000000,457880059.22800714,0.32554708,5.03846228,derivatives_positioning_context,none,positioning context is visible but not actionable yet,"label Aivora Exchange (Futures) E-SOL-USDT forward returns, funding PnL, depth, fees, and margin constraints"
2026-06-08T12:31:07.055561+00:00,Lighter,BTC_USDC,BTC,perpetual,63053.48000000,63091.20000000,1.93140295,0.02980702,0.01000000,0.00120000,172047056.78999999,940773348.36685812,0.18287833,4.99770235,derivatives_positioning_context,none,positioning context is visible but not actionable yet,"label Lighter BTC_USDC forward returns, funding PnL, depth, fees, and margin constraints"
2026-06-08T12:31:07.055561+00:00,WEEX (Futures),SOL-USDT,SOL,perpetual,66.13000000,66.17000000,3.81176471,-0.01511031,0.01000000,-0.00025642,167370715.49000001,1054474448.10250437,0.15872430,4.99108673,derivatives_positioning_context,none,positioning context is visible but not actionable yet,"label WEEX (Futures) SOL-USDT forward returns, funding PnL, depth, fees, and margin constraints"
2026-06-08T12:31:07.055561+00:00,XT.COM (Derivatives),XRP_USDT,XRP,perpetual,1.15000000,1.14914160,2.26079217,0.02102865,0.02000000,0.00215800,75766330.00000000,254625981.12281290,0.29755931,4.95635402,derivatives_positioning_context,none,positioning context is visible but not actionable yet,"label XT.COM (Derivatives) XRP_USDT forward returns, funding PnL, depth, fees, and margin constraints"
2026-06-08T12:31:07.055561+00:00,Bullish (Futures),BTC-USDC-PERP,BTC,perpetual,62896.35000000,62925.85010000,1.64753363,0.01676874,0.01000000,0.00000000,50935419.87000000,101813939.78792728,0.50027943,4.78553173,derivatives_positioning_context,none,positioning context is visible but not actionable yet,"label Bullish (Futures) BTC-USDC-PERP forward returns, funding PnL, depth, fees, and margin constraints"
2026-06-08T12:31:07.055561+00:00,CoinW (Futures),ZEC/USDT,ZEC,perpetual,420.08000000,420.48000000,5.29229074,0.02140869,0.01000000,-0.00070000,96377934.31000000,728397860.79417682,0.13231496,4.70857588,derivatives_positioning_context,none,positioning context is visible but not actionable yet,"label CoinW (Futures) ZEC/USDT forward returns, funding PnL, depth, fees, and margin constraints"
2026-06-08T12:31:07.055561+00:00,Aivora Exchange (Futures),E-HYPE-USDT,HYPE,perpetual,61.66000000,61.75166667,6.93898064,0.07238509,0.02000000,-0.00015247,64185462.75000000,302318795.07538491,0.21231053,4.64943683,derivatives_positioning_context,none,positioning context is visible but not actionable yet,"label Aivora Exchange (Futures) E-HYPE-USDT forward returns, funding PnL, depth, fees, and margin constraints"
2026-06-08T12:31:07.055561+00:00,MEXC (Futures),XRP_USDT,XRP,perpetual,1.15000000,1.15070000,2.45901639,0.06086957,0.02000000,0.00210000,75032098.23999999,331760767.23260486,0.22616326,4.64233590,derivatives_positioning_context,none,positioning context is visible but not actionable yet,"label MEXC (Futures) XRP_USDT forward returns, funding PnL, depth, fees, and margin constraints"
2026-06-08T12:31:07.055561+00:00,OKX (Futures),XAU-USDT-SWAP,XAU,perpetual,4328.19000000,4331.39000000,0.22908712,-0.00023087,0.01000000,0.00000000,101376207.89000000,205750456.17667985,0.49271438,4.57515623,derivatives_positioning_context,none,positioning context is visible but not actionable yet,"label OKX (Futures) XAU-USDT-SWAP forward returns, funding PnL, depth, fees, and margin constraints"
2026-06-08T12:31:07.055561+00:00,Toobit Futures,BTC-SWAP-USDC,BTC,perpetual,62812.58000000,62826.63799226,1.56933239,-0.00773817,0.01000000,-0.00000432,160533252.50000000,455210093.60474205,0.35265750,4.49161287,derivatives_positioning_context,none,positioning context is visible but not actionable yet,"label Toobit Futures BTC-SWAP-USDC forward returns, funding PnL, depth, fees, and margin constraints"
2026-06-08T12:31:07.055561+00:00,Bitrue (Futures),BTC-USDT,BTC,perpetual,62905.10000000,62961.97000000,1.49181261,0.07227039,0.01000000,-0.00031800,126676887.16000000,1367729135.41564560,0.09261840,4.46264383,derivatives_positioning_context,none,positioning context is visible but not actionable yet,"label Bitrue (Futures) BTC-USDT forward returns, funding PnL, depth, fees, and margin constraints"
2026-06-08T12:31:07.055561+00:00,Binance (Futures),XLMUSDT,XLM,perpetual,0.20000000,0.20084051,-1.09727895,-0.07934826,0.01000000,-0.00058200,52717425.72000000,136386744.33311999,0.38652895,4.25752018,derivatives_positioning_context,none,positioning context is visible but not actionable yet,"label Binance (Futures) XLMUSDT forward returns, funding PnL, depth, fees, and margin constraints"
2026-06-08T12:31:07.055561+00:00,Kraken (Futures),PF_XBTUSD,XBT,perpetual,62984.00000000,62993.05000000,1.88453388,0.01436873,0.01000000,0.00104537,115013633.77000000,586518282.13600004,0.19609556,4.14314871,derivatives_positioning_context,none,positioning context is visible but not actionable yet,"label Kraken (Futures) PF_XBTUSD forward returns, funding PnL, depth, fees, and margin constraints"
2026-06-08T12:31:07.055561+00:00,MEXC (Futures),XAUT_USDT,XAUT,perpetual,4307.61000000,4309.70000000,0.31900526,0.03249542,0.01000000,0.00020000,188078864.47000000,922835564.45578015,0.20380539,4.08296441,derivatives_positioning_context,none,positioning context is visible but not actionable yet,"label MEXC (Futures) XAUT_USDT forward returns, funding PnL, depth, fees, and margin constraints"
2026-06-08T12:31:07.055561+00:00,Extended,BTC-USD,BTC,perpetual,62939.00000000,62944.56664301,1.53580589,0.00884451,0.01000000,0.00130000,67742380.36000000,241077324.85657999,0.28099856,4.07405864,derivatives_positioning_context,none,positioning context is visible but not actionable yet,"label Extended BTC-USD forward returns, funding PnL, depth, fees, and margin constraints"
2026-06-08T12:31:07.055561+00:00,OrangeX Futures,XAG-USDT-PERPETUAL,XAG,perpetual,68.44000000,68.46000000,0.51364837,-0.04380201,0.00000000,0.00000000,120998878.27000000,368129677.65339226,0.32868548,3.84943946,derivatives_positioning_context,none,positioning context is visible but not actionable yet,"label OrangeX Futures XAG-USDT-PERPETUAL forward returns, funding PnL, depth, fees, and margin constraints"
2026-06-08T12:31:07.055561+00:00,StandX,BTC-USD,BTC,perpetual,62848.30000000,62958.38000000,1.64289418,0.02959974,0.01000000,0.00125000,51675485.88000000,653957385.52387035,0.07901965,3.29549070,derivatives_positioning_context,none,positioning context is visible but not actionable yet,"label StandX BTC-USD forward returns, funding PnL, depth, fees, and margin constraints"
2026-06-08T12:31:07.055561+00:00,CoinEx (Futures),BTC-USDT,BTC,perpetual,62980.39000000,62868.13000000,1.46899769,0.01770686,0.01000000,0.00000000,95111456.37000000,411093144.20812076,0.23136230,3.28942065,derivatives_positioning_context,none,positioning context is visible but not actionable yet,"label CoinEx (Futures) BTC-USDT forward returns, funding PnL, depth, fees, and margin constraints"
