sample_id,source,asset,venue,opportunity,observation_summary,action,reward_bps,cost_adjusted_reward_bps,reward_status,checkpoint_status,elapsed_minutes,next_step
repeat-paper-22-bera-microstructure-flow,repeat,BERA,,bera_microstructure_flow_paper_probe,bera_microstructure_flow_paper_probe; entry=0.249400000000; current=0.268210000000; current_source=hl_execution_context,paper_long,754.21010425,743.47564683,cost_adjusted_win,ready,568.35,repeat the ticket and add stop/adverse-excursion notes before any promotion
lane-zec-public-hypertracker-example-zec-wallet-flow-actionability,symbol_lane,ZEC,,public_hypertracker_example_zec_wallet_flow_actionability,public_hypertracker_example_zec_wallet_flow_actionability; entry=427.410000000000; current=457.880000000000; current_source=hyperliquid_snapshot,paper_long,712.89862193,703.21611354,cost_adjusted_win,ready,452.99,repeat the ticket and add stop/adverse-excursion notes before any promotion
lane-zec-zec-attention-price-context,symbol_lane,ZEC,,zec_attention_price_context,zec_attention_price_context; entry=427.410000000000; current=457.880000000000; current_source=hyperliquid_snapshot,paper_long,712.89862193,703.21611354,cost_adjusted_win,ready,551.99,repeat the ticket and add stop/adverse-excursion notes before any promotion
lane-zec-zec-institutional-flow-news-event,symbol_lane,ZEC,,zec_institutional_flow_news_event,zec_institutional_flow_news_event; entry=427.410000000000; current=457.880000000000; current_source=hyperliquid_snapshot,paper_long,712.89862193,703.21611354,cost_adjusted_win,ready,551.99,repeat the ticket and add stop/adverse-excursion notes before any promotion
lane-zec-zec-narrative-event-news-event,symbol_lane,ZEC,,zec_narrative_event_news_event,zec_narrative_event_news_event; entry=427.410000000000; current=457.880000000000; current_source=hyperliquid_snapshot,paper_long,712.89862193,703.21611354,cost_adjusted_win,ready,551.99,repeat the ticket and add stop/adverse-excursion notes before any promotion
repeat-paper-21-chip-microstructure-flow,repeat,CHIP,,chip_microstructure_flow_paper_probe,chip_microstructure_flow_paper_probe; entry=0.031478000000; current=0.033584000000; current_source=hl_execution_context,paper_long,669.03869369,655.85062875,cost_adjusted_win,ready,568.35,repeat the ticket and add stop/adverse-excursion notes before any promotion
repeat-paper-46-zec-sector-rotation,repeat,ZEC,,zec_privacy_sector_rotation_context,zec_privacy_sector_rotation_context; entry=434.590000000000; current=457.880000000000; current_source=hyperliquid_snapshot,paper_long,535.90740698,526.22489859,cost_adjusted_win,ready,306.55,repeat the ticket and add stop/adverse-excursion notes before any promotion
repeat-paper-44-zec-attention-event,repeat,ZEC,,zec_attention_price_context,zec_attention_price_context; entry=434.590000000000; current=457.880000000000; current_source=hyperliquid_snapshot,paper_long,535.90740698,526.22489859,cost_adjusted_win,ready,301.07,repeat the ticket and add stop/adverse-excursion notes before any promotion
repeat-paper-23-zec-wallet-entity-flow,repeat,ZEC,,public_hypertracker_example_zec_wallet_flow_actionability,public_hypertracker_example_zec_wallet_flow_actionability; entry=434.590000000000; current=457.880000000000; current_source=hyperliquid_snapshot,paper_long,535.90740698,526.22489859,cost_adjusted_win,ready,306.55,repeat the ticket and add stop/adverse-excursion notes before any promotion
repeat-lane-zec-zec-attention-price-context,symbol_lane_repeat,ZEC,,zec_attention_price_context,zec_attention_price_context; entry=434.590000000000; current=457.880000000000; current_source=hyperliquid_snapshot,paper_long,535.90740698,526.22489859,cost_adjusted_win,ready,290.71,repeat the ticket and add stop/adverse-excursion notes before any promotion
repeat-lane-zec-zec-institutional-flow-news-event,symbol_lane_repeat,ZEC,,zec_institutional_flow_news_event,zec_institutional_flow_news_event; entry=434.590000000000; current=457.880000000000; current_source=hyperliquid_snapshot,paper_long,535.90740698,526.22489859,cost_adjusted_win,ready,290.71,repeat the ticket and add stop/adverse-excursion notes before any promotion
repeat-lane-zec-zec-narrative-event-news-event,symbol_lane_repeat,ZEC,,zec_narrative_event_news_event,zec_narrative_event_news_event; entry=434.590000000000; current=457.880000000000; current_source=hyperliquid_snapshot,paper_long,535.90740698,526.22489859,cost_adjusted_win,ready,290.71,repeat the ticket and add stop/adverse-excursion notes before any promotion
paper-11-zec-policy-expansion,paper,ZEC,,zec_zec_institutional_flow_news_event_from_news_event_paper_long,zec_zec_institutional_flow_news_event_from_news_event_paper_long; entry=442.700000000000; current=457.880000000000; current_source=hyperliquid_snapshot,paper_long,342.89586628,333.21335789,cost_adjusted_win,ready,206.47,repeat the ticket and add stop/adverse-excursion notes before any promotion
paper-12-zec-policy-expansion,paper,ZEC,,zec_zec_narrative_event_news_event_from_news_event_paper_long,zec_zec_narrative_event_news_event_from_news_event_paper_long; entry=442.700000000000; current=457.880000000000; current_source=hyperliquid_snapshot,paper_long,342.89586628,333.21335789,cost_adjusted_win,ready,206.47,repeat the ticket and add stop/adverse-excursion notes before any promotion
paper-13-zec-cross-modal-source,paper,ZEC,,zec_event_pressure_cross_modal_source,zec_event_pressure_cross_modal_source; entry=442.700000000000; current=457.880000000000; current_source=hyperliquid_snapshot,paper_long,342.89586628,333.21335789,cost_adjusted_win,ready,195.96,repeat the ticket and add stop/adverse-excursion notes before any promotion
paper-14-zec-policy-expansion,paper,ZEC,,zec_zec_attention_price_context_from_news_event_paper_long,zec_zec_attention_price_context_from_news_event_paper_long; entry=442.700000000000; current=457.880000000000; current_source=hyperliquid_snapshot,paper_long,342.89586628,333.21335789,cost_adjusted_win,ready,206.47,repeat the ticket and add stop/adverse-excursion notes before any promotion
paper-17-zec-cross-modal-source,paper,ZEC,HL,zec_wallet_flow_cross_modal_source,zec_wallet_flow_cross_modal_source; entry=442.700000000000; current=457.880000000000; current_source=hyperliquid_snapshot,paper_long,342.89586628,333.21335789,cost_adjusted_win,ready,195.96,repeat the ticket and add stop/adverse-excursion notes before any promotion
paper-29-zec-wallet-entity-flow,paper,ZEC,HL,public_hypertracker_example_zec_wallet_flow_actionability,public_hypertracker_example_zec_wallet_flow_actionability; entry=442.700000000000; current=457.880000000000; current_source=hyperliquid_snapshot,paper_long,342.89586628,333.21335789,cost_adjusted_win,ready,206.47,repeat the ticket and add stop/adverse-excursion notes before any promotion
paper-52-zec-attention-event,paper,ZEC,,zec_attention_price_context,zec_attention_price_context; entry=442.700000000000; current=457.880000000000; current_source=hyperliquid_snapshot,paper_long,342.89586628,333.21335789,cost_adjusted_win,ready,206.47,repeat the ticket and add stop/adverse-excursion notes before any promotion
paper-33-zec-sector-rotation,paper,ZEC,,zec_privacy_sector_rotation_context,zec_privacy_sector_rotation_context; entry=442.700000000000; current=457.880000000000; current_source=hyperliquid_snapshot,paper_long,342.89586628,333.21335789,cost_adjusted_win,ready,206.47,repeat the ticket and add stop/adverse-excursion notes before any promotion
paper-34-zec-sector-rotation,paper,ZEC,,zec_quantum_resistant_sector_rotation_context,zec_quantum_resistant_sector_rotation_context; entry=442.700000000000; current=457.880000000000; current_source=hyperliquid_snapshot,paper_long,342.89586628,333.21335789,cost_adjusted_win,ready,206.47,repeat the ticket and add stop/adverse-excursion notes before any promotion
paper-35-zec-sector-rotation,paper,ZEC,,zec_zero_knowledge_zk_sector_rotation_context,zec_zero_knowledge_zk_sector_rotation_context; entry=442.700000000000; current=457.880000000000; current_source=hyperliquid_snapshot,paper_long,342.89586628,333.21335789,cost_adjusted_win,ready,206.47,repeat the ticket and add stop/adverse-excursion notes before any promotion
paper-36-zec-sector-rotation,paper,ZEC,,zec_privacy_coins_sector_rotation_context,zec_privacy_coins_sector_rotation_context; entry=442.700000000000; current=457.880000000000; current_source=hyperliquid_snapshot,paper_long,342.89586628,333.21335789,cost_adjusted_win,ready,206.47,repeat the ticket and add stop/adverse-excursion notes before any promotion
paper-37-zec-event-pressure,paper,ZEC,,zec_event_pressure_cluster,zec_event_pressure_cluster; entry=442.700000000000; current=457.880000000000; current_source=hyperliquid_snapshot,paper_long,342.89586628,333.21335789,cost_adjusted_win,ready,206.47,repeat the ticket and add stop/adverse-excursion notes before any promotion
paper-76-zec-cross-modal-context,paper,ZEC,,zec_cross_modal_context,zec_cross_modal_context; entry=442.700000000000; current=457.880000000000; current_source=hyperliquid_snapshot,paper_long,342.89586628,333.21335789,cost_adjusted_win,ready,206.47,repeat the ticket and add stop/adverse-excursion notes before any promotion
repeat-paper-19-zec-wallet-entity-flow,repeat,ZEC,,public_hypertracker_example_zec_wallet_flow_actionability,public_hypertracker_example_zec_wallet_flow_actionability; entry=442.700000000000; current=457.880000000000; current_source=hyperliquid_snapshot,paper_long,342.89586628,333.21335789,cost_adjusted_win,ready,280.02,repeat the ticket and add stop/adverse-excursion notes before any promotion
repeat-paper-51-zec-attention-event,repeat,ZEC,,zec_attention_price_context,zec_attention_price_context; entry=442.700000000000; current=457.880000000000; current_source=hyperliquid_snapshot,paper_long,342.89586628,333.21335789,cost_adjusted_win,ready,280.02,repeat the ticket and add stop/adverse-excursion notes before any promotion
repeat-repeat-paper-46-zec-sector-rotation,second_repeat,ZEC,,zec_privacy_sector_rotation_context,zec_privacy_sector_rotation_context; entry=442.700000000000; current=457.880000000000; current_source=hyperliquid_snapshot,paper_long,342.89586628,333.21335789,cost_adjusted_win,ready,280.00,repeat the ticket and add stop/adverse-excursion notes before any promotion
repeat-repeat-paper-44-zec-attention-event,second_repeat,ZEC,,zec_attention_price_context,zec_attention_price_context; entry=442.700000000000; current=457.880000000000; current_source=hyperliquid_snapshot,paper_long,342.89586628,333.21335789,cost_adjusted_win,ready,280.00,repeat the ticket and add stop/adverse-excursion notes before any promotion
repeat-repeat-paper-23-zec-wallet-entity-flow,second_repeat,ZEC,,public_hypertracker_example_zec_wallet_flow_actionability,public_hypertracker_example_zec_wallet_flow_actionability; entry=442.700000000000; current=457.880000000000; current_source=hyperliquid_snapshot,paper_long,342.89586628,333.21335789,cost_adjusted_win,ready,280.00,repeat the ticket and add stop/adverse-excursion notes before any promotion
lane-zec-zec-privacy-sector-rotation-context,symbol_lane,ZEC,,zec_privacy_sector_rotation_context,zec_privacy_sector_rotation_context; entry=442.700000000000; current=457.880000000000; current_source=hyperliquid_snapshot,paper_long,342.89586628,333.21335789,cost_adjusted_win,ready,276.58,repeat the ticket and add stop/adverse-excursion notes before any promotion
lane-zec-zec-quantum-resistant-sector-rotation-context,symbol_lane,ZEC,,zec_quantum_resistant_sector_rotation_context,zec_quantum_resistant_sector_rotation_context; entry=442.700000000000; current=457.880000000000; current_source=hyperliquid_snapshot,paper_long,342.89586628,333.21335789,cost_adjusted_win,ready,276.58,repeat the ticket and add stop/adverse-excursion notes before any promotion
lane-zec-zec-zero-knowledge-zk-sector-rotation-context,symbol_lane,ZEC,,zec_zero_knowledge_zk_sector_rotation_context,zec_zero_knowledge_zk_sector_rotation_context; entry=442.700000000000; current=457.880000000000; current_source=hyperliquid_snapshot,paper_long,342.89586628,333.21335789,cost_adjusted_win,ready,276.58,repeat the ticket and add stop/adverse-excursion notes before any promotion
lane-zec-zec-privacy-coins-sector-rotation-context,symbol_lane,ZEC,,zec_privacy_coins_sector_rotation_context,zec_privacy_coins_sector_rotation_context; entry=442.700000000000; current=457.880000000000; current_source=hyperliquid_snapshot,paper_long,342.89586628,333.21335789,cost_adjusted_win,ready,276.58,repeat the ticket and add stop/adverse-excursion notes before any promotion
repeat-repeat-paper-21-chip-microstructure-flow,second_repeat,CHIP,,chip_microstructure_flow_paper_probe,chip_microstructure_flow_paper_probe; entry=0.032564000000; current=0.033584000000; current_source=hl_execution_context,paper_long,313.22933301,300.04126807,cost_adjusted_win,ready,304.62,repeat the ticket and add stop/adverse-excursion notes before any promotion
lane-hype-hype-volume-price-dislocation,symbol_lane,HYPE,,hype_volume_price_dislocation,hype_volume_price_dislocation; entry=61.605000000000; current=63.504000000000; current_source=hl_execution_context,paper_long,308.25420015,299.97171860,cost_adjusted_win,ready,698.03,repeat the ticket and add stop/adverse-excursion notes before any promotion
lane-hype-hype-attention-price-context,symbol_lane,HYPE,,hype_attention_price_context,hype_attention_price_context; entry=61.605000000000; current=63.504000000000; current_source=hl_execution_context,paper_long,308.25420015,299.97171860,cost_adjusted_win,ready,698.03,repeat the ticket and add stop/adverse-excursion notes before any promotion
lane-hype-hype-microstructure-flow-paper-probe,symbol_lane,HYPE,,hype_microstructure_flow_paper_probe,hype_microstructure_flow_paper_probe; entry=61.605000000000; current=63.504000000000; current_source=hl_execution_context,paper_long,308.25420015,299.97171860,cost_adjusted_win,ready,698.03,repeat the ticket and add stop/adverse-excursion notes before any promotion
lane-hype-hype-microstructure-flow-probe,symbol_lane,HYPE,,hype_microstructure_flow_probe,hype_microstructure_flow_probe; entry=61.605000000000; current=63.504000000000; current_source=hl_execution_context,paper_long,308.25420015,299.97171860,cost_adjusted_win,ready,698.03,repeat the ticket and add stop/adverse-excursion notes before any promotion
repeat-repeat-paper-22-bera-microstructure-flow,second_repeat,BERA,,bera_microstructure_flow_paper_probe,bera_microstructure_flow_paper_probe; entry=0.260320000000; current=0.268210000000; current_source=hl_execution_context,paper_long,303.08850645,292.35404903,cost_adjusted_win,ready,304.62,repeat the ticket and add stop/adverse-excursion notes before any promotion
paper-01-chip-policy-expansion,paper,CHIP,,chip_chip_okx_exchange_catalyst_repeat_execution_gate_from_repeat_execution_paper_long,chip_chip_okx_exchange_catalyst_repeat_execution_gate_from_repeat_execution_paper_long; entry=0.032615000000; current=0.033584000000; current_source=hl_execution_context,paper_long,297.10256017,283.91449523,cost_adjusted_win,ready,206.47,repeat the ticket and add stop/adverse-excursion notes before any promotion
paper-06-chip-policy-expansion,paper,CHIP,,chip_chip_okx_exchange_catalyst_repeat_execution_gate_from_sui_repeat_execution_paper_long,chip_chip_okx_exchange_catalyst_repeat_execution_gate_from_sui_repeat_execution_paper_long; entry=0.032615000000; current=0.033584000000; current_source=hl_execution_context,paper_long,297.10256017,283.91449523,cost_adjusted_win,ready,206.47,repeat the ticket and add stop/adverse-excursion notes before any promotion
lane-chip-chip-maker-or-low-fee-small-execution-edge,symbol_lane,CHIP,,chip_maker_or_low_fee_small_execution_edge,chip_maker_or_low_fee_small_execution_edge; entry=0.032615000000; current=0.033584000000; current_source=hl_execution_context,paper_long,297.10256017,283.91449523,cost_adjusted_win,ready,276.58,repeat the ticket and add stop/adverse-excursion notes before any promotion
lane-chip-chip-taker-small-execution-edge,symbol_lane,CHIP,,chip_taker_small_execution_edge,chip_taker_small_execution_edge; entry=0.032615000000; current=0.033584000000; current_source=hl_execution_context,paper_long,297.10256017,283.91449523,cost_adjusted_win,ready,276.58,repeat the ticket and add stop/adverse-excursion notes before any promotion
lane-chip-chip-reduced-size-taker-execution-edge,symbol_lane,CHIP,,chip_reduced_size_taker_execution_edge,chip_reduced_size_taker_execution_edge; entry=0.032615000000; current=0.033584000000; current_source=hl_execution_context,paper_long,297.10256017,283.91449523,cost_adjusted_win,ready,276.58,repeat the ticket and add stop/adverse-excursion notes before any promotion
lane-chip-chip-okx-exchange-catalyst-repeat-execution-gate,symbol_lane,CHIP,,chip_okx_exchange_catalyst_repeat_execution_gate,chip_okx_exchange_catalyst_repeat_execution_gate; entry=0.032615000000; current=0.033584000000; current_source=hl_execution_context,paper_long,297.10256017,283.91449523,cost_adjusted_win,ready,276.58,repeat the ticket and add stop/adverse-excursion notes before any promotion
lane-chip-chip-event-pressure-cluster,symbol_lane,CHIP,,chip_event_pressure_cluster,chip_event_pressure_cluster; entry=0.032615000000; current=0.033584000000; current_source=hl_execution_context,paper_long,297.10256017,283.91449523,cost_adjusted_win,ready,276.58,repeat the ticket and add stop/adverse-excursion notes before any promotion
paper-43-pol-stablecoin-migration,paper,POL,,polygon_stablecoin_migration,polygon_stablecoin_migration; entry=0.080930000000; current=0.078555000000; current_source=hl_execution_context,paper_short,293.46348696,281.13337854,cost_adjusted_win,ready,206.47,repeat the ticket and add stop/adverse-excursion notes before any promotion
lane-sol-sol-volume-price-dislocation,symbol_lane,SOL,,sol_volume_price_dislocation,sol_volume_price_dislocation; entry=65.711000000000; current=67.469000000000; current_source=hl_execution_context,paper_long,267.53511589,259.35666157,cost_adjusted_win,ready,680.71,repeat the ticket and add stop/adverse-excursion notes before any promotion
lane-sol-solana-stablecoin-migration,symbol_lane,SOL,,solana_stablecoin_migration,solana_stablecoin_migration; entry=65.711000000000; current=67.469000000000; current_source=hl_execution_context,paper_long,267.53511589,259.35666157,cost_adjusted_win,ready,680.71,repeat the ticket and add stop/adverse-excursion notes before any promotion
lane-sol-sol-attention-price-context,symbol_lane,SOL,,sol_attention_price_context,sol_attention_price_context; entry=65.711000000000; current=67.469000000000; current_source=hl_execution_context,paper_long,267.53511589,259.35666157,cost_adjusted_win,ready,680.71,repeat the ticket and add stop/adverse-excursion notes before any promotion
repeat-lane-sol-sol-volume-price-dislocation,symbol_lane_repeat,SOL,,sol_volume_price_dislocation,sol_volume_price_dislocation; entry=65.880000000000; current=67.469000000000; current_source=hl_execution_context,paper_long,241.19611415,233.01765983,cost_adjusted_win,ready,622.80,repeat the ticket and add stop/adverse-excursion notes before any promotion
repeat-paper-09-sol-volume-dislocation,repeat,SOL,,sol_volume_price_dislocation,sol_volume_price_dislocation; entry=65.893000000000; current=67.469000000000; current_source=hl_execution_context,paper_long,239.17563322,230.99717890,cost_adjusted_win,ready,703.10,repeat the ticket and add stop/adverse-excursion notes before any promotion
repeat-paper-11-pump-volume-dislocation,repeat,PUMP,,pump_volume_price_dislocation,pump_volume_price_dislocation; entry=0.001609000000; current=0.001647000000; current_source=hyperliquid_snapshot,paper_long,236.17153511,221.96565946,cost_adjusted_win,ready,306.55,repeat the ticket and add stop/adverse-excursion notes before any promotion
lane-near-near-microstructure-flow-paper-probe,symbol_lane,NEAR,,near_microstructure_flow_paper_probe,near_microstructure_flow_paper_probe; entry=2.149300000000; current=2.194100000000; current_source=hl_execution_context,paper_long,208.43995720,198.03585881,cost_adjusted_win,ready,680.71,repeat the ticket and add stop/adverse-excursion notes before any promotion
lane-near-near-microstructure-flow-probe,symbol_lane,NEAR,,near_microstructure_flow_probe,near_microstructure_flow_probe; entry=2.149300000000; current=2.194100000000; current_source=hl_execution_context,paper_long,208.43995720,198.03585881,cost_adjusted_win,ready,680.71,repeat the ticket and add stop/adverse-excursion notes before any promotion
repeat-lane-near-near-microstructure-flow-paper-probe,symbol_lane_repeat,NEAR,,near_microstructure_flow_paper_probe,near_microstructure_flow_paper_probe; entry=2.152600000000; current=2.194100000000; current_source=hl_execution_context,paper_long,192.79011428,182.38601589,cost_adjusted_win,ready,622.80,repeat the ticket and add stop/adverse-excursion notes before any promotion
repeat-repeat-paper-09-sol-volume-dislocation,second_repeat,SOL,,sol_volume_price_dislocation,sol_volume_price_dislocation; entry=66.215000000000; current=67.469000000000; current_source=hl_execution_context,paper_long,189.38307030,181.20461598,cost_adjusted_win,ready,606.40,repeat the ticket and add stop/adverse-excursion notes before any promotion
lane-sol-sol-1971905-event-crypto-hedge,symbol_lane,SOL,,sol_1971905_event_crypto_hedge,sol_1971905_event_crypto_hedge; entry=66.248000000000; current=67.469000000000; current_source=hl_execution_context,paper_long,184.30745079,176.12899647,cost_adjusted_win,ready,525.34,repeat the ticket and add stop/adverse-excursion notes before any promotion
lane-sol-sol-maker-or-low-fee-small-execution-edge,symbol_lane,SOL,,sol_maker_or_low_fee_small_execution_edge,sol_maker_or_low_fee_small_execution_edge; entry=66.248000000000; current=67.469000000000; current_source=hl_execution_context,paper_long,184.30745079,176.12899647,cost_adjusted_win,ready,538.19,repeat the ticket and add stop/adverse-excursion notes before any promotion
lane-sol-sol-taker-small-execution-edge,symbol_lane,SOL,,sol_taker_small_execution_edge,sol_taker_small_execution_edge; entry=66.248000000000; current=67.469000000000; current_source=hl_execution_context,paper_long,184.30745079,176.12899647,cost_adjusted_win,ready,538.19,repeat the ticket and add stop/adverse-excursion notes before any promotion
lane-sol-sol-2176262-event-crypto-hedge,symbol_lane,SOL,,sol_2176262_event_crypto_hedge,sol_2176262_event_crypto_hedge; entry=66.248000000000; current=67.469000000000; current_source=hl_execution_context,paper_long,184.30745079,176.12899647,cost_adjusted_win,ready,525.34,repeat the ticket and add stop/adverse-excursion notes before any promotion
repeat-lane-sol-solana-stablecoin-migration,symbol_lane_repeat,SOL,,solana_stablecoin_migration,solana_stablecoin_migration; entry=66.248000000000; current=67.469000000000; current_source=hl_execution_context,paper_long,184.30745079,176.12899647,cost_adjusted_win,ready,439.76,repeat the ticket and add stop/adverse-excursion notes before any promotion
repeat-lane-sol-sol-attention-price-context,symbol_lane_repeat,SOL,,sol_attention_price_context,sol_attention_price_context; entry=66.248000000000; current=67.469000000000; current_source=hl_execution_context,paper_long,184.30745079,176.12899647,cost_adjusted_win,ready,439.76,repeat the ticket and add stop/adverse-excursion notes before any promotion
repeat-lane-near-near-microstructure-flow-probe,symbol_lane_repeat,NEAR,,near_microstructure_flow_probe,near_microstructure_flow_probe; entry=2.157400000000; current=2.194100000000; current_source=hl_execution_context,paper_long,170.11217206,159.70807367,cost_adjusted_win,ready,606.40,repeat the ticket and add stop/adverse-excursion notes before any promotion
repeat-paper-02-sui-repeat-execution,repeat,SUI,,sui_okx_on_chain_flow_repeat_execution_gate,sui_okx_on_chain_flow_repeat_execution_gate; entry=0.750000000000; current=0.760690000000; current_source=hl_execution_context,paper_long,142.53333333,132.17347613,cost_adjusted_win,ready,622.80,repeat the ticket and add stop/adverse-excursion notes before any promotion
repeat-paper-26-sui-liquidation-intensity,repeat,SUI,,sui_okx_liquidation_intensity_paper_gate,sui_okx_liquidation_intensity_paper_gate; entry=0.750000000000; current=0.760690000000; current_source=hl_execution_context,paper_long,142.53333333,132.17347613,cost_adjusted_win,ready,622.80,repeat the ticket and add stop/adverse-excursion notes before any promotion
repeat-paper-01-sui-repeat-execution,repeat,SUI,,sui_hl_on_chain_flow_repeat_execution_gate,sui_hl_on_chain_flow_repeat_execution_gate; entry=0.750600000000; current=0.760690000000; current_source=hl_execution_context,paper_long,134.42579270,124.06593550,cost_adjusted_win,ready,622.80,repeat the ticket and add stop/adverse-excursion notes before any promotion
repeat-paper-19-sui-microstructure-flow,repeat,SUI,,sui_microstructure_flow_paper_probe,sui_microstructure_flow_paper_probe; entry=0.750600000000; current=0.760690000000; current_source=hl_execution_context,paper_long,134.42579270,124.06593550,cost_adjusted_win,ready,622.80,repeat the ticket and add stop/adverse-excursion notes before any promotion
repeat-paper-10-xpl-volume-dislocation,repeat,XPL,,xpl_volume_price_dislocation,xpl_volume_price_dislocation; entry=0.071057000000; current=0.072000000000; current_source=hyperliquid_snapshot,paper_long,132.71035929,120.41254932,cost_adjusted_win,ready,306.55,repeat the ticket and add stop/adverse-excursion notes before any promotion
lane-eth-eth-volume-price-dislocation,symbol_lane,ETH,,eth_volume_price_dislocation,eth_volume_price_dislocation; entry=1666.200000000000; current=1687.400000000000; current_source=hl_execution_context,paper_long,127.23562598,118.79996271,cost_adjusted_win,ready,680.71,repeat the ticket and add stop/adverse-excursion notes before any promotion
lane-eth-eth-microstructure-flow-probe,symbol_lane,ETH,,eth_microstructure_flow_probe,eth_microstructure_flow_probe; entry=1666.200000000000; current=1687.400000000000; current_source=hl_execution_context,paper_long,127.23562598,118.79996271,cost_adjusted_win,ready,680.71,repeat the ticket and add stop/adverse-excursion notes before any promotion
repeat-lane-eth-eth-volume-price-dislocation,symbol_lane_repeat,ETH,,eth_volume_price_dislocation,eth_volume_price_dislocation; entry=1667.800000000000; current=1687.400000000000; current_source=hl_execution_context,paper_long,117.52008634,109.08442307,cost_adjusted_win,ready,598.81,repeat the ticket and add stop/adverse-excursion notes before any promotion
repeat-lane-eth-eth-microstructure-flow-probe,symbol_lane_repeat,ETH,,eth_microstructure_flow_probe,eth_microstructure_flow_probe; entry=1667.800000000000; current=1687.400000000000; current_source=hl_execution_context,paper_long,117.52008634,109.08442307,cost_adjusted_win,ready,598.81,repeat the ticket and add stop/adverse-excursion notes before any promotion
repeat-paper-13-sol-volume-dislocation,repeat,SOL,,sol_volume_price_dislocation,sol_volume_price_dislocation; entry=66.720000000000; current=67.469000000000; current_source=hl_execution_context,paper_long,112.26019185,104.08173753,cost_adjusted_win,ready,306.55,repeat the ticket and add stop/adverse-excursion notes before any promotion
repeat-paper-20-sol-event-crypto-hedge,repeat,SOL,,sol_1971905_event_crypto_hedge,sol_1971905_event_crypto_hedge; entry=66.720000000000; current=67.469000000000; current_source=hl_execution_context,paper_long,112.26019185,104.08173753,cost_adjusted_win,ready,299.20,repeat the ticket and add stop/adverse-excursion notes before any promotion
repeat-paper-36-sol-stablecoin-migration,repeat,SOL,,solana_stablecoin_migration,solana_stablecoin_migration; entry=66.720000000000; current=67.469000000000; current_source=hl_execution_context,paper_long,112.26019185,104.08173753,cost_adjusted_win,ready,299.20,repeat the ticket and add stop/adverse-excursion notes before any promotion
repeat-paper-12-sol-event-crypto-hedge,repeat,SOL,,sol_1971905_event_crypto_hedge,sol_1971905_event_crypto_hedge; entry=66.720000000000; current=67.469000000000; current_source=hl_execution_context,paper_long,112.26019185,104.08173753,cost_adjusted_win,ready,306.55,repeat the ticket and add stop/adverse-excursion notes before any promotion
repeat-lane-sol-sol-1971905-event-crypto-hedge,symbol_lane_repeat,SOL,,sol_1971905_event_crypto_hedge,sol_1971905_event_crypto_hedge; entry=66.720000000000; current=67.469000000000; current_source=hl_execution_context,paper_long,112.26019185,104.08173753,cost_adjusted_win,ready,290.71,repeat the ticket and add stop/adverse-excursion notes before any promotion
repeat-lane-sol-sol-maker-or-low-fee-small-execution-edge,symbol_lane_repeat,SOL,,sol_maker_or_low_fee_small_execution_edge,sol_maker_or_low_fee_small_execution_edge; entry=66.720000000000; current=67.469000000000; current_source=hl_execution_context,paper_long,112.26019185,104.08173753,cost_adjusted_win,ready,290.71,repeat the ticket and add stop/adverse-excursion notes before any promotion
repeat-lane-sol-sol-taker-small-execution-edge,symbol_lane_repeat,SOL,,sol_taker_small_execution_edge,sol_taker_small_execution_edge; entry=66.720000000000; current=67.469000000000; current_source=hl_execution_context,paper_long,112.26019185,104.08173753,cost_adjusted_win,ready,290.71,repeat the ticket and add stop/adverse-excursion notes before any promotion
repeat-lane-sol-sol-2176262-event-crypto-hedge,symbol_lane_repeat,SOL,,sol_2176262_event_crypto_hedge,sol_2176262_event_crypto_hedge; entry=66.720000000000; current=67.469000000000; current_source=hl_execution_context,paper_long,112.26019185,104.08173753,cost_adjusted_win,ready,290.71,repeat the ticket and add stop/adverse-excursion notes before any promotion
lane-eth-eth-1971905-event-crypto-hedge,symbol_lane,ETH,,eth_1971905_event_crypto_hedge,eth_1971905_event_crypto_hedge; entry=1668.900000000000; current=1687.400000000000; current_source=hl_execution_context,paper_long,110.85145904,102.41579577,cost_adjusted_win,ready,525.34,repeat the ticket and add stop/adverse-excursion notes before any promotion
lane-eth-public-hypertracker-example-eth-wallet-flow-actionability,symbol_lane,ETH,,public_hypertracker_example_eth_wallet_flow_actionability,public_hypertracker_example_eth_wallet_flow_actionability; entry=1668.900000000000; current=1687.400000000000; current_source=hl_execution_context,paper_long,110.85145904,102.41579577,cost_adjusted_win,ready,452.99,repeat the ticket and add stop/adverse-excursion notes before any promotion
lane-eth-eth-2176262-event-crypto-hedge,symbol_lane,ETH,,eth_2176262_event_crypto_hedge,eth_2176262_event_crypto_hedge; entry=1668.900000000000; current=1687.400000000000; current_source=hl_execution_context,paper_long,110.85145904,102.41579577,cost_adjusted_win,ready,525.34,repeat the ticket and add stop/adverse-excursion notes before any promotion
lane-eth-eth-2241674-event-crypto-hedge,symbol_lane,ETH,,eth_2241674_event_crypto_hedge,eth_2241674_event_crypto_hedge; entry=1668.900000000000; current=1687.400000000000; current_source=hl_execution_context,paper_long,110.85145904,102.41579577,cost_adjusted_win,ready,525.34,repeat the ticket and add stop/adverse-excursion notes before any promotion
repeat-paper-20-link-volume-dislocation,repeat,LINK,,link_volume_price_dislocation,link_volume_price_dislocation; entry=7.978500000000; current=8.065200000000; current_source=hyperliquid_snapshot,paper_long,108.66704268,99.17755774,cost_adjusted_win,ready,306.55,repeat the ticket and add stop/adverse-excursion notes before any promotion
repeat-repeat-paper-02-sui-repeat-execution,second_repeat,SUI,,sui_okx_on_chain_flow_repeat_execution_gate,sui_okx_on_chain_flow_repeat_execution_gate; entry=0.752730000000; current=0.760690000000; current_source=hl_execution_context,paper_long,105.74840912,95.38855192,cost_adjusted_win,ready,606.40,repeat the ticket and add stop/adverse-excursion notes before any promotion
repeat-repeat-paper-26-sui-liquidation-intensity,second_repeat,SUI,,sui_okx_liquidation_intensity_paper_gate,sui_okx_liquidation_intensity_paper_gate; entry=0.752730000000; current=0.760690000000; current_source=hl_execution_context,paper_long,105.74840912,95.38855192,cost_adjusted_win,ready,606.40,repeat the ticket and add stop/adverse-excursion notes before any promotion
repeat-repeat-paper-01-sui-repeat-execution,second_repeat,SUI,,sui_hl_on_chain_flow_repeat_execution_gate,sui_hl_on_chain_flow_repeat_execution_gate; entry=0.752730000000; current=0.760690000000; current_source=hl_execution_context,paper_long,105.74840912,95.38855192,cost_adjusted_win,ready,606.40,repeat the ticket and add stop/adverse-excursion notes before any promotion
repeat-repeat-paper-19-sui-microstructure-flow,second_repeat,SUI,,sui_microstructure_flow_paper_probe,sui_microstructure_flow_paper_probe; entry=0.752730000000; current=0.760690000000; current_source=hl_execution_context,paper_long,105.74840912,95.38855192,cost_adjusted_win,ready,606.40,repeat the ticket and add stop/adverse-excursion notes before any promotion
repeat-paper-24-apt-wallet-entity-flow,repeat,APT,,public_hypertracker_example_apt_wallet_flow_actionability,public_hypertracker_example_apt_wallet_flow_actionability; entry=0.674800000000; current=0.682000000000; current_source=hl_execution_context,paper_long,106.69828097,94.33421846,cost_adjusted_win,ready,306.55,repeat the ticket and add stop/adverse-excursion notes before any promotion
paper-48-btc-basis-term-structure,paper,BTC,,btc-25sep26_basis,btc-25sep26_basis; entry=64034.000000000000; current=63490.000000000000; current_source=hl_execution_context,paper_short,84.95486773,76.91836385,cost_adjusted_win,ready,206.47,repeat the ticket and add stop/adverse-excursion notes before any promotion
lane-uni-uni-protocol-fee-growth,symbol_lane,UNI,,uni_protocol_fee_growth,uni_protocol_fee_growth; entry=2.569000000000; current=2.590800000000; current_source=hyperliquid_snapshot,paper_long,84.85792137,75.96075041,cost_adjusted_win,ready,276.58,repeat the ticket and add stop/adverse-excursion notes before any promotion
lane-uni-uni-protocol-fee-actionability,symbol_lane,UNI,,uni_protocol_fee_actionability,uni_protocol_fee_actionability; entry=2.569000000000; current=2.590800000000; current_source=hyperliquid_snapshot,paper_long,84.85792137,75.96075041,cost_adjusted_win,ready,276.58,repeat the ticket and add stop/adverse-excursion notes before any promotion
lane-uni-uni-protocol-fee-actionability,symbol_lane,UNI,,uni_protocol_fee_actionability,uni_protocol_fee_actionability; entry=2.569000000000; current=2.590800000000; current_source=hyperliquid_snapshot,paper_long,84.85792137,75.96075041,cost_adjusted_win,ready,276.58,repeat the ticket and add stop/adverse-excursion notes before any promotion
repeat-paper-03-inj-policy-expansion,repeat,INJ,,inj_inj_volume_price_dislocation_from_sol_volume_price_dislocation_paper_long,inj_inj_volume_price_dislocation_from_sol_volume_price_dislocation_paper_long; entry=5.680000000000; current=5.723500000000; current_source=hyperliquid_snapshot,paper_long,76.58450704,63.88397197,cost_adjusted_win,ready,280.02,repeat the ticket and add stop/adverse-excursion notes before any promotion
repeat-paper-13-inj-policy-expansion,repeat,INJ,,inj_inj_volume_price_dislocation_from_volume_price_dislocation_paper_long,inj_inj_volume_price_dislocation_from_volume_price_dislocation_paper_long; entry=5.680000000000; current=5.723500000000; current_source=hyperliquid_snapshot,paper_long,76.58450704,63.88397197,cost_adjusted_win,ready,280.02,repeat the ticket and add stop/adverse-excursion notes before any promotion
repeat-paper-32-inj-policy-expansion,repeat,INJ,,inj_inj_volume_price_dislocation_from_fartcoin_volume_price_dislocation_paper_long,inj_inj_volume_price_dislocation_from_fartcoin_volume_price_dislocation_paper_long; entry=5.680000000000; current=5.723500000000; current_source=hyperliquid_snapshot,paper_long,76.58450704,63.88397197,cost_adjusted_win,ready,280.02,repeat the ticket and add stop/adverse-excursion notes before any promotion
repeat-paper-04-inj-volume-dislocation,repeat,INJ,,inj_volume_price_dislocation,inj_volume_price_dislocation; entry=5.680000000000; current=5.723500000000; current_source=hyperliquid_snapshot,paper_long,76.58450704,63.88397197,cost_adjusted_win,ready,280.02,repeat the ticket and add stop/adverse-excursion notes before any promotion
repeat-paper-27-inj-policy-expansion,repeat,INJ,,inj_inj_volume_price_dislocation_from_sol_volume_price_dislocation_paper_long,inj_inj_volume_price_dislocation_from_sol_volume_price_dislocation_paper_long; entry=5.680000000000; current=5.723500000000; current_source=hyperliquid_snapshot,paper_long,76.58450704,63.88397197,cost_adjusted_win,ready,280.02,repeat the ticket and add stop/adverse-excursion notes before any promotion
paper-51-eth-basis-term-structure,paper,ETH,,eth-26mar27_basis,eth-26mar27_basis; entry=1697.300000000000; current=1687.400000000000; current_source=hl_execution_context,paper_short,58.32793260,49.57830533,cost_adjusted_win,ready,206.47,repeat the ticket and add stop/adverse-excursion notes before any promotion
paper-70-eth-wallet-entity-flow,paper,ETH,HL,public_hypertracker_example_hyna_eth_wallet_flow_actionability,public_hypertracker_example_hyna_eth_wallet_flow_actionability; entry=1697.300000000000; current=1687.400000000000; current_source=hl_execution_context,paper_short,58.32793260,49.57830533,cost_adjusted_win,ready,206.47,repeat the ticket and add stop/adverse-excursion notes before any promotion
repeat-paper-02-near-policy-expansion,repeat,NEAR,,near_near_microstructure_flow_paper_probe_from_bera_microstructure_flow_paper_long,near_near_microstructure_flow_paper_probe_from_bera_microstructure_flow_paper_long; entry=2.183200000000; current=2.194100000000; current_source=hl_execution_context,paper_long,49.92671308,39.52261469,cost_adjusted_win,ready,280.02,repeat the ticket and add stop/adverse-excursion notes before any promotion
repeat-paper-06-near-policy-expansion,repeat,NEAR,,near_near_microstructure_flow_probe_from_bera_microstructure_flow_paper_long,near_near_microstructure_flow_probe_from_bera_microstructure_flow_paper_long; entry=2.183200000000; current=2.194100000000; current_source=hl_execution_context,paper_long,49.92671308,39.52261469,cost_adjusted_win,ready,280.02,repeat the ticket and add stop/adverse-excursion notes before any promotion
repeat-paper-07-near-policy-expansion,repeat,NEAR,,near_near_microstructure_flow_paper_probe_from_microstructure_flow_paper_long,near_near_microstructure_flow_paper_probe_from_microstructure_flow_paper_long; entry=2.183200000000; current=2.194100000000; current_source=hl_execution_context,paper_long,49.92671308,39.52261469,cost_adjusted_win,ready,280.02,repeat the ticket and add stop/adverse-excursion notes before any promotion
repeat-paper-12-near-policy-expansion,repeat,NEAR,,near_near_microstructure_flow_paper_probe_from_chip_microstructure_flow_paper_long,near_near_microstructure_flow_paper_probe_from_chip_microstructure_flow_paper_long; entry=2.183200000000; current=2.194100000000; current_source=hl_execution_context,paper_long,49.92671308,39.52261469,cost_adjusted_win,ready,280.02,repeat the ticket and add stop/adverse-excursion notes before any promotion
repeat-paper-25-near-policy-expansion,repeat,NEAR,,near_near_microstructure_flow_probe_from_microstructure_flow_paper_long,near_near_microstructure_flow_probe_from_microstructure_flow_paper_long; entry=2.183200000000; current=2.194100000000; current_source=hl_execution_context,paper_long,49.92671308,39.52261469,cost_adjusted_win,ready,280.02,repeat the ticket and add stop/adverse-excursion notes before any promotion
repeat-paper-28-near-policy-expansion,repeat,NEAR,,near_near_microstructure_flow_probe_from_chip_microstructure_flow_paper_long,near_near_microstructure_flow_probe_from_chip_microstructure_flow_paper_long; entry=2.183200000000; current=2.194100000000; current_source=hl_execution_context,paper_long,49.92671308,39.52261469,cost_adjusted_win,ready,280.02,repeat the ticket and add stop/adverse-excursion notes before any promotion
repeat-paper-31-near-policy-expansion,repeat,NEAR,,near_near_microstructure_flow_paper_probe_from_mon_microstructure_flow_paper_long,near_near_microstructure_flow_paper_probe_from_mon_microstructure_flow_paper_long; entry=2.183200000000; current=2.194100000000; current_source=hl_execution_context,paper_long,49.92671308,39.52261469,cost_adjusted_win,ready,280.02,repeat the ticket and add stop/adverse-excursion notes before any promotion
lane-near-near-oi-funding-crowding-watch,symbol_lane,NEAR,,near_oi_funding_crowding_watch,near_oi_funding_crowding_watch; entry=2.183200000000; current=2.194100000000; current_source=hl_execution_context,paper_long,49.92671308,39.52261469,cost_adjusted_win,ready,276.58,repeat the ticket and add stop/adverse-excursion notes before any promotion
lane-near-near-crowded-momentum-continuation-actionability,symbol_lane,NEAR,,near_crowded_momentum_continuation_actionability,near_crowded_momentum_continuation_actionability; entry=2.183200000000; current=2.194100000000; current_source=hl_execution_context,paper_long,49.92671308,39.52261469,cost_adjusted_win,ready,276.58,repeat the ticket and add stop/adverse-excursion notes before any promotion
repeat-paper-36-near-derivatives-positioning,repeat,NEAR,,near_oi_funding_crowding_watch,near_oi_funding_crowding_watch; entry=2.183400000000; current=2.194100000000; current_source=hl_execution_context,paper_long,49.00613722,38.60203883,cost_adjusted_win,ready,583.12,repeat the ticket and add stop/adverse-excursion notes before any promotion
repeat-paper-18-near-microstructure-flow,repeat,NEAR,,near_microstructure_flow_paper_probe,near_microstructure_flow_paper_probe; entry=2.183400000000; current=2.194100000000; current_source=hl_execution_context,paper_long,49.00613722,38.60203883,cost_adjusted_win,ready,590.43,repeat the ticket and add stop/adverse-excursion notes before any promotion
lane-near-near-maker-or-low-fee-small-execution-edge,symbol_lane,NEAR,,near_maker_or_low_fee_small_execution_edge,near_maker_or_low_fee_small_execution_edge; entry=2.183400000000; current=2.194100000000; current_source=hl_execution_context,paper_long,49.00613722,38.60203883,cost_adjusted_win,ready,451.93,repeat the ticket and add stop/adverse-excursion notes before any promotion
lane-near-near-taker-small-execution-edge,symbol_lane,NEAR,,near_taker_small_execution_edge,near_taker_small_execution_edge; entry=2.183400000000; current=2.194100000000; current_source=hl_execution_context,paper_long,49.00613722,38.60203883,cost_adjusted_win,ready,451.93,repeat the ticket and add stop/adverse-excursion notes before any promotion
paper-30-apt-wallet-entity-flow,paper,APT,HL,public_hypertracker_example_apt_wallet_flow_actionability,public_hypertracker_example_apt_wallet_flow_actionability; entry=0.680000000000; current=0.682000000000; current_source=hl_execution_context,paper_long,29.41176471,17.04770220,cost_adjusted_win,ready,206.47,repeat the ticket and add stop/adverse-excursion notes before any promotion
repeat-paper-20-apt-wallet-entity-flow,repeat,APT,,public_hypertracker_example_apt_wallet_flow_actionability,public_hypertracker_example_apt_wallet_flow_actionability; entry=0.680000000000; current=0.682000000000; current_source=hl_execution_context,paper_long,29.41176471,17.04770220,cost_adjusted_win,ready,280.02,repeat the ticket and add stop/adverse-excursion notes before any promotion
repeat-repeat-paper-24-apt-wallet-entity-flow,second_repeat,APT,,public_hypertracker_example_apt_wallet_flow_actionability,public_hypertracker_example_apt_wallet_flow_actionability; entry=0.680000000000; current=0.682000000000; current_source=hl_execution_context,paper_long,29.41176471,17.04770220,cost_adjusted_win,ready,280.00,repeat the ticket and add stop/adverse-excursion notes before any promotion
lane-doge-doge-premium-close-short-opposite-intraday-paper-label,symbol_lane,DOGE,,doge_premium_close_short_opposite_intraday_paper_label,doge_premium_close_short_opposite_intraday_paper_label; entry=0.087000000000; current=0.086840000000; current_source=hyperliquid_snapshot,paper_short,18.39080460,8.92923388,cost_adjusted_win,ready,276.58,repeat the ticket and add stop/adverse-excursion notes before any promotion
lane-btc-btc-1971905-event-crypto-hedge,symbol_lane,BTC,,btc_1971905_event_crypto_hedge,btc_1971905_event_crypto_hedge; entry=63419.000000000000; current=63490.000000000000; current_source=hl_execution_context,paper_long,11.19538309,2.91687921,cost_adjusted_win,ready,525.34,repeat the ticket and add stop/adverse-excursion notes before any promotion
lane-btc-btc-2176262-event-crypto-hedge,symbol_lane,BTC,,btc_2176262_event_crypto_hedge,btc_2176262_event_crypto_hedge; entry=63419.000000000000; current=63490.000000000000; current_source=hl_execution_context,paper_long,11.19538309,2.91687921,cost_adjusted_win,ready,525.34,repeat the ticket and add stop/adverse-excursion notes before any promotion
lane-btc-btc-2241674-event-crypto-hedge,symbol_lane,BTC,,btc_2241674_event_crypto_hedge,btc_2241674_event_crypto_hedge; entry=63419.000000000000; current=63490.000000000000; current_source=hl_execution_context,paper_long,11.19538309,2.91687921,cost_adjusted_win,ready,525.34,repeat the ticket and add stop/adverse-excursion notes before any promotion
lane-btc-btc-long-atm-straddle-20260626-volatility-actionability,symbol_lane,BTC,,btc_long_atm_straddle_20260626_volatility_actionability,btc_long_atm_straddle_20260626_volatility_actionability; entry=63419.000000000000; current=63490.000000000000; current_source=hl_execution_context,paper_long,11.19538309,2.91687921,cost_adjusted_win,ready,551.99,repeat the ticket and add stop/adverse-excursion notes before any promotion
repeat-paper-16-eth-volume-dislocation,repeat,ETH,,eth_volume_price_dislocation,eth_volume_price_dislocation; entry=1685.500000000000; current=1687.400000000000; current_source=hl_execution_context,paper_long,11.27261940,2.83695613,cost_adjusted_win,ready,306.55,repeat the ticket and add stop/adverse-excursion notes before any promotion
repeat-paper-18-eth-policy-expansion,repeat,ETH,,eth_eth_microstructure_flow_probe_from_near_microstructure_flow_paper_long,eth_eth_microstructure_flow_probe_from_near_microstructure_flow_paper_long; entry=1685.500000000000; current=1687.400000000000; current_source=hl_execution_context,paper_long,11.27261940,2.83695613,cost_adjusted_win,ready,306.55,repeat the ticket and add stop/adverse-excursion notes before any promotion
repeat-paper-32-eth-policy-expansion,repeat,ETH,,eth_eth_volume_price_dislocation_from_sol_volume_price_dislocation_paper_long,eth_eth_volume_price_dislocation_from_sol_volume_price_dislocation_paper_long; entry=1685.500000000000; current=1687.400000000000; current_source=hl_execution_context,paper_long,11.27261940,2.83695613,cost_adjusted_win,ready,306.55,repeat the ticket and add stop/adverse-excursion notes before any promotion
repeat-paper-18-eth-event-crypto-hedge,repeat,ETH,,eth_1971905_event_crypto_hedge,eth_1971905_event_crypto_hedge; entry=1685.500000000000; current=1687.400000000000; current_source=hl_execution_context,paper_long,11.27261940,2.83695613,cost_adjusted_win,ready,299.20,repeat the ticket and add stop/adverse-excursion notes before any promotion
repeat-paper-33-eth-wallet-entity-flow,repeat,ETH,,public_hypertracker_example_eth_wallet_flow_actionability,public_hypertracker_example_eth_wallet_flow_actionability; entry=1685.500000000000; current=1687.400000000000; current_source=hl_execution_context,paper_long,11.27261940,2.83695613,cost_adjusted_win,ready,299.20,repeat the ticket and add stop/adverse-excursion notes before any promotion
repeat-paper-07-eth-event-crypto-hedge,repeat,ETH,,eth_1971905_event_crypto_hedge,eth_1971905_event_crypto_hedge; entry=1685.500000000000; current=1687.400000000000; current_source=hl_execution_context,paper_long,11.27261940,2.83695613,cost_adjusted_win,ready,306.55,repeat the ticket and add stop/adverse-excursion notes before any promotion
repeat-paper-22-eth-wallet-entity-flow,repeat,ETH,,public_hypertracker_example_eth_wallet_flow_actionability,public_hypertracker_example_eth_wallet_flow_actionability; entry=1685.500000000000; current=1687.400000000000; current_source=hl_execution_context,paper_long,11.27261940,2.83695613,cost_adjusted_win,ready,306.55,repeat the ticket and add stop/adverse-excursion notes before any promotion
repeat-lane-eth-eth-1971905-event-crypto-hedge,symbol_lane_repeat,ETH,,eth_1971905_event_crypto_hedge,eth_1971905_event_crypto_hedge; entry=1685.500000000000; current=1687.400000000000; current_source=hl_execution_context,paper_long,11.27261940,2.83695613,cost_adjusted_win,ready,290.71,repeat the ticket and add stop/adverse-excursion notes before any promotion
repeat-lane-eth-eth-2176262-event-crypto-hedge,symbol_lane_repeat,ETH,,eth_2176262_event_crypto_hedge,eth_2176262_event_crypto_hedge; entry=1685.500000000000; current=1687.400000000000; current_source=hl_execution_context,paper_long,11.27261940,2.83695613,cost_adjusted_win,ready,290.71,repeat the ticket and add stop/adverse-excursion notes before any promotion
repeat-lane-eth-eth-2241674-event-crypto-hedge,symbol_lane_repeat,ETH,,eth_2241674_event_crypto_hedge,eth_2241674_event_crypto_hedge; entry=1685.500000000000; current=1687.400000000000; current_source=hl_execution_context,paper_long,11.27261940,2.83695613,cost_adjusted_win,ready,290.71,repeat the ticket and add stop/adverse-excursion notes before any promotion
repeat-paper-09-fartcoin-volume-dislocation,repeat,FARTCOIN,,fartcoin_volume_price_dislocation,fartcoin_volume_price_dislocation; entry=0.117880000000; current=0.118620000000; current_source=hyperliquid_snapshot,paper_long,62.77570411,53.80578839,depth_too_thin_for_probe,ready,306.55,reduce candidate size or skip until depth improves
repeat-paper-03-sui-repeat-execution,repeat,SUI,,sui_okx_on_chain_flow_repeat_execution_gate,sui_okx_on_chain_flow_repeat_execution_gate; entry=0.760900000000; current=0.760690000000; current_source=hl_execution_context,paper_long,-2.75988960,,mark_loss,ready,306.55,keep or reject based on repeated labels and failure regime
paper-08-sol-policy-expansion,paper,SOL,,sol_sol_attention_price_context_from_zec_news_event_paper_long,sol_sol_attention_price_context_from_zec_news_event_paper_long; entry=67.495000000000; current=67.469000000000; current_source=hl_execution_context,paper_long,-3.85213720,,mark_loss,ready,206.47,keep or reject based on repeated labels and failure regime
paper-16-sol-policy-expansion,paper,SOL,,sol_sol_attention_price_context_from_news_event_paper_long,sol_sol_attention_price_context_from_news_event_paper_long; entry=67.495000000000; current=67.469000000000; current_source=hl_execution_context,paper_long,-3.85213720,,mark_loss,ready,206.47,keep or reject based on repeated labels and failure regime
paper-22-sol-policy-expansion,paper,SOL,,sol_sol_volume_price_dislocation_from_volume_price_dislocation_paper_long,sol_sol_volume_price_dislocation_from_volume_price_dislocation_paper_long; entry=67.495000000000; current=67.469000000000; current_source=hl_execution_context,paper_long,-3.85213720,,mark_loss,ready,206.47,keep or reject based on repeated labels and failure regime
paper-37-sol-stablecoin-migration,paper,SOL,,solana_stablecoin_migration,solana_stablecoin_migration; entry=67.495000000000; current=67.469000000000; current_source=hl_execution_context,paper_long,-3.85213720,,mark_loss,ready,206.47,keep or reject based on repeated labels and failure regime
paper-28-sol-event-crypto-hedge,paper,SOL,prediction_market,sol_1971905_event_crypto_hedge,sol_1971905_event_crypto_hedge; entry=67.495000000000; current=67.469000000000; current_source=hl_execution_context,paper_long,-3.85213720,,mark_loss,ready,206.47,keep or reject based on repeated labels and failure regime
paper-61-sol-attention-event,paper,SOL,,sol_attention_price_context,sol_attention_price_context; entry=67.495000000000; current=67.469000000000; current_source=hl_execution_context,paper_long,-3.85213720,,mark_loss,ready,206.47,keep or reject based on repeated labels and failure regime
repeat-paper-13-sol-event-crypto-hedge,repeat,SOL,,sol_1971905_event_crypto_hedge,sol_1971905_event_crypto_hedge; entry=67.495000000000; current=67.469000000000; current_source=hl_execution_context,paper_long,-3.85213720,,mark_loss,ready,280.02,keep or reject based on repeated labels and failure regime
repeat-paper-32-sol-stablecoin-migration,repeat,SOL,,solana_stablecoin_migration,solana_stablecoin_migration; entry=67.495000000000; current=67.469000000000; current_source=hl_execution_context,paper_long,-3.85213720,,mark_loss,ready,280.02,keep or reject based on repeated labels and failure regime
repeat-paper-15-sol-policy-expansion,repeat,SOL,,sol_sol_volume_price_dislocation_from_volume_price_dislocation_paper_long,sol_sol_volume_price_dislocation_from_volume_price_dislocation_paper_long; entry=67.495000000000; current=67.469000000000; current_source=hl_execution_context,paper_long,-3.85213720,,mark_loss,ready,280.02,keep or reject based on repeated labels and failure regime
repeat-repeat-paper-13-sol-volume-dislocation,second_repeat,SOL,,sol_volume_price_dislocation,sol_volume_price_dislocation; entry=67.495000000000; current=67.469000000000; current_source=hl_execution_context,paper_long,-3.85213720,,mark_loss,ready,280.00,keep or reject based on repeated labels and failure regime
repeat-repeat-paper-20-sol-event-crypto-hedge,second_repeat,SOL,,sol_1971905_event_crypto_hedge,sol_1971905_event_crypto_hedge; entry=67.495000000000; current=67.469000000000; current_source=hl_execution_context,paper_long,-3.85213720,,mark_loss,ready,280.00,keep or reject based on repeated labels and failure regime
repeat-repeat-paper-36-sol-stablecoin-migration,second_repeat,SOL,,solana_stablecoin_migration,solana_stablecoin_migration; entry=67.495000000000; current=67.469000000000; current_source=hl_execution_context,paper_long,-3.85213720,,mark_loss,ready,280.00,keep or reject based on repeated labels and failure regime
repeat-repeat-paper-12-sol-event-crypto-hedge,second_repeat,SOL,,sol_1971905_event_crypto_hedge,sol_1971905_event_crypto_hedge; entry=67.495000000000; current=67.469000000000; current_source=hl_execution_context,paper_long,-3.85213720,,mark_loss,ready,280.00,keep or reject based on repeated labels and failure regime
lane-sol-sol-1962237-event-crypto-hedge,symbol_lane,SOL,,sol_1962237_event_crypto_hedge,sol_1962237_event_crypto_hedge; entry=67.495000000000; current=67.469000000000; current_source=hl_execution_context,paper_long,-3.85213720,,mark_loss,ready,280.01,keep or reject based on repeated labels and failure regime
repeat-paper-36-aave-event-pressure,repeat,AAVE,,aave_event_pressure_cluster,aave_event_pressure_cluster; entry=64.174000000000; current=64.106000000000; current_source=hyperliquid_snapshot,paper_long,-10.59619160,,mark_loss,ready,306.55,keep or reject based on repeated labels and failure regime
lane-btc-btc-20260619-short-dated-delta-hedge-check,symbol_lane,BTC,,btc_20260619_short_dated_delta_hedge_check,btc_20260619_short_dated_delta_hedge_check; entry=63419.000000000000; current=63490.000000000000; current_source=hl_execution_context,paper_short,-11.19538309,,mark_loss,ready,451.93,keep or reject based on repeated labels and failure regime
lane-btc-crypto-equity-proxy-lead-short,symbol_lane,BTC,,crypto_equity_proxy_lead_short,crypto_equity_proxy_lead_short; entry=63419.000000000000; current=63490.000000000000; current_source=hl_execution_context,paper_short,-11.19538309,,mark_loss,ready,451.93,keep or reject based on repeated labels and failure regime
lane-btc-exchange-beta-lead,symbol_lane,BTC,,exchange_beta_lead,exchange_beta_lead; entry=63419.000000000000; current=63490.000000000000; current_source=hl_execution_context,paper_short,-11.19538309,,mark_loss,ready,451.93,keep or reject based on repeated labels and failure regime
lane-btc-btc-20260612-short-dated-delta-hedge-check,symbol_lane,BTC,,btc_20260612_short_dated_delta_hedge_check,btc_20260612_short_dated_delta_hedge_check; entry=63419.000000000000; current=63490.000000000000; current_source=hl_execution_context,paper_short,-11.19538309,,mark_loss,ready,525.34,keep or reject based on repeated labels and failure regime
lane-btc-btc-risk-off-short-stack,symbol_lane,BTC,,btc_risk_off_short_stack,btc_risk_off_short_stack; entry=63419.000000000000; current=63490.000000000000; current_source=hl_execution_context,paper_short,-11.19538309,,mark_loss,ready,551.99,keep or reject based on repeated labels and failure regime
lane-btc-btc-2466411-event-crypto-hedge,symbol_lane,BTC,,btc_2466411_event_crypto_hedge,btc_2466411_event_crypto_hedge; entry=63419.000000000000; current=63490.000000000000; current_source=hl_execution_context,paper_short,-11.19538309,,mark_loss,ready,520.66,keep or reject based on repeated labels and failure regime
paper-54-pengu-attention-event,paper,PENGU,,pengu_attention_price_context,pengu_attention_price_context; entry=0.006929000000; current=0.006912000000; current_source=hyperliquid_snapshot,paper_long,-24.53456487,,mark_loss,ready,206.47,keep or reject based on repeated labels and failure regime
paper-05-link-policy-expansion,paper,LINK,,link_link_volume_price_dislocation_from_sol_volume_price_dislocation_paper_long,link_link_volume_price_dislocation_from_sol_volume_price_dislocation_paper_long; entry=8.092000000000; current=8.065200000000; current_source=hyperliquid_snapshot,paper_long,-33.11913000,,mark_loss,ready,206.47,keep or reject based on repeated labels and failure regime
paper-23-link-policy-expansion,paper,LINK,,link_link_volume_price_dislocation_from_volume_price_dislocation_paper_long,link_link_volume_price_dislocation_from_volume_price_dislocation_paper_long; entry=8.092000000000; current=8.065200000000; current_source=hyperliquid_snapshot,paper_long,-33.11913000,,mark_loss,ready,206.47,keep or reject based on repeated labels and failure regime
repeat-repeat-paper-20-link-volume-dislocation,second_repeat,LINK,,link_volume_price_dislocation,link_volume_price_dislocation; entry=8.092000000000; current=8.065200000000; current_source=hyperliquid_snapshot,paper_long,-33.11913000,,mark_loss,ready,280.00,keep or reject based on repeated labels and failure regime
lane-link-link-volume-price-dislocation,symbol_lane,LINK,,link_volume_price_dislocation,link_volume_price_dislocation; entry=8.092000000000; current=8.065200000000; current_source=hyperliquid_snapshot,paper_long,-33.11913000,,mark_loss,ready,276.58,keep or reject based on repeated labels and failure regime
lane-link-link-privacy-sector-rotation-context,symbol_lane,LINK,,link_privacy_sector_rotation_context,link_privacy_sector_rotation_context; entry=8.092000000000; current=8.065200000000; current_source=hyperliquid_snapshot,paper_long,-33.11913000,,mark_loss,ready,276.58,keep or reject based on repeated labels and failure regime
repeat-paper-23-sei-microstructure-flow,repeat,SEI,,sei_microstructure_flow_paper_probe,sei_microstructure_flow_paper_probe; entry=0.049997000000; current=0.049820000000; current_source=hl_execution_context,paper_long,-35.40212413,,mark_loss,ready,568.35,keep or reject based on repeated labels and failure regime
repeat-paper-17-btc-event-crypto-hedge,repeat,BTC,,btc_1971905_event_crypto_hedge,btc_1971905_event_crypto_hedge; entry=63795.000000000000; current=63490.000000000000; current_source=hl_execution_context,paper_long,-47.80938945,,mark_loss,ready,299.20,keep or reject based on repeated labels and failure regime
repeat-paper-06-btc-event-crypto-hedge,repeat,BTC,,btc_1971905_event_crypto_hedge,btc_1971905_event_crypto_hedge; entry=63795.000000000000; current=63490.000000000000; current_source=hl_execution_context,paper_long,-47.80938945,,mark_loss,ready,306.55,keep or reject based on repeated labels and failure regime
repeat-lane-btc-btc-1971905-event-crypto-hedge,symbol_lane_repeat,BTC,,btc_1971905_event_crypto_hedge,btc_1971905_event_crypto_hedge; entry=63795.000000000000; current=63490.000000000000; current_source=hl_execution_context,paper_long,-47.80938945,,mark_loss,ready,290.71,keep or reject based on repeated labels and failure regime
repeat-lane-btc-btc-2176262-event-crypto-hedge,symbol_lane_repeat,BTC,,btc_2176262_event_crypto_hedge,btc_2176262_event_crypto_hedge; entry=63795.000000000000; current=63490.000000000000; current_source=hl_execution_context,paper_long,-47.80938945,,mark_loss,ready,290.71,keep or reject based on repeated labels and failure regime
repeat-lane-btc-btc-2241674-event-crypto-hedge,symbol_lane_repeat,BTC,,btc_2241674_event_crypto_hedge,btc_2241674_event_crypto_hedge; entry=63795.000000000000; current=63490.000000000000; current_source=hl_execution_context,paper_long,-47.80938945,,mark_loss,ready,290.71,keep or reject based on repeated labels and failure regime
repeat-lane-btc-btc-long-atm-straddle-20260626-volatility-actionability,symbol_lane_repeat,BTC,,btc_long_atm_straddle_20260626_volatility_actionability,btc_long_atm_straddle_20260626_volatility_actionability; entry=63795.000000000000; current=63490.000000000000; current_source=hl_execution_context,paper_long,-47.80938945,,mark_loss,ready,290.71,keep or reject based on repeated labels and failure regime
paper-03-eth-cross-modal-source,paper,ETH,HL,eth_wallet_flow_cross_modal_source,eth_wallet_flow_cross_modal_source; entry=1697.300000000000; current=1687.400000000000; current_source=hl_execution_context,paper_long,-58.32793260,,mark_loss,ready,195.96,keep or reject based on repeated labels and failure regime
paper-04-eth-policy-expansion,paper,ETH,,eth_eth_volume_price_dislocation_from_sol_volume_price_dislocation_paper_long,eth_eth_volume_price_dislocation_from_sol_volume_price_dislocation_paper_long; entry=1697.300000000000; current=1687.400000000000; current_source=hl_execution_context,paper_long,-58.32793260,,mark_loss,ready,206.47,keep or reject based on repeated labels and failure regime
paper-21-eth-policy-expansion,paper,ETH,,eth_eth_volume_price_dislocation_from_volume_price_dislocation_paper_long,eth_eth_volume_price_dislocation_from_volume_price_dislocation_paper_long; entry=1697.300000000000; current=1687.400000000000; current_source=hl_execution_context,paper_long,-58.32793260,,mark_loss,ready,206.47,keep or reject based on repeated labels and failure regime
paper-27-eth-wallet-entity-flow,paper,ETH,HL,public_hypertracker_example_eth_wallet_flow_actionability,public_hypertracker_example_eth_wallet_flow_actionability; entry=1697.300000000000; current=1687.400000000000; current_source=hl_execution_context,paper_long,-58.32793260,,mark_loss,ready,206.47,keep or reject based on repeated labels and failure regime
paper-46-eth-basis-term-structure,paper,ETH,,eth-12jun26_basis,eth-12jun26_basis; entry=1697.300000000000; current=1687.400000000000; current_source=hl_execution_context,paper_long,-58.32793260,,mark_loss,ready,206.47,keep or reject based on repeated labels and failure regime
paper-26-eth-event-crypto-hedge,paper,ETH,prediction_market,eth_1971905_event_crypto_hedge,eth_1971905_event_crypto_hedge; entry=1697.300000000000; current=1687.400000000000; current_source=hl_execution_context,paper_long,-58.32793260,,mark_loss,ready,206.47,keep or reject based on repeated labels and failure regime
repeat-paper-11-eth-event-crypto-hedge,repeat,ETH,,eth_1971905_event_crypto_hedge,eth_1971905_event_crypto_hedge; entry=1697.300000000000; current=1687.400000000000; current_source=hl_execution_context,paper_long,-58.32793260,,mark_loss,ready,280.02,keep or reject based on repeated labels and failure regime
repeat-paper-18-eth-wallet-entity-flow,repeat,ETH,,public_hypertracker_example_eth_wallet_flow_actionability,public_hypertracker_example_eth_wallet_flow_actionability; entry=1697.300000000000; current=1687.400000000000; current_source=hl_execution_context,paper_long,-58.32793260,,mark_loss,ready,280.02,keep or reject based on repeated labels and failure regime
repeat-paper-02-eth-policy-expansion,repeat,ETH,,eth_eth_volume_price_dislocation_from_sol_volume_price_dislocation_paper_long,eth_eth_volume_price_dislocation_from_sol_volume_price_dislocation_paper_long; entry=1697.300000000000; current=1687.400000000000; current_source=hl_execution_context,paper_long,-58.32793260,,mark_loss,ready,261.52,keep or reject based on repeated labels and failure regime
repeat-paper-07-eth-policy-expansion,repeat,ETH,,eth_eth_microstructure_flow_probe_from_bera_microstructure_flow_paper_long,eth_eth_microstructure_flow_probe_from_bera_microstructure_flow_paper_long; entry=1697.300000000000; current=1687.400000000000; current_source=hl_execution_context,paper_long,-58.32793260,,mark_loss,ready,280.02,keep or reject based on repeated labels and failure regime
repeat-paper-16-eth-policy-expansion,repeat,ETH,,eth_eth_volume_price_dislocation_from_volume_price_dislocation_paper_long,eth_eth_volume_price_dislocation_from_volume_price_dislocation_paper_long; entry=1697.300000000000; current=1687.400000000000; current_source=hl_execution_context,paper_long,-58.32793260,,mark_loss,ready,280.02,keep or reject based on repeated labels and failure regime
repeat-paper-26-eth-policy-expansion,repeat,ETH,,eth_eth_microstructure_flow_probe_from_microstructure_flow_paper_long,eth_eth_microstructure_flow_probe_from_microstructure_flow_paper_long; entry=1697.300000000000; current=1687.400000000000; current_source=hl_execution_context,paper_long,-58.32793260,,mark_loss,ready,280.02,keep or reject based on repeated labels and failure regime
repeat-paper-29-eth-policy-expansion,repeat,ETH,,eth_eth_microstructure_flow_probe_from_chip_microstructure_flow_paper_long,eth_eth_microstructure_flow_probe_from_chip_microstructure_flow_paper_long; entry=1697.300000000000; current=1687.400000000000; current_source=hl_execution_context,paper_long,-58.32793260,,mark_loss,ready,280.02,keep or reject based on repeated labels and failure regime
repeat-paper-05-eth-policy-expansion,repeat,ETH,,eth_eth_volume_price_dislocation_from_sol_volume_price_dislocation_paper_long,eth_eth_volume_price_dislocation_from_sol_volume_price_dislocation_paper_long; entry=1697.300000000000; current=1687.400000000000; current_source=hl_execution_context,paper_long,-58.32793260,,mark_loss,ready,280.02,keep or reject based on repeated labels and failure regime
repeat-repeat-paper-16-eth-volume-dislocation,second_repeat,ETH,,eth_volume_price_dislocation,eth_volume_price_dislocation; entry=1697.300000000000; current=1687.400000000000; current_source=hl_execution_context,paper_long,-58.32793260,,mark_loss,ready,280.00,keep or reject based on repeated labels and failure regime
repeat-repeat-paper-18-eth-policy-expansion,second_repeat,ETH,,eth_eth_microstructure_flow_probe_from_near_microstructure_flow_paper_long,eth_eth_microstructure_flow_probe_from_near_microstructure_flow_paper_long; entry=1697.300000000000; current=1687.400000000000; current_source=hl_execution_context,paper_long,-58.32793260,,mark_loss,ready,280.00,keep or reject based on repeated labels and failure regime
repeat-repeat-paper-32-eth-policy-expansion,second_repeat,ETH,,eth_eth_volume_price_dislocation_from_sol_volume_price_dislocation_paper_long,eth_eth_volume_price_dislocation_from_sol_volume_price_dislocation_paper_long; entry=1697.300000000000; current=1687.400000000000; current_source=hl_execution_context,paper_long,-58.32793260,,mark_loss,ready,280.00,keep or reject based on repeated labels and failure regime
repeat-repeat-paper-18-eth-event-crypto-hedge,second_repeat,ETH,,eth_1971905_event_crypto_hedge,eth_1971905_event_crypto_hedge; entry=1697.300000000000; current=1687.400000000000; current_source=hl_execution_context,paper_long,-58.32793260,,mark_loss,ready,280.00,keep or reject based on repeated labels and failure regime
repeat-repeat-paper-33-eth-wallet-entity-flow,second_repeat,ETH,,public_hypertracker_example_eth_wallet_flow_actionability,public_hypertracker_example_eth_wallet_flow_actionability; entry=1697.300000000000; current=1687.400000000000; current_source=hl_execution_context,paper_long,-58.32793260,,mark_loss,ready,280.00,keep or reject based on repeated labels and failure regime
repeat-repeat-paper-07-eth-event-crypto-hedge,second_repeat,ETH,,eth_1971905_event_crypto_hedge,eth_1971905_event_crypto_hedge; entry=1697.300000000000; current=1687.400000000000; current_source=hl_execution_context,paper_long,-58.32793260,,mark_loss,ready,280.00,keep or reject based on repeated labels and failure regime
repeat-repeat-paper-22-eth-wallet-entity-flow,second_repeat,ETH,,public_hypertracker_example_eth_wallet_flow_actionability,public_hypertracker_example_eth_wallet_flow_actionability; entry=1697.300000000000; current=1687.400000000000; current_source=hl_execution_context,paper_long,-58.32793260,,mark_loss,ready,280.00,keep or reject based on repeated labels and failure regime
repeat-repeat-paper-09-fartcoin-volume-dislocation,second_repeat,FARTCOIN,,fartcoin_volume_price_dislocation,fartcoin_volume_price_dislocation; entry=0.119390000000; current=0.118620000000; current_source=hyperliquid_snapshot,paper_long,-64.49451378,,mark_loss,ready,280.00,keep or reject based on repeated labels and failure regime
repeat-paper-20-mon-microstructure-flow,repeat,MON,,mon_microstructure_flow_paper_probe,mon_microstructure_flow_paper_probe; entry=0.021851000000; current=0.021677000000; current_source=hl_execution_context,paper_long,-79.63022287,,mark_loss,ready,606.40,keep or reject based on repeated labels and failure regime
lane-uni-uni-abs-premium-close-short-opposite-intraday-paper-label,symbol_lane,UNI,,uni_abs_premium_close_short_opposite_intraday_paper_label,uni_abs_premium_close_short_opposite_intraday_paper_label; entry=2.569000000000; current=2.590800000000; current_source=hyperliquid_snapshot,paper_short,-84.85792137,,mark_loss,ready,276.58,keep or reject based on repeated labels and failure regime
paper-09-btc-policy-expansion,paper,BTC,,btc_btc_institutional_flow_news_event_quality_gate_from_zec_news_event_paper_long,btc_btc_institutional_flow_news_event_quality_gate_from_zec_news_event_paper_long; entry=64034.000000000000; current=63490.000000000000; current_source=hl_execution_context,paper_long,-84.95486773,,mark_loss,ready,206.47,keep or reject based on repeated labels and failure regime
paper-10-btc-cross-modal-source,paper,BTC,,btc_event_pressure_cross_modal_source,btc_event_pressure_cross_modal_source; entry=64034.000000000000; current=63490.000000000000; current_source=hl_execution_context,paper_long,-84.95486773,,mark_loss,ready,195.96,keep or reject based on repeated labels and failure regime
paper-18-btc-policy-expansion,paper,BTC,,btc_btc_institutional_flow_news_event_quality_gate_from_news_event_paper_long,btc_btc_institutional_flow_news_event_quality_gate_from_news_event_paper_long; entry=64034.000000000000; current=63490.000000000000; current_source=hl_execution_context,paper_long,-84.95486773,,mark_loss,ready,206.47,keep or reject based on repeated labels and failure regime
paper-25-btc-event-pressure,paper,BTC,,btc_event_pressure_cluster,btc_event_pressure_cluster; entry=64034.000000000000; current=63490.000000000000; current_source=hl_execution_context,paper_long,-84.95486773,,mark_loss,ready,206.47,keep or reject based on repeated labels and failure regime
paper-25-btc-event-crypto-hedge,paper,BTC,prediction_market,btc_1971905_event_crypto_hedge,btc_1971905_event_crypto_hedge; entry=64034.000000000000; current=63490.000000000000; current_source=hl_execution_context,paper_long,-84.95486773,,mark_loss,ready,206.47,keep or reject based on repeated labels and failure regime
paper-54-btc-basis-term-structure,paper,BTC,,btc-12jun26_basis,btc-12jun26_basis; entry=64034.000000000000; current=63490.000000000000; current_source=hl_execution_context,paper_long,-84.95486773,,mark_loss,ready,206.47,keep or reject based on repeated labels and failure regime
paper-71-btc-event-crypto-hedge,paper,BTC,prediction_market,btc_1962237_event_crypto_hedge,btc_1962237_event_crypto_hedge; entry=64034.000000000000; current=63490.000000000000; current_source=hl_execution_context,paper_long,-84.95486773,,mark_loss,ready,206.47,keep or reject based on repeated labels and failure regime
repeat-paper-10-btc-event-crypto-hedge,repeat,BTC,,btc_1971905_event_crypto_hedge,btc_1971905_event_crypto_hedge; entry=64034.000000000000; current=63490.000000000000; current_source=hl_execution_context,paper_long,-84.95486773,,mark_loss,ready,280.02,keep or reject based on repeated labels and failure regime
repeat-repeat-paper-17-btc-event-crypto-hedge,second_repeat,BTC,,btc_1971905_event_crypto_hedge,btc_1971905_event_crypto_hedge; entry=64034.000000000000; current=63490.000000000000; current_source=hl_execution_context,paper_long,-84.95486773,,mark_loss,ready,280.00,keep or reject based on repeated labels and failure regime
repeat-repeat-paper-06-btc-event-crypto-hedge,second_repeat,BTC,,btc_1971905_event_crypto_hedge,btc_1971905_event_crypto_hedge; entry=64034.000000000000; current=63490.000000000000; current_source=hl_execution_context,paper_long,-84.95486773,,mark_loss,ready,280.00,keep or reject based on repeated labels and failure regime
repeat-paper-05-mega-microstructure-flow,repeat,MEGA,,mega_microstructure_flow_paper_probe,mega_microstructure_flow_paper_probe; entry=0.051157000000; current=0.050698000000; current_source=hl_execution_context,paper_long,-89.72379147,,mark_loss,ready,663.97,keep or reject based on repeated labels and failure regime
repeat-repeat-paper-23-sei-microstructure-flow,second_repeat,SEI,,sei_microstructure_flow_paper_probe,sei_microstructure_flow_paper_probe; entry=0.050314000000; current=0.049820000000; current_source=hl_execution_context,paper_long,-98.18340820,,mark_loss,ready,280.00,keep or reject based on repeated labels and failure regime
lane-eth-crypto-equity-proxy-lead-short,symbol_lane,ETH,,crypto_equity_proxy_lead_short,crypto_equity_proxy_lead_short; entry=1668.900000000000; current=1687.400000000000; current_source=hl_execution_context,paper_short,-110.85145904,,mark_loss,ready,437.74,keep or reject based on repeated labels and failure regime
lane-eth-exchange-beta-lead,symbol_lane,ETH,,exchange_beta_lead,exchange_beta_lead; entry=1668.900000000000; current=1687.400000000000; current_source=hl_execution_context,paper_short,-110.85145904,,mark_loss,ready,437.74,keep or reject based on repeated labels and failure regime
lane-eth-eth-20260619-short-dated-delta-hedge-check,symbol_lane,ETH,,eth_20260619_short_dated_delta_hedge_check,eth_20260619_short_dated_delta_hedge_check; entry=1668.900000000000; current=1687.400000000000; current_source=hl_execution_context,paper_short,-110.85145904,,mark_loss,ready,525.34,keep or reject based on repeated labels and failure regime
lane-eth-eth-20260612-short-dated-delta-hedge-check,symbol_lane,ETH,,eth_20260612_short_dated_delta_hedge_check,eth_20260612_short_dated_delta_hedge_check; entry=1668.900000000000; current=1687.400000000000; current_source=hl_execution_context,paper_short,-110.85145904,,mark_loss,ready,437.74,keep or reject based on repeated labels and failure regime
lane-eth-eth-2466411-event-crypto-hedge,symbol_lane,ETH,,eth_2466411_event_crypto_hedge,eth_2466411_event_crypto_hedge; entry=1668.900000000000; current=1687.400000000000; current_source=hl_execution_context,paper_short,-110.85145904,,mark_loss,ready,520.66,keep or reject based on repeated labels and failure regime
repeat-repeat-paper-36-aave-event-pressure,second_repeat,AAVE,,aave_event_pressure_cluster,aave_event_pressure_cluster; entry=64.872000000000; current=64.106000000000; current_source=hyperliquid_snapshot,paper_long,-118.07867801,,mark_loss,ready,280.00,keep or reject based on repeated labels and failure regime
repeat-repeat-paper-03-sui-repeat-execution,second_repeat,SUI,,sui_okx_on_chain_flow_repeat_execution_gate,sui_okx_on_chain_flow_repeat_execution_gate; entry=0.770000000000; current=0.760690000000; current_source=hl_execution_context,paper_long,-120.90909091,,mark_loss,ready,280.00,keep or reject based on repeated labels and failure regime
repeat-repeat-paper-05-mega-microstructure-flow,second_repeat,MEGA,,mega_microstructure_flow_paper_probe,mega_microstructure_flow_paper_probe; entry=0.051591000000; current=0.050698000000; current_source=hl_execution_context,paper_long,-173.09220600,,mark_loss,ready,641.74,keep or reject based on repeated labels and failure regime
repeat-paper-05-hype-volume-dislocation,repeat,HYPE,,hype_volume_price_dislocation,hype_volume_price_dislocation; entry=64.689000000000; current=63.504000000000; current_source=hl_execution_context,paper_long,-183.18415805,,mark_loss,ready,306.55,keep or reject based on repeated labels and failure regime
repeat-paper-17-hype-policy-expansion,repeat,HYPE,,hype_hype_microstructure_flow_probe_from_near_microstructure_flow_paper_long,hype_hype_microstructure_flow_probe_from_near_microstructure_flow_paper_long; entry=64.689000000000; current=63.504000000000; current_source=hl_execution_context,paper_long,-183.18415805,,mark_loss,ready,306.55,keep or reject based on repeated labels and failure regime
repeat-paper-29-hype-policy-expansion,repeat,HYPE,,hype_hype_volume_price_dislocation_from_sol_volume_price_dislocation_paper_long,hype_hype_volume_price_dislocation_from_sol_volume_price_dislocation_paper_long; entry=64.689000000000; current=63.504000000000; current_source=hl_execution_context,paper_long,-183.18415805,,mark_loss,ready,306.55,keep or reject based on repeated labels and failure regime
repeat-paper-01-hype-policy-expansion,repeat,HYPE,,hype_hype_microstructure_flow_paper_probe_from_near_microstructure_flow_paper_long,hype_hype_microstructure_flow_paper_probe_from_near_microstructure_flow_paper_long; entry=64.689000000000; current=63.504000000000; current_source=hl_execution_context,paper_long,-183.18415805,,mark_loss,ready,306.55,keep or reject based on repeated labels and failure regime
repeat-lane-hype-hype-volume-price-dislocation,symbol_lane_repeat,HYPE,,hype_volume_price_dislocation,hype_volume_price_dislocation; entry=64.689000000000; current=63.504000000000; current_source=hl_execution_context,paper_long,-183.18415805,,mark_loss,ready,290.71,keep or reject based on repeated labels and failure regime
repeat-lane-hype-hype-attention-price-context,symbol_lane_repeat,HYPE,,hype_attention_price_context,hype_attention_price_context; entry=64.689000000000; current=63.504000000000; current_source=hl_execution_context,paper_long,-183.18415805,,mark_loss,ready,290.71,keep or reject based on repeated labels and failure regime
repeat-lane-hype-hype-microstructure-flow-paper-probe,symbol_lane_repeat,HYPE,,hype_microstructure_flow_paper_probe,hype_microstructure_flow_paper_probe; entry=64.689000000000; current=63.504000000000; current_source=hl_execution_context,paper_long,-183.18415805,,mark_loss,ready,290.71,keep or reject based on repeated labels and failure regime
repeat-lane-hype-hype-microstructure-flow-probe,symbol_lane_repeat,HYPE,,hype_microstructure_flow_probe,hype_microstructure_flow_probe; entry=64.689000000000; current=63.504000000000; current_source=hl_execution_context,paper_long,-183.18415805,,mark_loss,ready,290.71,keep or reject based on repeated labels and failure regime
lane-arb-arb-count-long-short-ratio-short-opposite-intraday-paper-label,symbol_lane,ARB,,arb_count_long_short_ratio_short_opposite_intraday_paper_label,arb_count_long_short_ratio_short_opposite_intraday_paper_label; entry=0.081820000000; current=0.083320000000; current_source=hl_execution_context,paper_short,-183.32925935,,mark_loss,ready,680.71,keep or reject based on repeated labels and failure regime
lane-arb-arb-count-top-long-short-ratio-short-opposite-intraday-paper-label,symbol_lane,ARB,,arb_count_top_long_short_ratio_short_opposite_intraday_paper_label,arb_count_top_long_short_ratio_short_opposite_intraday_paper_label; entry=0.081820000000; current=0.083320000000; current_source=hl_execution_context,paper_short,-183.32925935,,mark_loss,ready,680.71,keep or reject based on repeated labels and failure regime
lane-arb-arb-count-long-short-ratio-repeat-intraday-derivatives-feature,symbol_lane,ARB,,arb_count_long_short_ratio_repeat_intraday_derivatives_feature,arb_count_long_short_ratio_repeat_intraday_derivatives_feature; entry=0.081820000000; current=0.083320000000; current_source=hl_execution_context,paper_short,-183.32925935,,mark_loss,ready,680.71,keep or reject based on repeated labels and failure regime
lane-arb-arb-count-top-long-short-ratio-repeat-intraday-derivatives-feature,symbol_lane,ARB,,arb_count_top_long_short_ratio_repeat_intraday_derivatives_feature,arb_count_top_long_short_ratio_repeat_intraday_derivatives_feature; entry=0.081820000000; current=0.083320000000; current_source=hl_execution_context,paper_short,-183.32925935,,mark_loss,ready,680.71,keep or reject based on repeated labels and failure regime
lane-arb-arb-sum-top-long-short-ratio-repeat-intraday-derivatives-feature,symbol_lane,ARB,,arb_sum_top_long_short_ratio_repeat_intraday_derivatives_feature,arb_sum_top_long_short_ratio_repeat_intraday_derivatives_feature; entry=0.081820000000; current=0.083320000000; current_source=hl_execution_context,paper_short,-183.32925935,,mark_loss,ready,680.71,keep or reject based on repeated labels and failure regime
lane-arb-arb-count-long-short-ratio-long-preferred-short-opposite-intraday-paper-label,symbol_lane,ARB,,arb_count_long_short_ratio_long_preferred_short_opposite_intraday_paper_label,arb_count_long_short_ratio_long_preferred_short_opposite_intraday_paper_label; entry=0.081820000000; current=0.083320000000; current_source=hl_execution_context,paper_short,-183.32925935,,mark_loss,ready,680.71,keep or reject based on repeated labels and failure regime
lane-arb-arb-count-long-short-ratio-intraday-derivatives-feature,symbol_lane,ARB,,arb_count_long_short_ratio_intraday_derivatives_feature,arb_count_long_short_ratio_intraday_derivatives_feature; entry=0.081820000000; current=0.083320000000; current_source=hl_execution_context,paper_short,-183.32925935,,mark_loss,ready,680.71,keep or reject based on repeated labels and failure regime
lane-arb-arb-count-top-long-short-ratio-intraday-derivatives-feature,symbol_lane,ARB,,arb_count_top_long_short_ratio_intraday_derivatives_feature,arb_count_top_long_short_ratio_intraday_derivatives_feature; entry=0.081820000000; current=0.083320000000; current_source=hl_execution_context,paper_short,-183.32925935,,mark_loss,ready,680.71,keep or reject based on repeated labels and failure regime
lane-sol-sol-2466411-event-crypto-hedge,symbol_lane,SOL,,sol_2466411_event_crypto_hedge,sol_2466411_event_crypto_hedge; entry=66.248000000000; current=67.469000000000; current_source=hl_execution_context,paper_short,-184.30745079,,mark_loss,ready,520.66,keep or reject based on repeated labels and failure regime
paper-45-imx-derivatives-positioning,paper,IMX,,imx_oi_funding_crowding_watch,imx_oi_funding_crowding_watch; entry=0.143370000000; current=0.140440000000; current_source=hyperliquid_snapshot,paper_long,-204.36632489,,mark_loss,ready,206.47,keep or reject based on repeated labels and failure regime
paper-02-hype-policy-expansion,paper,HYPE,,hype_hype_volume_price_dislocation_from_sol_volume_price_dislocation_paper_long,hype_hype_volume_price_dislocation_from_sol_volume_price_dislocation_paper_long; entry=64.840000000000; current=63.504000000000; current_source=hl_execution_context,paper_long,-206.04565083,,mark_loss,ready,206.47,keep or reject based on repeated labels and failure regime
paper-07-hype-policy-expansion,paper,HYPE,,hype_hype_attention_price_context_from_zec_news_event_paper_long,hype_hype_attention_price_context_from_zec_news_event_paper_long; entry=64.840000000000; current=63.504000000000; current_source=hl_execution_context,paper_long,-206.04565083,,mark_loss,ready,206.47,keep or reject based on repeated labels and failure regime
paper-15-hype-policy-expansion,paper,HYPE,,hype_hype_attention_price_context_from_news_event_paper_long,hype_hype_attention_price_context_from_news_event_paper_long; entry=64.840000000000; current=63.504000000000; current_source=hl_execution_context,paper_long,-206.04565083,,mark_loss,ready,206.47,keep or reject based on repeated labels and failure regime
paper-19-hype-policy-expansion,paper,HYPE,,hype_hype_volume_price_dislocation_from_volume_price_dislocation_paper_long,hype_hype_volume_price_dislocation_from_volume_price_dislocation_paper_long; entry=64.840000000000; current=63.504000000000; current_source=hl_execution_context,paper_long,-206.04565083,,mark_loss,ready,206.47,keep or reject based on repeated labels and failure regime
paper-34-hype-event-pressure,paper,HYPE,,hype_event_pressure_cluster,hype_event_pressure_cluster; entry=64.840000000000; current=63.504000000000; current_source=hl_execution_context,paper_long,-206.04565083,,mark_loss,ready,206.47,keep or reject based on repeated labels and failure regime
paper-58-hype-attention-event,paper,HYPE,,hype_attention_price_context,hype_attention_price_context; entry=64.840000000000; current=63.504000000000; current_source=hl_execution_context,paper_long,-206.04565083,,mark_loss,ready,206.47,keep or reject based on repeated labels and failure regime
repeat-paper-05-hype-policy-expansion,repeat,HYPE,,hype_hype_microstructure_flow_probe_from_bera_microstructure_flow_paper_long,hype_hype_microstructure_flow_probe_from_bera_microstructure_flow_paper_long; entry=64.840000000000; current=63.504000000000; current_source=hl_execution_context,paper_long,-206.04565083,,mark_loss,ready,280.02,keep or reject based on repeated labels and failure regime
repeat-paper-09-hype-policy-expansion,repeat,HYPE,,hype_hype_microstructure_flow_paper_probe_from_chip_microstructure_flow_paper_long,hype_hype_microstructure_flow_paper_probe_from_chip_microstructure_flow_paper_long; entry=64.840000000000; current=63.504000000000; current_source=hl_execution_context,paper_long,-206.04565083,,mark_loss,ready,280.02,keep or reject based on repeated labels and failure regime
repeat-paper-14-hype-policy-expansion,repeat,HYPE,,hype_hype_volume_price_dislocation_from_volume_price_dislocation_paper_long,hype_hype_volume_price_dislocation_from_volume_price_dislocation_paper_long; entry=64.840000000000; current=63.504000000000; current_source=hl_execution_context,paper_long,-206.04565083,,mark_loss,ready,280.02,keep or reject based on repeated labels and failure regime
repeat-paper-24-hype-policy-expansion,repeat,HYPE,,hype_hype_microstructure_flow_probe_from_microstructure_flow_paper_long,hype_hype_microstructure_flow_probe_from_microstructure_flow_paper_long; entry=64.840000000000; current=63.504000000000; current_source=hl_execution_context,paper_long,-206.04565083,,mark_loss,ready,280.02,keep or reject based on repeated labels and failure regime
repeat-paper-27-hype-policy-expansion,repeat,HYPE,,hype_hype_microstructure_flow_probe_from_chip_microstructure_flow_paper_long,hype_hype_microstructure_flow_probe_from_chip_microstructure_flow_paper_long; entry=64.840000000000; current=63.504000000000; current_source=hl_execution_context,paper_long,-206.04565083,,mark_loss,ready,280.02,keep or reject based on repeated labels and failure regime
repeat-paper-30-hype-policy-expansion,repeat,HYPE,,hype_hype_microstructure_flow_paper_probe_from_mon_microstructure_flow_paper_long,hype_hype_microstructure_flow_paper_probe_from_mon_microstructure_flow_paper_long; entry=64.840000000000; current=63.504000000000; current_source=hl_execution_context,paper_long,-206.04565083,,mark_loss,ready,280.02,keep or reject based on repeated labels and failure regime
repeat-paper-03-hype-policy-expansion,repeat,HYPE,,hype_hype_volume_price_dislocation_from_sol_volume_price_dislocation_paper_long,hype_hype_volume_price_dislocation_from_sol_volume_price_dislocation_paper_long; entry=64.840000000000; current=63.504000000000; current_source=hl_execution_context,paper_long,-206.04565083,,mark_loss,ready,280.02,keep or reject based on repeated labels and failure regime
repeat-paper-06-hype-policy-expansion,repeat,HYPE,,hype_hype_microstructure_flow_paper_probe_from_microstructure_flow_paper_long,hype_hype_microstructure_flow_paper_probe_from_microstructure_flow_paper_long; entry=64.840000000000; current=63.504000000000; current_source=hl_execution_context,paper_long,-206.04565083,,mark_loss,ready,280.02,keep or reject based on repeated labels and failure regime
repeat-repeat-paper-05-hype-volume-dislocation,second_repeat,HYPE,,hype_volume_price_dislocation,hype_volume_price_dislocation; entry=64.840000000000; current=63.504000000000; current_source=hl_execution_context,paper_long,-206.04565083,,mark_loss,ready,280.00,keep or reject based on repeated labels and failure regime
repeat-repeat-paper-17-hype-policy-expansion,second_repeat,HYPE,,hype_hype_microstructure_flow_probe_from_near_microstructure_flow_paper_long,hype_hype_microstructure_flow_probe_from_near_microstructure_flow_paper_long; entry=64.840000000000; current=63.504000000000; current_source=hl_execution_context,paper_long,-206.04565083,,mark_loss,ready,280.00,keep or reject based on repeated labels and failure regime
repeat-repeat-paper-29-hype-policy-expansion,second_repeat,HYPE,,hype_hype_volume_price_dislocation_from_sol_volume_price_dislocation_paper_long,hype_hype_volume_price_dislocation_from_sol_volume_price_dislocation_paper_long; entry=64.840000000000; current=63.504000000000; current_source=hl_execution_context,paper_long,-206.04565083,,mark_loss,ready,280.00,keep or reject based on repeated labels and failure regime
repeat-repeat-paper-01-hype-policy-expansion,second_repeat,HYPE,,hype_hype_microstructure_flow_paper_probe_from_near_microstructure_flow_paper_long,hype_hype_microstructure_flow_paper_probe_from_near_microstructure_flow_paper_long; entry=64.840000000000; current=63.504000000000; current_source=hl_execution_context,paper_long,-206.04565083,,mark_loss,ready,280.00,keep or reject based on repeated labels and failure regime
lane-hype-hype-taker-small-execution-edge,symbol_lane,HYPE,,hype_taker_small_execution_edge,hype_taker_small_execution_edge; entry=64.840000000000; current=63.504000000000; current_source=hl_execution_context,paper_long,-206.04565083,,mark_loss,ready,280.01,keep or reject based on repeated labels and failure regime
lane-hype-hype-event-pressure-cluster,symbol_lane,HYPE,,hype_event_pressure_cluster,hype_event_pressure_cluster; entry=64.840000000000; current=63.504000000000; current_source=hl_execution_context,paper_long,-206.04565083,,mark_loss,ready,276.58,keep or reject based on repeated labels and failure regime
lane-near-near-sum-top-long-short-ratio-intraday-derivatives-feature,symbol_lane,NEAR,,near_sum_top_long_short_ratio_intraday_derivatives_feature,near_sum_top_long_short_ratio_intraday_derivatives_feature; entry=2.149300000000; current=2.194100000000; current_source=hl_execution_context,paper_short,-208.43995720,,mark_loss,ready,680.71,keep or reject based on repeated labels and failure regime
lane-near-near-count-long-short-ratio-intraday-derivatives-feature,symbol_lane,NEAR,,near_count_long_short_ratio_intraday_derivatives_feature,near_count_long_short_ratio_intraday_derivatives_feature; entry=2.149300000000; current=2.194100000000; current_source=hl_execution_context,paper_short,-208.43995720,,mark_loss,ready,680.71,keep or reject based on repeated labels and failure regime
lane-near-near-count-top-long-short-ratio-intraday-derivatives-feature,symbol_lane,NEAR,,near_count_top_long_short_ratio_intraday_derivatives_feature,near_count_top_long_short_ratio_intraday_derivatives_feature; entry=2.149300000000; current=2.194100000000; current_source=hl_execution_context,paper_short,-208.43995720,,mark_loss,ready,680.71,keep or reject based on repeated labels and failure regime
lane-near-near-mean-sum-top-long-short-ratio-binance-derivatives-symbol-feature,symbol_lane,NEAR,,near_mean_sum_top_long_short_ratio_binance_derivatives_symbol_feature,near_mean_sum_top_long_short_ratio_binance_derivatives_symbol_feature; entry=2.149300000000; current=2.194100000000; current_source=hl_execution_context,paper_short,-208.43995720,,mark_loss,ready,680.71,keep or reject based on repeated labels and failure regime
repeat-lane-near-near-sum-top-long-short-ratio-intraday-derivatives-feature,symbol_lane_repeat,NEAR,,near_sum_top_long_short_ratio_intraday_derivatives_feature,near_sum_top_long_short_ratio_intraday_derivatives_feature; entry=2.142700000000; current=2.194100000000; current_source=hl_execution_context,paper_short,-239.88425818,,mark_loss,ready,290.71,keep or reject based on repeated labels and failure regime
repeat-lane-near-near-count-long-short-ratio-intraday-derivatives-feature,symbol_lane_repeat,NEAR,,near_count_long_short_ratio_intraday_derivatives_feature,near_count_long_short_ratio_intraday_derivatives_feature; entry=2.142700000000; current=2.194100000000; current_source=hl_execution_context,paper_short,-239.88425818,,mark_loss,ready,290.71,keep or reject based on repeated labels and failure regime
repeat-lane-near-near-count-top-long-short-ratio-intraday-derivatives-feature,symbol_lane_repeat,NEAR,,near_count_top_long_short_ratio_intraday_derivatives_feature,near_count_top_long_short_ratio_intraday_derivatives_feature; entry=2.142700000000; current=2.194100000000; current_source=hl_execution_context,paper_short,-239.88425818,,mark_loss,ready,290.71,keep or reject based on repeated labels and failure regime
repeat-lane-arb-arb-count-long-short-ratio-short-opposite-intraday-paper-label,symbol_lane_repeat,ARB,,arb_count_long_short_ratio_short_opposite_intraday_paper_label,arb_count_long_short_ratio_short_opposite_intraday_paper_label; entry=0.081200000000; current=0.083320000000; current_source=hl_execution_context,paper_short,-261.08374384,,mark_loss,ready,662.18,keep or reject based on repeated labels and failure regime
repeat-lane-arb-arb-count-top-long-short-ratio-short-opposite-intraday-paper-label,symbol_lane_repeat,ARB,,arb_count_top_long_short_ratio_short_opposite_intraday_paper_label,arb_count_top_long_short_ratio_short_opposite_intraday_paper_label; entry=0.081200000000; current=0.083320000000; current_source=hl_execution_context,paper_short,-261.08374384,,mark_loss,ready,662.18,keep or reject based on repeated labels and failure regime
repeat-lane-arb-arb-count-long-short-ratio-repeat-intraday-derivatives-feature,symbol_lane_repeat,ARB,,arb_count_long_short_ratio_repeat_intraday_derivatives_feature,arb_count_long_short_ratio_repeat_intraday_derivatives_feature; entry=0.081200000000; current=0.083320000000; current_source=hl_execution_context,paper_short,-261.08374384,,mark_loss,ready,662.18,keep or reject based on repeated labels and failure regime
repeat-lane-arb-arb-count-top-long-short-ratio-repeat-intraday-derivatives-feature,symbol_lane_repeat,ARB,,arb_count_top_long_short_ratio_repeat_intraday_derivatives_feature,arb_count_top_long_short_ratio_repeat_intraday_derivatives_feature; entry=0.081200000000; current=0.083320000000; current_source=hl_execution_context,paper_short,-261.08374384,,mark_loss,ready,662.18,keep or reject based on repeated labels and failure regime
repeat-lane-arb-arb-sum-top-long-short-ratio-repeat-intraday-derivatives-feature,symbol_lane_repeat,ARB,,arb_sum_top_long_short_ratio_repeat_intraday_derivatives_feature,arb_sum_top_long_short_ratio_repeat_intraday_derivatives_feature; entry=0.081200000000; current=0.083320000000; current_source=hl_execution_context,paper_short,-261.08374384,,mark_loss,ready,662.18,keep or reject based on repeated labels and failure regime
repeat-lane-arb-arb-count-long-short-ratio-long-preferred-short-opposite-intraday-paper-label,symbol_lane_repeat,ARB,,arb_count_long_short_ratio_long_preferred_short_opposite_intraday_paper_label,arb_count_long_short_ratio_long_preferred_short_opposite_intraday_paper_label; entry=0.081200000000; current=0.083320000000; current_source=hl_execution_context,paper_short,-261.08374384,,mark_loss,ready,662.18,keep or reject based on repeated labels and failure regime
lane-sol-sol-usdt-coinup.io-(futures)-positioning,symbol_lane,SOL,,sol-usdt_coinup.io_(futures)_positioning,sol-usdt_coinup.io_(futures)_positioning; entry=65.711000000000; current=67.469000000000; current_source=hl_execution_context,paper_short,-267.53511589,,mark_loss,ready,680.71,keep or reject based on repeated labels and failure regime
lane-sol-sol-protocol-fee-actionability,symbol_lane,SOL,,sol_protocol_fee_actionability,sol_protocol_fee_actionability; entry=65.711000000000; current=67.469000000000; current_source=hl_execution_context,paper_short,-267.53511589,,mark_loss,ready,680.71,keep or reject based on repeated labels and failure regime
lane-hype-hype-protocol-fee-growth,symbol_lane,HYPE,,hype_protocol_fee_growth,hype_protocol_fee_growth; entry=61.605000000000; current=63.504000000000; current_source=hl_execution_context,paper_short,-308.25420015,,mark_loss,ready,698.03,keep or reject based on repeated labels and failure regime
lane-hype-hype-unlock-actionability,symbol_lane,HYPE,,hype_unlock_actionability,hype_unlock_actionability; entry=61.605000000000; current=63.504000000000; current_source=hl_execution_context,paper_short,-308.25420015,,mark_loss,ready,698.03,keep or reject based on repeated labels and failure regime
lane-hype-hype-protocol-fee-actionability,symbol_lane,HYPE,,hype_protocol_fee_actionability,hype_protocol_fee_actionability; entry=61.605000000000; current=63.504000000000; current_source=hl_execution_context,paper_short,-308.25420015,,mark_loss,ready,698.03,keep or reject based on repeated labels and failure regime
paper-41-purr-derivatives-positioning,paper,PURR,,purr_oi_funding_crowding_watch,purr_oi_funding_crowding_watch; entry=0.101570000000; current=0.098402000000; current_source=hyperliquid_snapshot,paper_long,-311.90312100,,mark_loss,ready,206.47,keep or reject based on repeated labels and failure regime
repeat-lane-sol-sol-usdt-coinup.io-(futures)-positioning,symbol_lane_repeat,SOL,,sol-usdt_coinup.io_(futures)_positioning,sol-usdt_coinup.io_(futures)_positioning; entry=65.420000000000; current=67.469000000000; current_source=hl_execution_context,paper_short,-313.20697035,,mark_loss,ready,662.18,keep or reject based on repeated labels and failure regime
repeat-repeat-paper-20-mon-microstructure-flow,second_repeat,MON,,mon_microstructure_flow_paper_probe,mon_microstructure_flow_paper_probe; entry=0.022381000000; current=0.021677000000; current_source=hl_execution_context,paper_long,-314.55252223,,mark_loss,ready,304.62,keep or reject based on repeated labels and failure regime
lane-hype-hype-maker-or-low-fee-small-execution-edge,symbol_lane,HYPE,,hype_maker_or_low_fee_small_execution_edge,hype_maker_or_low_fee_small_execution_edge; entry=61.478000000000; current=63.504000000000; current_source=hl_execution_context,paper_short,-329.54878168,,mark_loss,ready,452.99,keep or reject based on repeated labels and failure regime
lane-hype-public-hypertracker-example-hype-wallet-flow-actionability,symbol_lane,HYPE,,public_hypertracker_example_hype_wallet_flow_actionability,public_hypertracker_example_hype_wallet_flow_actionability; entry=61.478000000000; current=63.504000000000; current_source=hl_execution_context,paper_short,-329.54878168,,mark_loss,ready,452.99,keep or reject based on repeated labels and failure regime
repeat-lane-hype-hype-protocol-fee-actionability,symbol_lane_repeat,HYPE,,hype_protocol_fee_actionability,hype_protocol_fee_actionability; entry=61.478000000000; current=63.504000000000; current_source=hl_execution_context,paper_short,-329.54878168,,mark_loss,ready,452.98,keep or reject based on repeated labels and failure regime
repeat-paper-50-hype-token-unlock,repeat,HYPE,,hype_unlock_actionability,hype_unlock_actionability; entry=61.425000000000; current=63.504000000000; current_source=hl_execution_context,paper_short,-338.46153846,,mark_loss,ready,598.82,keep or reject based on repeated labels and failure regime
lane-zec-zec-perp-whitebit-futures-positioning,symbol_lane,ZEC,,zec_perp_whitebit_futures_positioning,zec_perp_whitebit_futures_positioning; entry=442.700000000000; current=457.880000000000; current_source=hyperliquid_snapshot,paper_short,-342.89586628,,mark_loss,ready,276.58,keep or reject based on repeated labels and failure regime
repeat-lane-near-near-mean-sum-top-long-short-ratio-binance-derivatives-symbol-feature,symbol_lane_repeat,NEAR,,near_mean_sum_top_long_short_ratio_binance_derivatives_symbol_feature,near_mean_sum_top_long_short_ratio_binance_derivatives_symbol_feature; entry=2.119200000000; current=2.194100000000; current_source=hl_execution_context,paper_short,-353.43525859,,mark_loss,ready,662.18,keep or reject based on repeated labels and failure regime
repeat-lane-hype-hype-protocol-fee-growth,symbol_lane_repeat,HYPE,,hype_protocol_fee_growth,hype_protocol_fee_growth; entry=61.248000000000; current=63.504000000000; current_source=hl_execution_context,paper_short,-368.33855799,,mark_loss,ready,662.18,keep or reject based on repeated labels and failure regime
repeat-lane-hype-hype-unlock-actionability,symbol_lane_repeat,HYPE,,hype_unlock_actionability,hype_unlock_actionability; entry=61.248000000000; current=63.504000000000; current_source=hl_execution_context,paper_short,-368.33855799,,mark_loss,ready,662.18,keep or reject based on repeated labels and failure regime
lane-zec-zec-crowded-momentum-reversal-actionability,symbol_lane,ZEC,,zec_crowded_momentum_reversal_actionability,zec_crowded_momentum_reversal_actionability; entry=427.410000000000; current=457.880000000000; current_source=hyperliquid_snapshot,paper_short,-712.89862193,,mark_loss,ready,551.99,keep or reject based on repeated labels and failure regime
paper-20-sol-cross-modal-source,paper,SOL,,sol_stablecoin_migration_cross_modal_source,sol_stablecoin_migration_cross_modal_source; entry=67.469000000000; current=67.469000000000; current_source=hl_execution_context,paper_long,,,pending,pending,0.01,wait for the first checkpoint and refresh marks
paper-24-eigen-volume-dislocation,paper,EIGEN,HL,eigen_volume_price_dislocation,eigen_volume_price_dislocation; entry=0.183800000000; current=0.183800000000; current_source=hyperliquid_snapshot,paper_long,,,pending,pending,0.01,wait for the first checkpoint and refresh marks
paper-26-zec-event-pressure,paper,ZEC,,zec_event_pressure_cluster,zec_event_pressure_cluster; entry=457.880000000000; current=457.880000000000; current_source=hyperliquid_snapshot,paper_long,,,pending,pending,0.01,wait for the first checkpoint and refresh marks
paper-28-eth-public-treasury,paper,ETH,,eth_public_treasury_flow,eth_public_treasury_flow; entry=1687.400000000000; current=1687.400000000000; current_source=hl_execution_context,paper_long,,,pending,pending,0.01,wait for the first checkpoint and refresh marks
paper-31-layer-derivatives-positioning,paper,LAYER,,layer_hlperp_cash_or_spot_proxy_funding,layer_hlperp_cash_or_spot_proxy_funding; entry=0.068855000000; current=0.077803000000; current_source=hyperliquid_snapshot,paper_observe,,,context_only,ready,206.47,record the context move only; do not promote without a directional ticket
paper-32-btc-event-crypto-hedge,paper,BTC,prediction_market,btc_1962237_event_crypto_hedge,btc_1962237_event_crypto_hedge; entry=63490.000000000000; current=63490.000000000000; current_source=hl_execution_context,paper_long,,,pending,pending,0.01,wait for the first checkpoint and refresh marks
paper-33-eth-event-crypto-hedge,paper,ETH,prediction_market,eth_1962237_event_crypto_hedge,eth_1962237_event_crypto_hedge; entry=1687.400000000000; current=1687.400000000000; current_source=hl_execution_context,paper_long,,,pending,pending,0.01,wait for the first checkpoint and refresh marks
paper-35-sol-event-crypto-hedge,paper,SOL,prediction_market,sol_1962237_event_crypto_hedge,sol_1962237_event_crypto_hedge; entry=67.469000000000; current=67.469000000000; current_source=hl_execution_context,paper_long,,,pending,pending,0.01,wait for the first checkpoint and refresh marks
paper-36-near-event-pressure,paper,NEAR,,near_event_pressure_cluster,near_event_pressure_cluster; entry=2.194100000000; current=2.194100000000; current_source=hl_execution_context,paper_long,,,pending,pending,0.01,wait for the first checkpoint and refresh marks
paper-38-crypto-crypto-equity-proxy,paper,CRYPTO,,crypto_equity_proxy_lead_short,crypto_equity_proxy_lead_short; entry=; current=; current_source=,paper_short,,,missing_mark,ready,206.47,fill missing current mark before judging the ticket
paper-39-exchange-crypto-equity-proxy,paper,EXCHANGE,,exchange_beta_lead,exchange_beta_lead; entry=; current=; current_source=,paper_short,,,missing_mark,ready,206.47,fill missing current mark before judging the ticket
paper-40-hype-stablecoin-migration,paper,HYPE,,hyperliquid_l1_stablecoin_migration,hyperliquid_l1_stablecoin_migration; entry=63.504000000000; current=63.504000000000; current_source=hl_execution_context,paper_long,,,pending,pending,0.01,wait for the first checkpoint and refresh marks
paper-42-usdc-defi-lending,paper,USDC,,ethereum_usdc_msy_lending_actionability,ethereum_usdc_msy_lending_actionability; entry=; current=; current_source=,paper_observe,,,context_only,ready,206.47,fill missing current mark before judging the ticket
paper-44-btc-public-treasury,paper,BTC,,btc_public_treasury_flow,btc_public_treasury_flow; entry=64034.000000000000; current=63490.000000000000; current_source=hl_execution_context,paper_observe,,,context_only,ready,206.47,record the context move only; do not promote without a directional ticket
paper-47-near-derivatives-positioning,paper,NEAR,,near_oi_funding_crowding_watch,near_oi_funding_crowding_watch; entry=2.194100000000; current=2.194100000000; current_source=hl_execution_context,paper_long,,,pending,pending,0.01,wait for the first checkpoint and refresh marks
paper-49-hmstr-sector-rotation,paper,HMSTR,,hmstr_arcade_games_sector_rotation_context,hmstr_arcade_games_sector_rotation_context; entry=0.000165000000; current=0.000165000000; current_source=hyperliquid_snapshot,paper_long,,,pending,pending,0.01,wait for the first checkpoint and refresh marks
paper-50-eth-eth-treasury-proxy,paper,ETH,,eth_treasury_proxy_lead,eth_treasury_proxy_lead; entry=1697.300000000000; current=1687.400000000000; current_source=hl_execution_context,paper_observe,,,context_only,ready,206.47,record the context move only; do not promote without a directional ticket
paper-53-near-attention-event,paper,NEAR,,near_attention_price_context,near_attention_price_context; entry=2.194100000000; current=2.194100000000; current_source=hl_execution_context,paper_long,,,pending,pending,0.01,wait for the first checkpoint and refresh marks
paper-55-aptos-stablecoin-migration,paper,APTOS,,aptos_stablecoin_migration,aptos_stablecoin_migration; entry=; current=; current_source=,paper_observe,,,context_only,ready,0.01,fill missing current mark before judging the ticket
paper-56-ethereum-defi-yield,paper,ETHEREUM,,ethereum_mainstreet_msusd_yield_peg,ethereum_mainstreet_msusd_yield_peg; entry=; current=; current_source=,paper_observe,,,context_only,ready,206.47,fill missing current mark before judging the ticket
paper-57-arbitrum-defi-yield,paper,ARBITRUM,,arbitrum_usd-ai_susdai_yield_peg,arbitrum_usd-ai_susdai_yield_peg; entry=; current=; current_source=,paper_observe,,,context_only,ready,0.01,fill missing current mark before judging the ticket
paper-58-ethereum-defi-yield,paper,ETHEREUM,,ethereum_ethena-usde_susde_yield_peg,ethereum_ethena-usde_susde_yield_peg; entry=; current=; current_source=,paper_observe,,,context_only,ready,206.47,fill missing current mark before judging the ticket
paper-59-bsc-defi-yield,paper,BSC,,bsc_unitas_susdu_yield_peg,bsc_unitas_susdu_yield_peg; entry=; current=; current_source=,paper_observe,,,context_only,ready,206.47,fill missing current mark before judging the ticket
paper-60-zec-sector-rotation,paper,ZEC,,zec_privacy_sector_rotation_context,zec_privacy_sector_rotation_context; entry=457.880000000000; current=457.880000000000; current_source=hyperliquid_snapshot,paper_long,,,pending,pending,0.01,wait for the first checkpoint and refresh marks
paper-61-zec-sector-rotation,paper,ZEC,,zec_quantum_resistant_sector_rotation_context,zec_quantum_resistant_sector_rotation_context; entry=457.880000000000; current=457.880000000000; current_source=hyperliquid_snapshot,paper_long,,,pending,pending,0.01,wait for the first checkpoint and refresh marks
paper-62-eth-cross-modal-context,paper,ETH,OKX,eth_cross_modal_context,eth_cross_modal_context; entry=1697.990000000000; current=1687.660000000000; current_source=okx_execution_context,paper_observe,,,context_only,ready,206.47,record the context move only; do not promote without a directional ticket
paper-63-sol-cross-modal-context,paper,SOL,OKX,sol_cross_modal_context,sol_cross_modal_context; entry=67.450000000000; current=67.450000000000; current_source=okx_execution_context,paper_long,,,pending,pending,0.01,wait for the first checkpoint and refresh marks
paper-64-zec-sector-rotation,paper,ZEC,,zec_privacy_coins_sector_rotation_context,zec_privacy_coins_sector_rotation_context; entry=457.880000000000; current=457.880000000000; current_source=hyperliquid_snapshot,paper_long,,,pending,pending,0.01,wait for the first checkpoint and refresh marks
paper-65-btc-cross-modal-context,paper,BTC,OKX,btc_cross_modal_context,btc_cross_modal_context; entry=64063.699999999997; current=63488.699999999997; current_source=okx_execution_context,paper_observe,,,context_only,ready,206.47,record the context move only; do not promote without a directional ticket
paper-66-go-dex-pool-flow,paper,GO,,solana_go_sol_dex_pool,solana_go_sol_dex_pool; entry=; current=; current_source=,paper_observe,,,pending,pending,0.01,wait for the first checkpoint and refresh marks
paper-67-parq-dex-pool-flow,paper,PARQ,,solana_parq_usdc_dex_pool,solana_parq_usdc_dex_pool; entry=; current=; current_source=,paper_observe,,,pending,pending,0.01,wait for the first checkpoint and refresh marks
paper-68-zec-attention-event,paper,ZEC,,zec_attention_funding_overlap,zec_attention_funding_overlap; entry=457.880000000000; current=457.880000000000; current_source=hyperliquid_snapshot,paper_observe,,,pending,pending,0.01,wait for the first checkpoint and refresh marks
paper-69-btc-event-crypto-hedge,paper,BTC,prediction_market,btc_2296152_event_crypto_hedge,btc_2296152_event_crypto_hedge; entry=63490.000000000000; current=63490.000000000000; current_source=hl_execution_context,paper_short,,,pending,pending,0.01,wait for the first checkpoint and refresh marks
paper-71-usdy-stablecoin-peg,paper,USDY,,usdy_peg_anomaly_tradeability,usdy_peg_anomaly_tradeability; entry=; current=; current_source=,paper_observe,,,context_only,ready,206.47,fill missing current mark before judging the ticket
paper-72-bountywork-dex-pool-flow,paper,BOUNTYWORK,,solana_bountywork_sol_dex_pool,solana_bountywork_sol_dex_pool; entry=; current=; current_source=,paper_observe,,,pending,pending,0.01,wait for the first checkpoint and refresh marks
paper-73-usyc-stablecoin-peg,paper,USYC,,usyc_peg_anomaly_tradeability,usyc_peg_anomaly_tradeability; entry=; current=; current_source=,paper_observe,,,context_only,ready,206.47,fill missing current mark before judging the ticket
paper-74-hype-cross-modal-context,paper,HYPE,,hype_cross_modal_context,hype_cross_modal_context; entry=63.504000000000; current=63.504000000000; current_source=hl_execution_context,paper_observe,,,context_only,ready,0.01,record the context move only; do not promote without a directional ticket
paper-75-reusd-stablecoin-peg,paper,reUSD,,reusd_peg_anomaly_tradeability,reusd_peg_anomaly_tradeability; entry=; current=; current_source=,paper_observe,,,context_only,ready,0.01,fill missing current mark before judging the ticket
paper-76-worldcup-dex-pool-flow,paper,WORLDCUP,,solana_worldcup_sol_dex_pool,solana_worldcup_sol_dex_pool; entry=; current=; current_source=,paper_observe,,,pending,pending,0.01,wait for the first checkpoint and refresh marks
paper-77-apxusd-stablecoin-peg,paper,apxUSD,,apxusd_peg_anomaly_tradeability,apxusd_peg_anomaly_tradeability; entry=; current=; current_source=,paper_observe,,,context_only,ready,0.01,fill missing current mark before judging the ticket
paper-78-zec-protocol-activity,paper,ZEC,,zec_protocol_activity_context,zec_protocol_activity_context; entry=442.700000000000; current=457.880000000000; current_source=hyperliquid_snapshot,paper_observe,,,context_only,ready,206.47,record the context move only; do not promote without a directional ticket
paper-79-near-protocol-activity,paper,NEAR,,near_protocol_activity_context,near_protocol_activity_context; entry=2.194100000000; current=2.194100000000; current_source=hl_execution_context,paper_observe,,,context_only,ready,0.01,record the context move only; do not promote without a directional ticket
paper-80-miner-crypto-equity-proxy,paper,MINER,,miner_stress_vs_btc,miner_stress_vs_btc; entry=; current=; current_source=,paper_observe,,,context_only,ready,206.47,fill missing current mark before judging the ticket
paper-29-event-event-probability,paper,EVENT,prediction_market,event_probability_actionability,event_probability_actionability; entry=0.110000; current=; current_source=,paper_long,,,missing_mark,ready,206.47,fill missing current mark before judging the ticket
repeat-paper-11-zec-policy-expansion,repeat,ZEC,,zec_zec_institutional_flow_news_event_from_news_event_paper_long,zec_zec_institutional_flow_news_event_from_news_event_paper_long; entry=457.880000000000; current=457.880000000000; current_source=hyperliquid_snapshot,paper_long,,,pending,pending,0.02,wait for the first checkpoint and refresh marks
repeat-paper-12-zec-policy-expansion,repeat,ZEC,,zec_zec_narrative_event_news_event_from_news_event_paper_long,zec_zec_narrative_event_news_event_from_news_event_paper_long; entry=457.880000000000; current=457.880000000000; current_source=hyperliquid_snapshot,paper_long,,,pending,pending,0.02,wait for the first checkpoint and refresh marks
repeat-paper-13-zec-cross-modal-source,repeat,ZEC,,zec_event_pressure_cross_modal_source,zec_event_pressure_cross_modal_source; entry=457.880000000000; current=457.880000000000; current_source=hyperliquid_snapshot,paper_long,,,pending,pending,0.02,wait for the first checkpoint and refresh marks
repeat-paper-14-zec-policy-expansion,repeat,ZEC,,zec_zec_attention_price_context_from_news_event_paper_long,zec_zec_attention_price_context_from_news_event_paper_long; entry=457.880000000000; current=457.880000000000; current_source=hyperliquid_snapshot,paper_long,,,pending,pending,0.02,wait for the first checkpoint and refresh marks
repeat-paper-17-zec-cross-modal-source,repeat,ZEC,,zec_wallet_flow_cross_modal_source,zec_wallet_flow_cross_modal_source; entry=457.880000000000; current=457.880000000000; current_source=hyperliquid_snapshot,paper_long,,,pending,pending,0.02,wait for the first checkpoint and refresh marks
repeat-paper-29-zec-wallet-entity-flow,repeat,ZEC,,public_hypertracker_example_zec_wallet_flow_actionability,public_hypertracker_example_zec_wallet_flow_actionability; entry=457.880000000000; current=457.880000000000; current_source=hyperliquid_snapshot,paper_long,,,pending,pending,0.02,wait for the first checkpoint and refresh marks
repeat-paper-52-zec-attention-event,repeat,ZEC,,zec_attention_price_context,zec_attention_price_context; entry=457.880000000000; current=457.880000000000; current_source=hyperliquid_snapshot,paper_long,,,pending,pending,0.02,wait for the first checkpoint and refresh marks
repeat-paper-33-zec-sector-rotation,repeat,ZEC,,zec_privacy_sector_rotation_context,zec_privacy_sector_rotation_context; entry=457.880000000000; current=457.880000000000; current_source=hyperliquid_snapshot,paper_long,,,pending,pending,0.02,wait for the first checkpoint and refresh marks
repeat-paper-34-zec-sector-rotation,repeat,ZEC,,zec_quantum_resistant_sector_rotation_context,zec_quantum_resistant_sector_rotation_context; entry=457.880000000000; current=457.880000000000; current_source=hyperliquid_snapshot,paper_long,,,pending,pending,0.02,wait for the first checkpoint and refresh marks
repeat-paper-35-zec-sector-rotation,repeat,ZEC,,zec_zero_knowledge_zk_sector_rotation_context,zec_zero_knowledge_zk_sector_rotation_context; entry=457.880000000000; current=457.880000000000; current_source=hyperliquid_snapshot,paper_long,,,pending,pending,0.02,wait for the first checkpoint and refresh marks
repeat-paper-36-zec-sector-rotation,repeat,ZEC,,zec_privacy_coins_sector_rotation_context,zec_privacy_coins_sector_rotation_context; entry=457.880000000000; current=457.880000000000; current_source=hyperliquid_snapshot,paper_long,,,pending,pending,0.02,wait for the first checkpoint and refresh marks
repeat-paper-37-zec-event-pressure,repeat,ZEC,,zec_event_pressure_cluster,zec_event_pressure_cluster; entry=457.880000000000; current=457.880000000000; current_source=hyperliquid_snapshot,paper_long,,,pending,pending,0.02,wait for the first checkpoint and refresh marks
repeat-paper-76-zec-cross-modal-context,repeat,ZEC,,zec_cross_modal_context,zec_cross_modal_context; entry=457.880000000000; current=457.880000000000; current_source=hyperliquid_snapshot,paper_long,,,pending,pending,0.02,wait for the first checkpoint and refresh marks
repeat-paper-01-chip-policy-expansion,repeat,CHIP,,chip_chip_okx_exchange_catalyst_repeat_execution_gate_from_repeat_execution_paper_long,chip_chip_okx_exchange_catalyst_repeat_execution_gate_from_repeat_execution_paper_long; entry=0.033584000000; current=0.033584000000; current_source=hl_execution_context,paper_long,,,pending,pending,0.02,wait for the first checkpoint and refresh marks
repeat-paper-06-chip-policy-expansion,repeat,CHIP,,chip_chip_okx_exchange_catalyst_repeat_execution_gate_from_sui_repeat_execution_paper_long,chip_chip_okx_exchange_catalyst_repeat_execution_gate_from_sui_repeat_execution_paper_long; entry=0.033584000000; current=0.033584000000; current_source=hl_execution_context,paper_long,,,pending,pending,0.02,wait for the first checkpoint and refresh marks
repeat-paper-43-pol-stablecoin-migration,repeat,POL,,polygon_stablecoin_migration,polygon_stablecoin_migration; entry=0.078555000000; current=0.078555000000; current_source=hl_execution_context,paper_short,,,pending,pending,0.02,wait for the first checkpoint and refresh marks
repeat-paper-48-btc-basis-term-structure,repeat,BTC,,btc-25sep26_basis,btc-25sep26_basis; entry=63490.000000000000; current=63490.000000000000; current_source=hl_execution_context,paper_short,,,pending,pending,0.02,wait for the first checkpoint and refresh marks
repeat-paper-51-eth-basis-term-structure,repeat,ETH,,eth-26mar27_basis,eth-26mar27_basis; entry=1687.400000000000; current=1687.400000000000; current_source=hl_execution_context,paper_short,,,pending,pending,0.02,wait for the first checkpoint and refresh marks
repeat-paper-70-eth-wallet-entity-flow,repeat,ETH,,public_hypertracker_example_hyna_eth_wallet_flow_actionability,public_hypertracker_example_hyna_eth_wallet_flow_actionability; entry=1687.400000000000; current=1687.400000000000; current_source=hl_execution_context,paper_short,,,pending,pending,0.02,wait for the first checkpoint and refresh marks
repeat-paper-30-apt-wallet-entity-flow,repeat,APT,,public_hypertracker_example_apt_wallet_flow_actionability,public_hypertracker_example_apt_wallet_flow_actionability; entry=0.682000000000; current=0.682000000000; current_source=hl_execution_context,paper_long,,,pending,pending,0.02,wait for the first checkpoint and refresh marks
repeat-paper-27-pepe-liquidation-intensity,repeat,PEPE,,pepe_okx_liquidation_intensity_paper_gate,pepe_okx_liquidation_intensity_paper_gate; entry=0.000002783000; current=0.000000000000; current_source=hl_execution_context,paper_long,,,missing_mark,ready,622.80,fill missing current mark before judging the ticket
repeat-repeat-paper-19-zec-wallet-entity-flow,second_repeat,ZEC,,public_hypertracker_example_zec_wallet_flow_actionability,public_hypertracker_example_zec_wallet_flow_actionability; entry=457.880000000000; current=457.880000000000; current_source=hyperliquid_snapshot,paper_long,,,pending,pending,0.00,wait for the first checkpoint and refresh marks
repeat-repeat-paper-51-zec-attention-event,second_repeat,ZEC,,zec_attention_price_context,zec_attention_price_context; entry=457.880000000000; current=457.880000000000; current_source=hyperliquid_snapshot,paper_long,,,pending,pending,0.00,wait for the first checkpoint and refresh marks
repeat-repeat-paper-11-pump-volume-dislocation,second_repeat,PUMP,,pump_volume_price_dislocation,pump_volume_price_dislocation; entry=0.001647000000; current=0.001647000000; current_source=hyperliquid_snapshot,paper_long,,,pending,pending,0.00,wait for the first checkpoint and refresh marks
repeat-repeat-paper-10-xpl-volume-dislocation,second_repeat,XPL,,xpl_volume_price_dislocation,xpl_volume_price_dislocation; entry=0.072000000000; current=0.072000000000; current_source=hyperliquid_snapshot,paper_long,,,pending,pending,0.00,wait for the first checkpoint and refresh marks
repeat-repeat-paper-03-inj-policy-expansion,second_repeat,INJ,,inj_inj_volume_price_dislocation_from_sol_volume_price_dislocation_paper_long,inj_inj_volume_price_dislocation_from_sol_volume_price_dislocation_paper_long; entry=5.723500000000; current=5.723500000000; current_source=hyperliquid_snapshot,paper_long,,,pending,pending,0.00,wait for the first checkpoint and refresh marks
repeat-repeat-paper-13-inj-policy-expansion,second_repeat,INJ,,inj_inj_volume_price_dislocation_from_volume_price_dislocation_paper_long,inj_inj_volume_price_dislocation_from_volume_price_dislocation_paper_long; entry=5.723500000000; current=5.723500000000; current_source=hyperliquid_snapshot,paper_long,,,pending,pending,0.00,wait for the first checkpoint and refresh marks
repeat-repeat-paper-32-inj-policy-expansion,second_repeat,INJ,,inj_inj_volume_price_dislocation_from_fartcoin_volume_price_dislocation_paper_long,inj_inj_volume_price_dislocation_from_fartcoin_volume_price_dislocation_paper_long; entry=5.723500000000; current=5.723500000000; current_source=hyperliquid_snapshot,paper_long,,,pending,pending,0.00,wait for the first checkpoint and refresh marks
repeat-repeat-paper-04-inj-volume-dislocation,second_repeat,INJ,,inj_volume_price_dislocation,inj_volume_price_dislocation; entry=5.723500000000; current=5.723500000000; current_source=hyperliquid_snapshot,paper_long,,,pending,pending,0.00,wait for the first checkpoint and refresh marks
repeat-repeat-paper-27-inj-policy-expansion,second_repeat,INJ,,inj_inj_volume_price_dislocation_from_sol_volume_price_dislocation_paper_long,inj_inj_volume_price_dislocation_from_sol_volume_price_dislocation_paper_long; entry=5.723500000000; current=5.723500000000; current_source=hyperliquid_snapshot,paper_long,,,pending,pending,0.00,wait for the first checkpoint and refresh marks
repeat-repeat-paper-02-near-policy-expansion,second_repeat,NEAR,,near_near_microstructure_flow_paper_probe_from_bera_microstructure_flow_paper_long,near_near_microstructure_flow_paper_probe_from_bera_microstructure_flow_paper_long; entry=2.194100000000; current=2.194100000000; current_source=hl_execution_context,paper_long,,,pending,pending,0.00,wait for the first checkpoint and refresh marks
repeat-repeat-paper-06-near-policy-expansion,second_repeat,NEAR,,near_near_microstructure_flow_probe_from_bera_microstructure_flow_paper_long,near_near_microstructure_flow_probe_from_bera_microstructure_flow_paper_long; entry=2.194100000000; current=2.194100000000; current_source=hl_execution_context,paper_long,,,pending,pending,0.00,wait for the first checkpoint and refresh marks
repeat-repeat-paper-07-near-policy-expansion,second_repeat,NEAR,,near_near_microstructure_flow_paper_probe_from_microstructure_flow_paper_long,near_near_microstructure_flow_paper_probe_from_microstructure_flow_paper_long; entry=2.194100000000; current=2.194100000000; current_source=hl_execution_context,paper_long,,,pending,pending,0.00,wait for the first checkpoint and refresh marks
repeat-repeat-paper-12-near-policy-expansion,second_repeat,NEAR,,near_near_microstructure_flow_paper_probe_from_chip_microstructure_flow_paper_long,near_near_microstructure_flow_paper_probe_from_chip_microstructure_flow_paper_long; entry=2.194100000000; current=2.194100000000; current_source=hl_execution_context,paper_long,,,pending,pending,0.00,wait for the first checkpoint and refresh marks
repeat-repeat-paper-25-near-policy-expansion,second_repeat,NEAR,,near_near_microstructure_flow_probe_from_microstructure_flow_paper_long,near_near_microstructure_flow_probe_from_microstructure_flow_paper_long; entry=2.194100000000; current=2.194100000000; current_source=hl_execution_context,paper_long,,,pending,pending,0.00,wait for the first checkpoint and refresh marks
repeat-repeat-paper-28-near-policy-expansion,second_repeat,NEAR,,near_near_microstructure_flow_probe_from_chip_microstructure_flow_paper_long,near_near_microstructure_flow_probe_from_chip_microstructure_flow_paper_long; entry=2.194100000000; current=2.194100000000; current_source=hl_execution_context,paper_long,,,pending,pending,0.00,wait for the first checkpoint and refresh marks
repeat-repeat-paper-31-near-policy-expansion,second_repeat,NEAR,,near_near_microstructure_flow_paper_probe_from_mon_microstructure_flow_paper_long,near_near_microstructure_flow_paper_probe_from_mon_microstructure_flow_paper_long; entry=2.194100000000; current=2.194100000000; current_source=hl_execution_context,paper_long,,,pending,pending,0.00,wait for the first checkpoint and refresh marks
repeat-repeat-paper-36-near-derivatives-positioning,second_repeat,NEAR,,near_oi_funding_crowding_watch,near_oi_funding_crowding_watch; entry=2.194100000000; current=2.194100000000; current_source=hl_execution_context,paper_long,,,pending,pending,0.00,wait for the first checkpoint and refresh marks
repeat-repeat-paper-18-near-microstructure-flow,second_repeat,NEAR,,near_microstructure_flow_paper_probe,near_microstructure_flow_paper_probe; entry=2.194100000000; current=2.194100000000; current_source=hl_execution_context,paper_long,,,pending,pending,0.00,wait for the first checkpoint and refresh marks
repeat-repeat-paper-20-apt-wallet-entity-flow,second_repeat,APT,,public_hypertracker_example_apt_wallet_flow_actionability,public_hypertracker_example_apt_wallet_flow_actionability; entry=0.682000000000; current=0.682000000000; current_source=hl_execution_context,paper_long,,,pending,pending,0.00,wait for the first checkpoint and refresh marks
lane-hype-hype-attention-funding-overlap,symbol_lane,HYPE,,hype_attention_funding_overlap,hype_attention_funding_overlap; entry=64.840000000000; current=63.504000000000; current_source=hl_execution_context,paper_observe,,,context_only,ready,276.58,record the context move only; do not promote without a directional ticket
lane-eth-eth-public-treasury-flow,symbol_lane,ETH,,eth_public_treasury_flow,eth_public_treasury_flow; entry=1685.500000000000; current=1687.400000000000; current_source=hl_execution_context,paper_observe,,,context_only,ready,290.71,record the context move only; do not promote without a directional ticket
lane-eth-eth-12jun26-basis,symbol_lane,ETH,,eth-12jun26_basis,eth-12jun26_basis; entry=1666.200000000000; current=1687.400000000000; current_source=hl_execution_context,paper_observe,,,context_only,ready,680.71,record the context move only; do not promote without a directional ticket
lane-eth-eth-treasury-proxy-lead,symbol_lane,ETH,,eth_treasury_proxy_lead,eth_treasury_proxy_lead; entry=1697.300000000000; current=1687.400000000000; current_source=hl_execution_context,paper_observe,,,context_only,ready,276.58,record the context move only; do not promote without a directional ticket
lane-sol-sol-event-pressure-cluster,symbol_lane,SOL,,sol_event_pressure_cluster,sol_event_pressure_cluster; entry=66.248000000000; current=67.469000000000; current_source=hl_execution_context,paper_observe,,,context_only,ready,551.99,record the context move only; do not promote without a directional ticket
lane-sol-solana-worldcup-sol-dex-pool,symbol_lane,SOL,,solana_worldcup_sol_dex_pool,solana_worldcup_sol_dex_pool; entry=66.248000000000; current=67.469000000000; current_source=hl_execution_context,paper_observe,,,context_only,ready,451.93,record the context move only; do not promote without a directional ticket
lane-sol-solana-bountywork-sol-dex-pool,symbol_lane,SOL,,solana_bountywork_sol_dex_pool,solana_bountywork_sol_dex_pool; entry=65.711000000000; current=67.469000000000; current_source=hl_execution_context,paper_observe,,,context_only,ready,680.71,record the context move only; do not promote without a directional ticket
lane-sol-okx-sol-chain-flow-context,symbol_lane,SOL,,okx_sol_chain_flow_context,okx_sol_chain_flow_context; entry=66.264000000000; current=67.469000000000; current_source=hl_execution_context,paper_observe,,,context_only,ready,598.04,record the context move only; do not promote without a directional ticket
lane-btc-btc-event-pressure-cluster,symbol_lane,BTC,,btc_event_pressure_cluster,btc_event_pressure_cluster; entry=63419.000000000000; current=63490.000000000000; current_source=hl_execution_context,paper_observe,,,context_only,ready,551.99,record the context move only; do not promote without a directional ticket
lane-btc-btc-20260626-medium-dated-delta-hedge-check,symbol_lane,BTC,,btc_20260626_medium_dated_delta_hedge_check,btc_20260626_medium_dated_delta_hedge_check; entry=63419.000000000000; current=63490.000000000000; current_source=hl_execution_context,paper_observe,,,context_only,ready,437.74,record the context move only; do not promote without a directional ticket
lane-btc-mstr-btc-relative-value,symbol_lane,BTC,,mstr_btc_relative_value,mstr_btc_relative_value; entry=63419.000000000000; current=63490.000000000000; current_source=hl_execution_context,paper_observe,,,context_only,ready,551.99,record the context move only; do not promote without a directional ticket
lane-btc-btc-public-treasury-flow,symbol_lane,BTC,,btc_public_treasury_flow,btc_public_treasury_flow; entry=63419.000000000000; current=63490.000000000000; current_source=hl_execution_context,paper_observe,,,context_only,ready,451.93,record the context move only; do not promote without a directional ticket
lane-zec-zec-event-pressure-cluster,symbol_lane,ZEC,,zec_event_pressure_cluster,zec_event_pressure_cluster; entry=427.410000000000; current=457.880000000000; current_source=hyperliquid_snapshot,paper_observe,,,context_only,ready,551.99,record the context move only; do not promote without a directional ticket
lane-zec-zec-oi-unwind-watch,symbol_lane,ZEC,,zec_oi_unwind_watch,zec_oi_unwind_watch; entry=427.410000000000; current=457.880000000000; current_source=hyperliquid_snapshot,paper_observe,,,context_only,ready,551.99,record the context move only; do not promote without a directional ticket
lane-near-near-mean-funding-rate-binance-derivatives-symbol-feature,symbol_lane,NEAR,,near_mean_funding_rate_binance_derivatives_symbol_feature,near_mean_funding_rate_binance_derivatives_symbol_feature; entry=2.149300000000; current=2.194100000000; current_source=hl_execution_context,paper_observe,,,context_only,ready,680.71,record the context move only; do not promote without a directional ticket
lane-near-near-sum-funding-rate-binance-derivatives-symbol-feature,symbol_lane,NEAR,,near_sum_funding_rate_binance_derivatives_symbol_feature,near_sum_funding_rate_binance_derivatives_symbol_feature; entry=2.149300000000; current=2.194100000000; current_source=hl_execution_context,paper_observe,,,context_only,ready,680.71,record the context move only; do not promote without a directional ticket
lane-chip-chip-exchange-catalyst-repeat-15m,symbol_lane,CHIP,,chip_exchange_catalyst_repeat_15m,chip_exchange_catalyst_repeat_15m; entry=0.032615000000; current=0.033584000000; current_source=hl_execution_context,paper_observe,,,context_only,ready,276.58,record the context move only; do not promote without a directional ticket
lane-uni-uni-abs-premium-close-repeat-intraday-derivatives-feature,symbol_lane,UNI,,uni_abs_premium_close_repeat_intraday_derivatives_feature,uni_abs_premium_close_repeat_intraday_derivatives_feature; entry=2.569000000000; current=2.590800000000; current_source=hyperliquid_snapshot,paper_observe,,,context_only,ready,276.58,record the context move only; do not promote without a directional ticket
lane-uni-uni-premium-close-repeat-intraday-derivatives-feature,symbol_lane,UNI,,uni_premium_close_repeat_intraday_derivatives_feature,uni_premium_close_repeat_intraday_derivatives_feature; entry=2.569000000000; current=2.590800000000; current_source=hyperliquid_snapshot,paper_observe,,,context_only,ready,276.58,record the context move only; do not promote without a directional ticket
lane-beat-beat-okx-liquidation-oi-intensity,symbol_lane,BEAT,,beat_okx_liquidation_oi_intensity,beat_okx_liquidation_oi_intensity; entry=; current=; current_source=,paper_short,,,missing_mark,ready,276.58,fill missing current mark before judging the ticket
lane-beat-beat-okx-intensity-liquidation-continuation,symbol_lane,BEAT,,beat_okx_intensity_liquidation_continuation,beat_okx_intensity_liquidation_continuation; entry=; current=; current_source=,paper_short,,,missing_mark,ready,276.58,fill missing current mark before judging the ticket
lane-beat-beat-okx-liquidation-intensity-paper-gate,symbol_lane,BEAT,,beat_okx_liquidation_intensity_paper_gate,beat_okx_liquidation_intensity_paper_gate; entry=; current=; current_source=,paper_short,,,missing_mark,ready,276.58,fill missing current mark before judging the ticket
lane-beat-beatusdtm-kucoin-futures-positioning,symbol_lane,BEAT,,beatusdtm_kucoin_futures_positioning,beatusdtm_kucoin_futures_positioning; entry=; current=; current_source=,paper_short,,,missing_mark,ready,276.58,fill missing current mark before judging the ticket
lane-beat-beat-attention-price-context,symbol_lane,BEAT,,beat_attention_price_context,beat_attention_price_context; entry=; current=; current_source=,paper_observe,,,context_only,ready,276.58,fill missing current mark before judging the ticket
lane-beat-beat-okx-liquidation-followup,symbol_lane,BEAT,,beat_okx_liquidation_followup,beat_okx_liquidation_followup; entry=; current=; current_source=,paper_long,,,missing_mark,ready,276.58,fill missing current mark before judging the ticket
lane-doge-doge-premium-close-repeat-intraday-derivatives-feature,symbol_lane,DOGE,,doge_premium_close_repeat_intraday_derivatives_feature,doge_premium_close_repeat_intraday_derivatives_feature; entry=0.087000000000; current=0.086840000000; current_source=hyperliquid_snapshot,paper_observe,,,context_only,ready,276.58,record the context move only; do not promote without a directional ticket
lane-doge-doge-abs-premium-close-repeat-intraday-derivatives-feature,symbol_lane,DOGE,,doge_abs_premium_close_repeat_intraday_derivatives_feature,doge_abs_premium_close_repeat_intraday_derivatives_feature; entry=0.087000000000; current=0.086840000000; current_source=hyperliquid_snapshot,paper_observe,,,context_only,ready,276.58,record the context move only; do not promote without a directional ticket
lane-doge-doge-l2-imbalance-probe,symbol_lane,DOGE,,doge_l2_imbalance_probe,doge_l2_imbalance_probe; entry=0.087000000000; current=0.086840000000; current_source=hyperliquid_snapshot,paper_observe,,,context_only,ready,276.58,record the context move only; do not promote without a directional ticket
lane-btc-btc-10jun26-basis,symbol_lane,BTC,,btc-10jun26_basis,btc-10jun26_basis; entry=64034.000000000000; current=63490.000000000000; current_source=hl_execution_context,paper_observe,,,context_only,ready,280.01,record the context move only; do not promote without a directional ticket
lane-eth-eth-20260626-medium-dated-delta-hedge-check,symbol_lane,ETH,,eth_20260626_medium_dated_delta_hedge_check,eth_20260626_medium_dated_delta_hedge_check; entry=1668.900000000000; current=1687.400000000000; current_source=hl_execution_context,paper_observe,,,context_only,ready,525.34,record the context move only; do not promote without a directional ticket
lane-sol-solana-three-sol-dex-pool,symbol_lane,SOL,,solana_three_sol_dex_pool,solana_three_sol_dex_pool; entry=66.248000000000; current=67.469000000000; current_source=hl_execution_context,paper_observe,,,context_only,ready,451.93,record the context move only; do not promote without a directional ticket
lane-hype-hyperliquid-l1-stablecoin-migration,symbol_lane,HYPE,,hyperliquid_l1_stablecoin_migration,hyperliquid_l1_stablecoin_migration; entry=61.605000000000; current=63.504000000000; current_source=hl_execution_context,paper_observe,,,context_only,ready,698.03,record the context move only; do not promote without a directional ticket
lane-btc-btc-26mar27-basis,symbol_lane,BTC,,btc-26mar27_basis,btc-26mar27_basis; entry=63419.000000000000; current=63490.000000000000; current_source=hl_execution_context,paper_observe,,,context_only,ready,551.99,record the context move only; do not promote without a directional ticket
lane-zec-zec-security-risk-news-event,symbol_lane,ZEC,,zec_security_risk_news_event,zec_security_risk_news_event; entry=427.410000000000; current=457.880000000000; current_source=hyperliquid_snapshot,paper_observe,,,context_only,ready,551.99,record the context move only; do not promote without a directional ticket
lane-eth-eth-26mar27-basis,symbol_lane,ETH,,eth-26mar27_basis,eth-26mar27_basis; entry=1666.200000000000; current=1687.400000000000; current_source=hl_execution_context,paper_observe,,,context_only,ready,680.71,record the context move only; do not promote without a directional ticket
lane-zec-zec-attention-funding-overlap,symbol_lane,ZEC,,zec_attention_funding_overlap,zec_attention_funding_overlap; entry=427.410000000000; current=457.880000000000; current_source=hyperliquid_snapshot,paper_observe,,,context_only,ready,551.99,record the context move only; do not promote without a directional ticket
lane-btc-btc-l2-imbalance-probe,symbol_lane,BTC,,btc_l2_imbalance_probe,btc_l2_imbalance_probe; entry=63419.000000000000; current=63490.000000000000; current_source=hl_execution_context,paper_observe,,,context_only,ready,551.99,record the context move only; do not promote without a directional ticket
lane-btc-btc-long-atm-straddle-20260612-volatility-actionability,symbol_lane,BTC,,btc_long_atm_straddle_20260612_volatility_actionability,btc_long_atm_straddle_20260612_volatility_actionability; entry=63419.000000000000; current=63490.000000000000; current_source=hl_execution_context,paper_observe,,,context_only,ready,551.99,record the context move only; do not promote without a directional ticket
lane-btc-btc-macro-crypto-news-event,symbol_lane,BTC,,btc_macro_crypto_news_event,btc_macro_crypto_news_event; entry=63419.000000000000; current=63490.000000000000; current_source=hl_execution_context,paper_observe,,,context_only,ready,551.99,record the context move only; do not promote without a directional ticket
lane-sol-solana-boutywork-sol-dex-pool,symbol_lane,SOL,,solana_boutywork_sol_dex_pool,solana_boutywork_sol_dex_pool; entry=65.711000000000; current=67.469000000000; current_source=hl_execution_context,paper_observe,,,context_only,ready,680.71,record the context move only; do not promote without a directional ticket
lane-eth-ethereum-stablecoin-migration,symbol_lane,ETH,,ethereum_stablecoin_migration,ethereum_stablecoin_migration; entry=1666.200000000000; current=1687.400000000000; current_source=hl_execution_context,paper_observe,,,context_only,ready,680.71,record the context move only; do not promote without a directional ticket
lane-eth-eth-l2-imbalance-probe,symbol_lane,ETH,,eth_l2_imbalance_probe,eth_l2_imbalance_probe; entry=1666.200000000000; current=1687.400000000000; current_source=hl_execution_context,paper_observe,,,context_only,ready,680.71,record the context move only; do not promote without a directional ticket
lane-eth-okx-eth-chain-flow-context,symbol_lane,ETH,,okx_eth_chain_flow_context,okx_eth_chain_flow_context; entry=1666.200000000000; current=1687.400000000000; current_source=hl_execution_context,paper_observe,,,context_only,ready,680.71,record the context move only; do not promote without a directional ticket
lane-eth-eth-long-atm-straddle-20260619-volatility-actionability,symbol_lane,ETH,,eth_long_atm_straddle_20260619_volatility_actionability,eth_long_atm_straddle_20260619_volatility_actionability; entry=1667.800000000000; current=1687.400000000000; current_source=hl_execution_context,paper_observe,,,context_only,ready,598.04,record the context move only; do not promote without a directional ticket
lane-sol-solana-$tupid-sol-dex-pool,symbol_lane,SOL,,solana_$tupid_sol_dex_pool,solana_$tupid_sol_dex_pool; entry=65.711000000000; current=67.469000000000; current_source=hl_execution_context,paper_observe,,,context_only,ready,680.71,record the context move only; do not promote without a directional ticket
lane-eth-eth-long-atm-straddle-20260626-volatility-actionability,symbol_lane,ETH,,eth_long_atm_straddle_20260626_volatility_actionability,eth_long_atm_straddle_20260626_volatility_actionability; entry=1666.200000000000; current=1687.400000000000; current_source=hl_execution_context,paper_observe,,,context_only,ready,680.71,record the context move only; do not promote without a directional ticket
repeat-lane-zec-public-hypertracker-example-zec-wallet-flow-actionability,symbol_lane_repeat,ZEC,,public_hypertracker_example_zec_wallet_flow_actionability,public_hypertracker_example_zec_wallet_flow_actionability; entry=457.880000000000; current=457.880000000000; current_source=hyperliquid_snapshot,paper_long,,,pending,pending,0.01,wait for the first checkpoint and refresh marks
repeat-lane-zec-zec-privacy-sector-rotation-context,symbol_lane_repeat,ZEC,,zec_privacy_sector_rotation_context,zec_privacy_sector_rotation_context; entry=457.880000000000; current=457.880000000000; current_source=hyperliquid_snapshot,paper_long,,,pending,pending,0.01,wait for the first checkpoint and refresh marks
repeat-lane-zec-zec-quantum-resistant-sector-rotation-context,symbol_lane_repeat,ZEC,,zec_quantum_resistant_sector_rotation_context,zec_quantum_resistant_sector_rotation_context; entry=457.880000000000; current=457.880000000000; current_source=hyperliquid_snapshot,paper_long,,,pending,pending,0.01,wait for the first checkpoint and refresh marks
repeat-lane-zec-zec-zero-knowledge-zk-sector-rotation-context,symbol_lane_repeat,ZEC,,zec_zero_knowledge_zk_sector_rotation_context,zec_zero_knowledge_zk_sector_rotation_context; entry=457.880000000000; current=457.880000000000; current_source=hyperliquid_snapshot,paper_long,,,pending,pending,0.01,wait for the first checkpoint and refresh marks
repeat-lane-zec-zec-privacy-coins-sector-rotation-context,symbol_lane_repeat,ZEC,,zec_privacy_coins_sector_rotation_context,zec_privacy_coins_sector_rotation_context; entry=457.880000000000; current=457.880000000000; current_source=hyperliquid_snapshot,paper_long,,,pending,pending,0.01,wait for the first checkpoint and refresh marks
repeat-lane-chip-chip-maker-or-low-fee-small-execution-edge,symbol_lane_repeat,CHIP,,chip_maker_or_low_fee_small_execution_edge,chip_maker_or_low_fee_small_execution_edge; entry=0.033584000000; current=0.033584000000; current_source=hl_execution_context,paper_long,,,pending,pending,0.01,wait for the first checkpoint and refresh marks
repeat-lane-chip-chip-taker-small-execution-edge,symbol_lane_repeat,CHIP,,chip_taker_small_execution_edge,chip_taker_small_execution_edge; entry=0.033584000000; current=0.033584000000; current_source=hl_execution_context,paper_long,,,pending,pending,0.01,wait for the first checkpoint and refresh marks
repeat-lane-chip-chip-reduced-size-taker-execution-edge,symbol_lane_repeat,CHIP,,chip_reduced_size_taker_execution_edge,chip_reduced_size_taker_execution_edge; entry=0.033584000000; current=0.033584000000; current_source=hl_execution_context,paper_long,,,pending,pending,0.01,wait for the first checkpoint and refresh marks
repeat-lane-chip-chip-okx-exchange-catalyst-repeat-execution-gate,symbol_lane_repeat,CHIP,,chip_okx_exchange_catalyst_repeat_execution_gate,chip_okx_exchange_catalyst_repeat_execution_gate; entry=0.033584000000; current=0.033584000000; current_source=hl_execution_context,paper_long,,,pending,pending,0.01,wait for the first checkpoint and refresh marks
repeat-lane-chip-chip-event-pressure-cluster,symbol_lane_repeat,CHIP,,chip_event_pressure_cluster,chip_event_pressure_cluster; entry=0.033584000000; current=0.033584000000; current_source=hl_execution_context,paper_long,,,pending,pending,0.01,wait for the first checkpoint and refresh marks
repeat-lane-eth-public-hypertracker-example-eth-wallet-flow-actionability,symbol_lane_repeat,ETH,,public_hypertracker_example_eth_wallet_flow_actionability,public_hypertracker_example_eth_wallet_flow_actionability; entry=1687.400000000000; current=1687.400000000000; current_source=hl_execution_context,paper_long,,,pending,pending,0.01,wait for the first checkpoint and refresh marks
repeat-lane-uni-uni-protocol-fee-growth,symbol_lane_repeat,UNI,,uni_protocol_fee_growth,uni_protocol_fee_growth; entry=2.590800000000; current=2.590800000000; current_source=hyperliquid_snapshot,paper_long,,,pending,pending,0.01,wait for the first checkpoint and refresh marks
repeat-lane-uni-uni-protocol-fee-actionability,symbol_lane_repeat,UNI,,uni_protocol_fee_actionability,uni_protocol_fee_actionability; entry=2.590800000000; current=2.590800000000; current_source=hyperliquid_snapshot,paper_long,,,pending,pending,0.01,wait for the first checkpoint and refresh marks
repeat-lane-uni-uni-protocol-fee-actionability,symbol_lane_repeat,UNI,,uni_protocol_fee_actionability,uni_protocol_fee_actionability; entry=2.590800000000; current=2.590800000000; current_source=hyperliquid_snapshot,paper_long,,,pending,pending,0.01,wait for the first checkpoint and refresh marks
repeat-lane-near-near-oi-funding-crowding-watch,symbol_lane_repeat,NEAR,,near_oi_funding_crowding_watch,near_oi_funding_crowding_watch; entry=2.194100000000; current=2.194100000000; current_source=hl_execution_context,paper_long,,,pending,pending,0.01,wait for the first checkpoint and refresh marks
repeat-lane-near-near-crowded-momentum-continuation-actionability,symbol_lane_repeat,NEAR,,near_crowded_momentum_continuation_actionability,near_crowded_momentum_continuation_actionability; entry=2.194100000000; current=2.194100000000; current_source=hl_execution_context,paper_long,,,pending,pending,0.01,wait for the first checkpoint and refresh marks
repeat-lane-near-near-maker-or-low-fee-small-execution-edge,symbol_lane_repeat,NEAR,,near_maker_or_low_fee_small_execution_edge,near_maker_or_low_fee_small_execution_edge; entry=2.194100000000; current=2.194100000000; current_source=hl_execution_context,paper_long,,,pending,pending,0.01,wait for the first checkpoint and refresh marks
repeat-lane-near-near-taker-small-execution-edge,symbol_lane_repeat,NEAR,,near_taker_small_execution_edge,near_taker_small_execution_edge; entry=2.194100000000; current=2.194100000000; current_source=hl_execution_context,paper_long,,,pending,pending,0.01,wait for the first checkpoint and refresh marks
repeat-lane-doge-doge-premium-close-short-opposite-intraday-paper-label,symbol_lane_repeat,DOGE,,doge_premium_close_short_opposite_intraday_paper_label,doge_premium_close_short_opposite_intraday_paper_label; entry=0.086840000000; current=0.086840000000; current_source=hyperliquid_snapshot,paper_short,,,pending,pending,0.01,wait for the first checkpoint and refresh marks
