date,symbol,sum_funding_rate,mean_premium_close,next_mean_premium_close,premium_change,perp_direction,funding_pnl,basis_pnl,gross_proxy_pnl,net_proxy_pnl
2024-03-05,OPUSDT,0.003973200000,0.001736008944,0.000940085556,-0.000795923388,-1,0.003973200000,0.000795923388,0.004769123388,0.003769123388
2024-03-05,AVAXUSDT,0.003043410000,0.001450104069,0.000849587076,-0.000600516993,-1,0.003043410000,0.000600516993,0.003643926993,0.002643926993
2024-03-05,SOLUSDT,0.003054490000,0.001409763417,0.000864094326,-0.000545669091,-1,0.003054490000,0.000545669091,0.003600159091,0.002600159091
2024-03-02,ARBUSDT,0.003172850000,0.001710370819,0.001302479090,-0.000407891729,-1,0.003172850000,0.000407891729,0.003580741729,0.002580741729
2024-03-05,NEARUSDT,0.003087390000,0.001492997715,0.001076371597,-0.000416626118,-1,0.003087390000,0.000416626118,0.003504016118,0.002504016118
2024-03-05,INJUSDT,0.002886790000,0.001388015757,0.000807944583,-0.000580071174,-1,0.002886790000,0.000580071174,0.003466861174,0.002466861174
2024-03-05,APTUSDT,0.003027770000,0.001480346972,0.001054396674,-0.000425950298,-1,0.003027770000,0.000425950298,0.003453720298,0.002453720298
2024-03-02,INJUSDT,0.003111510000,0.001674041438,0.001334051361,-0.000339990077,-1,0.003111510000,0.000339990077,0.003451500077,0.002451500077
2024-03-05,ARBUSDT,0.002888670000,0.001460625500,0.000982677833,-0.000477947667,-1,0.002888670000,0.000477947667,0.003366617667,0.002366617667
2024-03-05,FILUSDT,0.002857960000,0.001445778479,0.000951206771,-0.000494571708,-1,0.002857960000,0.000494571708,0.003352531708,0.002352531708
2024-03-05,ETCUSDT,0.002750570000,0.001342634118,0.000778159896,-0.000564474222,-1,0.002750570000,0.000564474222,0.003315044222,0.002315044222
2024-01-02,INJUSDT,0.002391410000,0.001251125271,0.000329589535,-0.000921535736,-1,0.002391410000,0.000921535736,0.003312945736,0.002312945736
2024-03-05,LINKUSDT,0.002701920000,0.001338317736,0.000757384243,-0.000580933493,-1,0.002701920000,0.000580933493,0.003282853493,0.002282853493
2024-03-02,BCHUSDT,0.002661330000,0.001567463278,0.000985718424,-0.000581744854,-1,0.002661330000,0.000581744854,0.003243074854,0.002243074854
2024-03-02,ETCUSDT,0.002758370000,0.001465597750,0.001014082340,-0.000451515410,-1,0.002758370000,0.000451515410,0.003209885410,0.002209885410
2024-01-07,BNBUSDT,-0.002721280000,-0.001383135611,-0.000927897556,0.000455238055,1,0.002721280000,0.000455238055,0.003176518055,0.002176518055
2024-03-02,OPUSDT,0.002904900000,0.001621095764,0.001361385389,-0.000259710375,-1,0.002904900000,0.000259710375,0.003164610375,0.002164610375
2024-03-02,LINKUSDT,0.002750810000,0.001481455021,0.001103382403,-0.000378072618,-1,0.002750810000,0.000378072618,0.003128882618,0.002128882618
2024-01-02,FILUSDT,0.002402890000,0.001251001924,0.000555006618,-0.000695995306,-1,0.002402890000,0.000695995306,0.003098885306,0.002098885306
2024-03-09,FILUSDT,0.002831770000,0.001421124868,0.001180255611,-0.000240869257,-1,0.002831770000,0.000240869257,0.003072639257,0.002072639257
2024-03-05,XRPUSDT,0.002540400000,0.001300032799,0.000791868479,-0.000508164320,-1,0.002540400000,0.000508164320,0.003048564320,0.002048564320
2024-03-02,AVAXUSDT,0.002633130000,0.001541932562,0.001143516937,-0.000398415625,-1,0.002633130000,0.000398415625,0.003031545625,0.002031545625
2024-01-02,DOTUSDT,0.002100260000,0.001095811972,0.000190322875,-0.000905489097,-1,0.002100260000,0.000905489097,0.003005749097,0.002005749097
2024-03-05,DOTUSDT,0.002447150000,0.001240110250,0.000702496076,-0.000537614174,-1,0.002447150000,0.000537614174,0.002984764174,0.001984764174
2024-03-05,LTCUSDT,0.002465630000,0.001266764681,0.000748081583,-0.000518683098,-1,0.002465630000,0.000518683098,0.002984313098,0.001984313098
2024-02-29,SOLUSDT,0.002694520000,0.001458576993,0.001192636986,-0.000265940007,-1,0.002694520000,0.000265940007,0.002960460007,0.001960460007
2024-03-05,ADAUSDT,0.002453630000,0.001241515285,0.000742269111,-0.000499246174,-1,0.002453630000,0.000499246174,0.002952876174,0.001952876174
2024-03-02,XRPUSDT,0.002627030000,0.001479353389,0.001156094250,-0.000323259139,-1,0.002627030000,0.000323259139,0.002950289139,0.001950289139
2024-03-05,UNIUSDT,0.002355500000,0.001289361653,0.000735856132,-0.000553505521,-1,0.002355500000,0.000553505521,0.002909005521,0.001909005521
2024-01-02,ARBUSDT,0.002444310000,0.001268337847,0.000805932750,-0.000462405097,-1,0.002444310000,0.000462405097,0.002906715097,0.001906715097
2024-03-02,NEARUSDT,0.002548860000,0.001518955646,0.001162114924,-0.000356840722,-1,0.002548860000,0.000356840722,0.002905700722,0.001905700722
2024-01-06,BNBUSDT,-0.002891530000,-0.001376384292,-0.001383135611,-0.000006751319,1,0.002891530000,-0.000006751319,0.002884778681,0.001884778681
2024-03-05,DOGEUSDT,0.002322950000,0.001300017639,0.000744079076,-0.000555938563,-1,0.002322950000,0.000555938563,0.002878888563,0.001878888563
2024-01-02,SOLUSDT,0.002011120000,0.001113438583,0.000246399340,-0.000867039243,-1,0.002011120000,0.000867039243,0.002878159243,0.001878159243
2024-03-09,APTUSDT,0.002630760000,0.001502713174,0.001257288382,-0.000245424792,-1,0.002630760000,0.000245424792,0.002876184792,0.001876184792
2024-03-03,FILUSDT,0.002700380000,0.001448703896,0.001280311403,-0.000168392493,-1,0.002700380000,0.000168392493,0.002868772493,0.001868772493
2024-03-02,APTUSDT,0.002523710000,0.001488693236,0.001150453299,-0.000338239937,-1,0.002523710000,0.000338239937,0.002861949937,0.001861949937
2024-03-03,INJUSDT,0.002911000000,0.001334051361,0.001389574903,0.000055523542,-1,0.002911000000,-0.000055523542,0.002855476458,0.001855476458
2024-01-08,BNBUSDT,-0.001796500000,-0.000927897556,0.000129688479,0.001057586035,1,0.001796500000,0.001057586035,0.002854086035,0.001854086035
2024-03-02,FILUSDT,0.002692740000,0.001606962118,0.001448703896,-0.000158258222,-1,0.002692740000,0.000158258222,0.002850998222,0.001850998222
2024-03-02,DOTUSDT,0.002500020000,0.001446239111,0.001140832076,-0.000305407035,-1,0.002500020000,0.000305407035,0.002805427035,0.001805427035
2024-02-28,BNBUSDT,-0.001266560000,-0.000483707368,0.001049474486,0.001533181854,1,0.001266560000,0.001533181854,0.002799741854,0.001799741854
2024-03-11,NEARUSDT,0.002540190000,0.001449240694,0.001190426694,-0.000258814000,-1,0.002540190000,0.000258814000,0.002799004000,0.001799004000
2024-02-22,BNBUSDT,-0.002488390000,-0.001364766549,-0.001119199285,0.000245567264,1,0.002488390000,0.000245567264,0.002733957264,0.001733957264
2024-03-03,OPUSDT,0.002696670000,0.001361385389,0.001372645993,0.000011260604,-1,0.002696670000,-0.000011260604,0.002685409396,0.001685409396
2024-01-02,AVAXUSDT,0.001828600000,0.001075863549,0.000224275993,-0.000851587556,-1,0.001828600000,0.000851587556,0.002680187556,0.001680187556
2024-03-14,APTUSDT,0.002147960000,0.001444153285,0.000912027917,-0.000532125368,-1,0.002147960000,0.000532125368,0.002680085368,0.001680085368
2024-03-03,ARBUSDT,0.002662420000,0.001302479090,0.001296804458,-0.000005674632,-1,0.002662420000,0.000005674632,0.002668094632,0.001668094632
2024-03-02,ADAUSDT,0.002446480000,0.001344014236,0.001123680521,-0.000220333715,-1,0.002446480000,0.000220333715,0.002666813715,0.001666813715
2024-03-05,BNBUSDT,0.002143170000,0.001115557118,0.000593948111,-0.000521609007,-1,0.002143170000,0.000521609007,0.002664779007,0.001664779007
2024-01-02,DOGEUSDT,0.001771050000,0.001091041958,0.000210896000,-0.000880145958,-1,0.001771050000,0.000880145958,0.002651195958,0.001651195958
2024-01-02,NEARUSDT,0.001977150000,0.001008466875,0.000351689083,-0.000656777792,-1,0.001977150000,0.000656777792,0.002633927792,0.001633927792
2024-03-05,ETHUSDT,0.002229090000,0.001266995625,0.000870182278,-0.000396813347,-1,0.002229090000,0.000396813347,0.002625903347,0.001625903347
2024-03-10,INJUSDT,0.002508500000,0.001307198542,0.001190306097,-0.000116892445,-1,0.002508500000,0.000116892445,0.002625392445,0.001625392445
2024-02-29,AVAXUSDT,0.002311410000,0.001416594299,0.001127061076,-0.000289533223,-1,0.002311410000,0.000289533223,0.002600943223,0.001600943223
2024-01-02,LTCUSDT,0.001809750000,0.001080730292,0.000291040986,-0.000789689306,-1,0.001809750000,0.000789689306,0.002599439306,0.001599439306
2024-03-05,BTCUSDT,0.002200770000,0.001271782750,0.000873644278,-0.000398138472,-1,0.002200770000,0.000398138472,0.002598908472,0.001598908472
2024-02-29,ARBUSDT,0.002485000000,0.001440815097,0.001342790569,-0.000098024528,-1,0.002485000000,0.000098024528,0.002583024528,0.001583024528
2024-01-02,OPUSDT,0.002125480000,0.001115138257,0.000673843604,-0.000441294653,-1,0.002125480000,0.000441294653,0.002566774653,0.001566774653
2024-01-02,XRPUSDT,0.001802610000,0.001089429715,0.000332671576,-0.000756758139,-1,0.001802610000,0.000756758139,0.002559368139,0.001559368139
2024-02-29,INJUSDT,0.002312610000,0.001495888153,0.001254873556,-0.000241014597,-1,0.002312610000,0.000241014597,0.002553624597,0.001553624597
2024-03-02,LTCUSDT,0.002272140000,0.001387676465,0.001133178708,-0.000254497757,-1,0.002272140000,0.000254497757,0.002526637757,0.001526637757
2024-02-29,ADAUSDT,0.002325870000,0.001344828028,0.001145802694,-0.000199025334,-1,0.002325870000,0.000199025334,0.002524895334,0.001524895334
2024-01-02,ETCUSDT,0.001893730000,0.001011779472,0.000391193340,-0.000620586132,-1,0.001893730000,0.000620586132,0.002514316132,0.001514316132
2024-03-14,NEARUSDT,0.002123680000,0.001368241951,0.001005745319,-0.000362496632,-1,0.002123680000,0.000362496632,0.002486176632,0.001486176632
2024-02-09,BNBUSDT,-0.002430510000,-0.001152643403,-0.001110898000,0.000041745403,1,0.002430510000,0.000041745403,0.002472255403,0.001472255403
2024-02-29,LTCUSDT,0.002237000000,0.001361098694,0.001146533229,-0.000214565465,-1,0.002237000000,0.000214565465,0.002451565465,0.001451565465
2024-03-04,INJUSDT,0.002441340000,0.001389574903,0.001388015757,-0.000001559146,-1,0.002441340000,0.000001559146,0.002442899146,0.001442899146
2024-03-10,APTUSDT,0.002418900000,0.001257288382,0.001249611736,-0.000007676646,-1,0.002418900000,0.000007676646,0.002426576646,0.001426576646
2024-02-29,XRPUSDT,0.002188960000,0.001408696236,0.001194029222,-0.000214667014,-1,0.002188960000,0.000214667014,0.002403627014,0.001403627014
2024-02-29,ETHUSDT,0.002116820000,0.001298492063,0.001012010042,-0.000286482021,-1,0.002116820000,0.000286482021,0.002403302021,0.001403302021
2024-01-05,BNBUSDT,-0.002287890000,-0.001489427861,-0.001376384292,0.000113043569,1,0.002287890000,0.000113043569,0.002400933569,0.001400933569
2024-03-29,BNBUSDT,0.001032820000,0.000751670618,-0.000614689090,-0.001366359708,-1,0.001032820000,0.001366359708,0.002399179708,0.001399179708
2024-02-24,BNBUSDT,-0.002085300000,-0.001271799625,-0.000959476444,0.000312323181,1,0.002085300000,0.000312323181,0.002397623181,0.001397623181
2024-01-02,ADAUSDT,0.001617770000,0.000990056000,0.000211906063,-0.000778149937,-1,0.001617770000,0.000778149937,0.002395919937,0.001395919937
2024-03-09,NEARUSDT,0.002233570000,0.001428127660,0.001277946660,-0.000150181000,-1,0.002233570000,0.000150181000,0.002383751000,0.001383751000
2024-02-29,ETCUSDT,0.002301070000,0.001370603306,0.001306373924,-0.000064229382,-1,0.002301070000,0.000064229382,0.002365299382,0.001365299382
2024-03-13,INJUSDT,0.002301450000,0.001313313160,0.001252468951,-0.000060844209,-1,0.002301450000,0.000060844209,0.002362294209,0.001362294209
2024-03-02,DOGEUSDT,0.002267790000,0.001308858632,0.001219915507,-0.000088943125,-1,0.002267790000,0.000088943125,0.002356733125,0.001356733125
2024-01-02,UNIUSDT,0.001749350000,0.000976138938,0.000388175333,-0.000587963605,-1,0.001749350000,0.000587963605,0.002337313605,0.001337313605
2024-03-14,LINKUSDT,0.001845900000,0.001177051632,0.000705366431,-0.000471685201,-1,0.001845900000,0.000471685201,0.002317585201,0.001317585201
2024-01-02,APTUSDT,0.001719900000,0.001137523201,0.000541976576,-0.000595546625,-1,0.001719900000,0.000595546625,0.002315446625,0.001315446625
2024-03-14,ARBUSDT,0.001886950000,0.001228045806,0.000808589465,-0.000419456341,-1,0.001886950000,0.000419456341,0.002306406341,0.001306406341
2024-02-25,BNBUSDT,-0.002017760000,-0.000959476444,-0.000673324257,0.000286152187,1,0.002017760000,0.000286152187,0.002303912187,0.001303912187
2024-03-14,OPUSDT,0.001885740000,0.001198153042,0.000791693681,-0.000406459361,-1,0.001885740000,0.000406459361,0.002292199361,0.001292199361
2024-03-13,AVAXUSDT,0.002175690000,0.001195083549,0.001097886076,-0.000097197473,-1,0.002175690000,0.000097197473,0.002272887473,0.001272887473
2024-03-02,SOLUSDT,0.002119150000,0.001309653861,0.001157226910,-0.000152426951,-1,0.002119150000,0.000152426951,0.002271576951,0.001271576951
2024-01-02,ETHUSDT,0.001685460000,0.001052650222,0.000474411542,-0.000578238680,-1,0.001685460000,0.000578238680,0.002263698680,0.001263698680
2024-03-04,FILUSDT,0.002419160000,0.001280311403,0.001445778479,0.000165467076,-1,0.002419160000,-0.000165467076,0.002253692924,0.001253692924
2024-03-09,OPUSDT,0.002089240000,0.001247555979,0.001089150444,-0.000158405535,-1,0.002089240000,0.000158405535,0.002247645535,0.001247645535
2024-03-10,NEARUSDT,0.002391040000,0.001277946660,0.001449240694,0.000171294034,-1,0.002391040000,-0.000171294034,0.002219745966,0.001219745966
2024-02-29,APTUSDT,0.002143880000,0.001291591722,0.001217679694,-0.000073912028,-1,0.002143880000,0.000073912028,0.002217792028,0.001217792028
2024-02-29,BTCUSDT,0.002024590000,0.001223257229,0.001033060528,-0.000190196701,-1,0.002024590000,0.000190196701,0.002214786701,0.001214786701
2024-02-27,BCHUSDT,0.002004750000,0.001129823785,0.000931243125,-0.000198580660,-1,0.002004750000,0.000198580660,0.002203330660,0.001203330660
2024-03-03,NEARUSDT,0.002246410000,0.001162114924,0.001221253514,0.000059138590,-1,0.002246410000,-0.000059138590,0.002187271410,0.001187271410
2024-02-29,UNIUSDT,0.001939770000,0.001291459187,0.001046698750,-0.000244760437,-1,0.001939770000,0.000244760437,0.002184530437,0.001184530437
2024-03-05,BCHUSDT,0.001552800000,0.000998427549,0.000381100951,-0.000617326598,-1,0.001552800000,0.000617326598,0.002170126598,0.001170126598
2024-03-07,NEARUSDT,0.002168380000,0.001160067104,0.001167093806,0.000007026702,-1,0.002168380000,-0.000007026702,0.002161353298,0.001161353298
2024-03-15,NEARUSDT,0.001959020000,0.001005745319,0.000803727451,-0.000202017868,-1,0.001959020000,0.000202017868,0.002161037868,0.001161037868
2024-03-03,AVAXUSDT,0.002175100000,0.001143516937,0.001159407938,0.000015891001,-1,0.002175100000,-0.000015891001,0.002159208999,0.001159208999
2024-03-13,NEARUSDT,0.002293480000,0.001228093833,0.001368241951,0.000140148118,-1,0.002293480000,-0.000140148118,0.002153331882,0.001153331882
2024-03-09,AVAXUSDT,0.002009080000,0.001253934500,0.001111205208,-0.000142729292,-1,0.002009080000,0.000142729292,0.002151809292,0.001151809292
2024-03-12,LTCUSDT,0.002117020000,0.001075197139,0.001047058917,-0.000028138222,-1,0.002117020000,0.000028138222,0.002145158222,0.001145158222
2024-03-14,ADAUSDT,0.001761730000,0.001108789417,0.000737260396,-0.000371529021,-1,0.001761730000,0.000371529021,0.002133259021,0.001133259021
2024-02-29,DOGEUSDT,0.001943000000,0.001326284000,0.001137885174,-0.000188398826,-1,0.001943000000,0.000188398826,0.002131398826,0.001131398826
2024-02-29,LINKUSDT,0.002042120000,0.001313490785,0.001237309007,-0.000076181778,-1,0.002042120000,0.000076181778,0.002118301778,0.001118301778
2024-03-14,DOGEUSDT,0.001734890000,0.001086422181,0.000707890639,-0.000378531542,-1,0.001734890000,0.000378531542,0.002113421542,0.001113421542
2024-02-29,OPUSDT,0.002066650000,0.001335831910,0.001293321729,-0.000042510181,-1,0.002066650000,0.000042510181,0.002109160181,0.001109160181
2024-02-29,DOTUSDT,0.001949300000,0.001301447361,0.001144093201,-0.000157354160,-1,0.001949300000,0.000157354160,0.002106654160,0.001106654160
2024-03-12,ARBUSDT,0.002087400000,0.001173699896,0.001155277257,-0.000018422639,-1,0.002087400000,0.000018422639,0.002105822639,0.001105822639
2024-03-11,DOGEUSDT,0.001864700000,0.001308438500,0.001073191708,-0.000235246792,-1,0.001864700000,0.000235246792,0.002099946792,0.001099946792
2024-03-12,AVAXUSDT,0.002051350000,0.001242247264,0.001195083549,-0.000047163715,-1,0.002051350000,0.000047163715,0.002098513715,0.001098513715
2024-03-14,XRPUSDT,0.001705670000,0.001142867694,0.000757525472,-0.000385342222,-1,0.001705670000,0.000385342222,0.002091012222,0.001091012222
2024-03-12,ADAUSDT,0.002085440000,0.001122619187,0.001119851125,-0.000002768062,-1,0.002085440000,0.000002768062,0.002088208062,0.001088208062
2024-03-14,FILUSDT,0.001667630000,0.001189246535,0.000776250188,-0.000412996347,-1,0.001667630000,0.000412996347,0.002080626347,0.001080626347
2024-02-28,APTUSDT,0.002103900000,0.001263100583,0.001291591722,0.000028491139,-1,0.002103900000,-0.000028491139,0.002075408861,0.001075408861
2024-03-13,SOLUSDT,0.001984920000,0.001156404361,0.001066248118,-0.000090156243,-1,0.001984920000,0.000090156243,0.002075076243,0.001075076243
2024-02-27,APTUSDT,0.002111800000,0.001224982563,0.001263100583,0.000038118020,-1,0.002111800000,-0.000038118020,0.002073681980,0.001073681980
2024-03-13,APTUSDT,0.002210750000,0.001299316215,0.001444153285,0.000144837070,-1,0.002210750000,-0.000144837070,0.002065912930,0.001065912930
2024-01-01,BNBUSDT,-0.001808850000,-0.000820480972,-0.000564166764,0.000256314208,1,0.001808850000,0.000256314208,0.002065164208,0.001065164208
2024-03-12,SOLUSDT,0.002009280000,0.001205942965,0.001156404361,-0.000049538604,-1,0.002009280000,0.000049538604,0.002058818604,0.001058818604
2024-03-14,AVAXUSDT,0.001828880000,0.001097886076,0.000873773125,-0.000224112951,-1,0.001828880000,0.000224112951,0.002052992951,0.001052992951
2024-01-02,BTCUSDT,0.001547550000,0.000946425826,0.000450585757,-0.000495840069,-1,0.001547550000,0.000495840069,0.002043390069,0.001043390069
2024-03-09,INJUSDT,0.002028100000,0.001321439188,0.001307198542,-0.000014240646,-1,0.002028100000,0.000014240646,0.002042340646,0.001042340646
2024-03-02,UNIUSDT,0.001907590000,0.001215035951,0.001083038674,-0.000131997277,-1,0.001907590000,0.000131997277,0.002039587277,0.001039587277
2024-03-12,FILUSDT,0.002033040000,0.001151786854,0.001146899792,-0.000004887062,-1,0.002033040000,0.000004887062,0.002037927062,0.001037927062
2024-03-12,APTUSDT,0.002132830000,0.001202985958,0.001299316215,0.000096330257,-1,0.002132830000,-0.000096330257,0.002036499743,0.001036499743
2024-03-10,FILUSDT,0.002127070000,0.001180255611,0.001271910271,0.000091654660,-1,0.002127070000,-0.000091654660,0.002035415340,0.001035415340
2024-03-04,SOLUSDT,0.002160080000,0.001275195771,0.001409763417,0.000134567646,-1,0.002160080000,-0.000134567646,0.002025512354,0.001025512354
2024-03-29,BCHUSDT,0.001957800000,0.001157739986,0.001093579993,-0.000064159993,-1,0.001957800000,0.000064159993,0.002021959993,0.001021959993
2024-03-11,LTCUSDT,0.001745510000,0.001340467812,0.001075197139,-0.000265270673,-1,0.001745510000,0.000265270673,0.002010780673,0.001010780673
2024-03-03,DOGEUSDT,0.001929390000,0.001219915507,0.001138555736,-0.000081359771,-1,0.001929390000,0.000081359771,0.002010749771,0.001010749771
2024-03-14,INJUSDT,0.001630940000,0.001252468951,0.000874404194,-0.000378064757,-1,0.001630940000,0.000378064757,0.002009004757,0.001009004757
2024-03-13,OPUSDT,0.002003300000,0.001200759847,0.001198153042,-0.000002606805,-1,0.002003300000,0.000002606805,0.002005906805,0.001005906805
2024-03-03,APTUSDT,0.002045860000,0.001150453299,0.001195608479,0.000045155180,-1,0.002045860000,-0.000045155180,0.002000704820,0.001000704820
2024-03-11,XRPUSDT,0.001799120000,0.001306126083,0.001105856896,-0.000200269187,-1,0.001799120000,0.000200269187,0.001999389187,0.000999389187
2024-03-10,DOGEUSDT,0.002177620000,0.001126352042,0.001308438500,0.000182086458,-1,0.002177620000,-0.000182086458,0.001995533542,0.000995533542
2024-03-03,DOTUSDT,0.001951000000,0.001140832076,0.001099801875,-0.000041030201,-1,0.001951000000,0.000041030201,0.001992030201,0.000992030201
2024-03-11,BTCUSDT,0.001803130000,0.001150552743,0.000961728201,-0.000188824542,-1,0.001803130000,0.000188824542,0.001991954542,0.000991954542
2024-03-12,OPUSDT,0.001995740000,0.001192080340,0.001200759847,0.000008679507,-1,0.001995740000,-0.000008679507,0.001987060493,0.000987060493
2024-03-14,DOTUSDT,0.001409410000,0.001033231576,0.000478836854,-0.000554394722,-1,0.001409410000,0.000554394722,0.001963804722,0.000963804722
2024-03-12,XRPUSDT,0.001932490000,0.001105856896,0.001074609701,-0.000031247195,-1,0.001932490000,0.000031247195,0.001963737195,0.000963737195
2024-03-03,XRPUSDT,0.001977440000,0.001156094250,0.001177953562,0.000021859312,-1,0.001977440000,-0.000021859312,0.001955580688,0.000955580688
2024-02-27,LTCUSDT,0.001899610000,0.001100409014,0.001045209444,-0.000055199570,-1,0.001899610000,0.000055199570,0.001954809570,0.000954809570
2024-02-18,INJUSDT,0.001887220000,0.001114565778,0.001048764229,-0.000065801549,-1,0.001887220000,0.000065801549,0.001953021549,0.000953021549
2024-03-11,INJUSDT,0.001969480000,0.001190306097,0.001208699417,0.000018393320,-1,0.001969480000,-0.000018393320,0.001951086680,0.000951086680
2024-02-13,BNBUSDT,-0.001881380000,-0.000822940396,-0.000754129819,0.000068810577,1,0.001881380000,0.000068810577,0.001950190577,0.000950190577
2024-03-11,ADAUSDT,0.001744150000,0.001326848410,0.001122619187,-0.000204229223,-1,0.001744150000,0.000204229223,0.001948379223,0.000948379223
2024-03-10,ARBUSDT,0.002038690000,0.001169598549,0.001261665375,0.000092066826,-1,0.002038690000,-0.000092066826,0.001946623174,0.000946623174
2024-02-12,BNBUSDT,-0.001586950000,-0.001179960646,-0.000822940396,0.000357020250,1,0.001586950000,0.000357020250,0.001943970250,0.000943970250
2024-03-11,FILUSDT,0.001820020000,0.001271910271,0.001151786854,-0.000120123417,-1,0.001820020000,0.000120123417,0.001940143417,0.000940143417
2024-02-29,FILUSDT,0.001749360000,0.001338432465,0.001155797007,-0.000182635458,-1,0.001749360000,0.000182635458,0.001931995458,0.000931995458
2024-03-13,DOGEUSDT,0.001862770000,0.001155167958,0.001086422181,-0.000068745777,-1,0.001862770000,0.000068745777,0.001931515777,0.000931515777
2024-03-09,ADAUSDT,0.001740120000,0.001220260604,0.001029169833,-0.000191090771,-1,0.001740120000,0.000191090771,0.001931210771,0.000931210771
2024-03-04,ARBUSDT,0.002092700000,0.001296804458,0.001460625500,0.000163821042,-1,0.002092700000,-0.000163821042,0.001928878958,0.000928878958
2024-03-14,UNIUSDT,0.001545580000,0.001082658056,0.000707827396,-0.000374830660,-1,0.001545580000,0.000374830660,0.001920410660,0.000920410660
2024-03-08,INJUSDT,0.002016970000,0.001223032139,0.001321439188,0.000098407049,-1,0.002016970000,-0.000098407049,0.001918562951,0.000918562951
2024-03-13,ETCUSDT,0.001836270000,0.001149509563,0.001079243590,-0.000070265973,-1,0.001836270000,0.000070265973,0.001906535973,0.000906535973
2024-03-14,LTCUSDT,0.001561520000,0.001084570340,0.000743702542,-0.000340867798,-1,0.001561520000,0.000340867798,0.001902387798,0.000902387798
2024-03-03,UNIUSDT,0.001858080000,0.001083038674,0.001047517215,-0.000035521459,-1,0.001858080000,0.000035521459,0.001893601459,0.000893601459
2024-03-12,NEARUSDT,0.001930480000,0.001190426694,0.001228093833,0.000037667139,-1,0.001930480000,-0.000037667139,0.001892812861,0.000892812861
2024-03-09,ARBUSDT,0.001831830000,0.001222748986,0.001169598549,-0.000053150437,-1,0.001831830000,0.000053150437,0.001884980437,0.000884980437
2024-03-03,LINKUSDT,0.001944940000,0.001103382403,0.001168525604,0.000065143201,-1,0.001944940000,-0.000065143201,0.001879796799,0.000879796799
2024-03-08,ARBUSDT,0.001952670000,0.001142690910,0.001222748986,0.000080058076,-1,0.001952670000,-0.000080058076,0.001872611924,0.000872611924
2024-03-11,ARBUSDT,0.001782530000,0.001261665375,0.001173699896,-0.000087965479,-1,0.001782530000,0.000087965479,0.001870495479,0.000870495479
2024-03-11,LINKUSDT,0.001740520000,0.001228011153,0.001100978542,-0.000127032611,-1,0.001740520000,0.000127032611,0.001867552611,0.000867552611
2024-02-18,BNBUSDT,-0.000472120000,-0.000621303965,0.000770090868,0.001391394833,1,0.000472120000,0.001391394833,0.001863514833,0.000863514833
2024-03-13,LINKUSDT,0.001860110000,0.001179825528,0.001177051632,-0.000002773896,-1,0.001860110000,0.000002773896,0.001862883896,0.000862883896
2024-03-27,BCHUSDT,0.001805210000,0.001151832931,0.001094784542,-0.000057048389,-1,0.001805210000,0.000057048389,0.001862258389,0.000862258389
2024-03-04,OPUSDT,0.002221620000,0.001372645993,0.001736008944,0.000363362951,-1,0.002221620000,-0.000363362951,0.001858257049,0.000858257049
2024-03-15,INJUSDT,0.001697890000,0.000874404194,0.000715354118,-0.000159050076,-1,0.001697890000,0.000159050076,0.001856940076,0.000856940076
2024-03-08,SOLUSDT,0.001683100000,0.001059969201,0.000889859861,-0.000170109340,-1,0.001683100000,0.000170109340,0.001853209340,0.000853209340
2024-03-11,OPUSDT,0.001789040000,0.001252394458,0.001192080340,-0.000060314118,-1,0.001789040000,0.000060314118,0.001849354118,0.000849354118
2024-02-20,BNBUSDT,0.000778720000,0.000636851500,-0.000433308757,-0.001070160257,-1,0.000778720000,0.001070160257,0.001848880257,0.000848880257
2024-02-27,INJUSDT,0.001756770000,0.001145918201,0.001062592403,-0.000083325798,-1,0.001756770000,0.000083325798,0.001840095798,0.000840095798
2024-03-08,FILUSDT,0.001980420000,0.001279309556,0.001421124868,0.000141815312,-1,0.001980420000,-0.000141815312,0.001838604688,0.000838604688
2024-03-09,DOTUSDT,0.001585120000,0.001114955681,0.000861869542,-0.000253086139,-1,0.001585120000,0.000253086139,0.001838206139,0.000838206139
2024-03-11,APTUSDT,0.001788740000,0.001249611736,0.001202985958,-0.000046625778,-1,0.001788740000,0.000046625778,0.001835365778,0.000835365778
2024-03-12,INJUSDT,0.001938240000,0.001208699417,0.001313313160,0.000104613743,-1,0.001938240000,-0.000104613743,0.001833626257,0.000833626257
2024-03-11,AVAXUSDT,0.001751370000,0.001319177312,0.001242247264,-0.000076930048,-1,0.001751370000,0.000076930048,0.001828300048,0.000828300048
2024-03-14,ETCUSDT,0.001501500000,0.001079243590,0.000752927382,-0.000326316208,-1,0.001501500000,0.000326316208,0.001827816208,0.000827816208
2024-03-10,AVAXUSDT,0.002031430000,0.001111205208,0.001319177312,0.000207972104,-1,0.002031430000,-0.000207972104,0.001823457896,0.000823457896
2024-03-11,ETHUSDT,0.001608990000,0.001188076979,0.000976275431,-0.000211801548,-1,0.001608990000,0.000211801548,0.001820791548,0.000820791548
2024-02-10,BNBUSDT,-0.001865140000,-0.001110898000,-0.001156847028,-0.000045949028,1,0.001865140000,-0.000045949028,0.001819190972,0.000819190972
2024-03-04,DOGEUSDT,0.001978970000,0.001138555736,0.001300017639,0.000161461903,-1,0.001978970000,-0.000161461903,0.001817508097,0.000817508097
2024-03-03,LTCUSDT,0.001848180000,0.001133178708,0.001169757278,0.000036578570,-1,0.001848180000,-0.000036578570,0.001811601430,0.000811601430
2024-02-19,INJUSDT,0.001631820000,0.001048764229,0.000869052049,-0.000179712180,-1,0.001631820000,0.000179712180,0.001811532180,0.000811532180
2024-03-12,DOGEUSDT,0.001890680000,0.001073191708,0.001155167958,0.000081976250,-1,0.001890680000,-0.000081976250,0.001808703750,0.000808703750
2024-03-11,ETCUSDT,0.001701150000,0.001204594521,0.001098180674,-0.000106413847,-1,0.001701150000,0.000106413847,0.001807563847,0.000807563847
2024-03-13,ADAUSDT,0.001796150000,0.001119851125,0.001108789417,-0.000011061708,-1,0.001796150000,0.000011061708,0.001807211708,0.000807211708
2024-03-14,SOLUSDT,0.001572250000,0.001066248118,0.000833194118,-0.000233054000,-1,0.001572250000,0.000233054000,0.001805304000,0.000805304000
2024-03-13,FILUSDT,0.001847460000,0.001146899792,0.001189246535,0.000042346743,-1,0.001847460000,-0.000042346743,0.001805113257,0.000805113257
2024-03-08,NEARUSDT,0.002065940000,0.001167093806,0.001428127660,0.000261033854,-1,0.002065940000,-0.000261033854,0.001804906146,0.000804906146
2024-03-11,SOLUSDT,0.001710170000,0.001299809028,0.001205942965,-0.000093866063,-1,0.001710170000,0.000093866063,0.001804036063,0.000804036063
2024-03-10,LINKUSDT,0.001876540000,0.001150421576,0.001228011153,0.000077589577,-1,0.001876540000,-0.000077589577,0.001798950423,0.000798950423
2024-03-13,ARBUSDT,0.001871540000,0.001155277257,0.001228045806,0.000072768549,-1,0.001871540000,-0.000072768549,0.001798771451,0.000798771451
2024-03-03,BNBUSDT,0.001784180000,0.001092816424,0.001078922931,-0.000013893493,-1,0.001784180000,0.000013893493,0.001798073493,0.000798073493
2024-03-01,ETCUSDT,0.001956410000,0.001306373924,0.001465597750,0.000159223826,-1,0.001956410000,-0.000159223826,0.001797186174,0.000797186174
2024-03-14,BNBUSDT,0.001399440000,0.000980849986,0.000587591833,-0.000393258153,-1,0.001399440000,0.000393258153,0.001792698153,0.000792698153
2024-02-27,NEARUSDT,0.001595520000,0.001040679361,0.000855664104,-0.000185015257,-1,0.001595520000,0.000185015257,0.001780535257,0.000780535257
2024-03-04,ADAUSDT,0.001862280000,0.001153283875,0.001241515285,0.000088231410,-1,0.001862280000,-0.000088231410,0.001774048590,0.000774048590
2024-03-09,LINKUSDT,0.001759200000,0.001163211549,0.001150421576,-0.000012789973,-1,0.001759200000,0.000012789973,0.001771989973,0.000771989973
2024-03-03,SOLUSDT,0.001889120000,0.001157226910,0.001275195771,0.000117968861,-1,0.001889120000,-0.000117968861,0.001771151139,0.000771151139
2024-03-01,SOLUSDT,0.001884510000,0.001192636986,0.001309653861,0.000117016875,-1,0.001884510000,-0.000117016875,0.001767493125,0.000767493125
2024-03-15,APTUSDT,0.001681820000,0.000912027917,0.000831533896,-0.000080494021,-1,0.001681820000,0.000080494021,0.001762314021,0.000762314021
2024-03-28,BCHUSDT,0.001821170000,0.001094784542,0.001157739986,0.000062955444,-1,0.001821170000,-0.000062955444,0.001758214556,0.000758214556
2024-03-04,LTCUSDT,0.001848760000,0.001169757278,0.001266764681,0.000097007403,-1,0.001848760000,-0.000097007403,0.001751752597,0.000751752597
2024-03-12,UNIUSDT,0.001723290000,0.001087587354,0.001064337514,-0.000023249840,-1,0.001723290000,0.000023249840,0.001746539840,0.000746539840
2024-02-27,ETCUSDT,0.001760530000,0.001128701222,0.001144612875,0.000015911653,-1,0.001760530000,-0.000015911653,0.001744618347,0.000744618347
2024-03-02,ETHUSDT,0.001616880000,0.001050951208,0.000928434382,-0.000122516826,-1,0.001616880000,0.000122516826,0.001739396826,0.000739396826
2024-03-13,BNBUSDT,0.001669740000,0.001049955778,0.000980849986,-0.000069105792,-1,0.001669740000,0.000069105792,0.001738845792,0.000738845792
2024-03-08,APTUSDT,0.002019840000,0.001217785944,0.001502713174,0.000284927230,-1,0.002019840000,-0.000284927230,0.001734912770,0.000734912770
2024-03-13,DOTUSDT,0.001717720000,0.001049138576,0.001033231576,-0.000015907000,-1,0.001717720000,0.000015907000,0.001733627000,0.000733627000
2024-03-09,ETCUSDT,0.001692350000,0.001088437882,0.001047862563,-0.000040575319,-1,0.001692350000,0.000040575319,0.001732925319,0.000732925319
2024-02-16,APTUSDT,0.001619290000,0.001022763403,0.000911687986,-0.000111075417,-1,0.001619290000,0.000111075417,0.001730365417,0.000730365417
2024-03-03,BCHUSDT,0.001632150000,0.000985718424,0.000890015493,-0.000095702931,-1,0.001632150000,0.000095702931,0.001727852931,0.000727852931
2024-03-02,BNBUSDT,0.001653580000,0.001165744896,0.001092816424,-0.000072928472,-1,0.001653580000,0.000072928472,0.001726508472,0.000726508472
2024-02-11,BNBUSDT,-0.001743010000,-0.001156847028,-0.001179960646,-0.000023113618,1,0.001743010000,-0.000023113618,0.001719896382,0.000719896382
2024-02-27,OPUSDT,0.001761420000,0.001073919771,0.001119618806,0.000045699035,-1,0.001761420000,-0.000045699035,0.001715720965,0.000715720965
2024-03-12,ETCUSDT,0.001766660000,0.001098180674,0.001149509563,0.000051328889,-1,0.001766660000,-0.000051328889,0.001715331111,0.000715331111
2024-03-07,ARBUSDT,0.001700300000,0.001152559083,0.001142690910,-0.000009868173,-1,0.001700300000,0.000009868173,0.001710168173,0.000710168173
2024-03-04,AVAXUSDT,0.001997600000,0.001159407938,0.001450104069,0.000290696131,-1,0.001997600000,-0.000290696131,0.001706903869,0.000706903869
2024-02-27,ARBUSDT,0.001804940000,0.001080983215,0.001184120056,0.000103136841,-1,0.001804940000,-0.000103136841,0.001701803159,0.000701803159
2024-03-12,LINKUSDT,0.001773220000,0.001100978542,0.001179825528,0.000078846986,-1,0.001773220000,-0.000078846986,0.001694373014,0.000694373014
2024-02-27,ADAUSDT,0.001695450000,0.001025884694,0.001028939958,0.000003055264,-1,0.001695450000,-0.000003055264,0.001692394736,0.000692394736
2024-01-01,OPUSDT,0.001628980000,0.001166237576,0.001115138257,-0.000051099319,-1,0.001628980000,0.000051099319,0.001680079319,0.000680079319
2024-03-28,ARBUSDT,0.001666950000,0.001086396701,0.001078479507,-0.000007917194,-1,0.001666950000,0.000007917194,0.001674867194,0.000674867194
2024-02-28,ARBUSDT,0.001927970000,0.001184120056,0.001440815097,0.000256695041,-1,0.001927970000,-0.000256695041,0.001671274959,0.000671274959
2024-02-27,XRPUSDT,0.001636820000,0.001070934382,0.001039539167,-0.000031395215,-1,0.001636820000,0.000031395215,0.001668215215,0.000668215215
2024-03-01,DOGEUSDT,0.001838240000,0.001137885174,0.001308858632,0.000170973458,-1,0.001838240000,-0.000170973458,0.001667266542,0.000667266542
2024-03-01,ARBUSDT,0.002031310000,0.001342790569,0.001710370819,0.000367580250,-1,0.002031310000,-0.000367580250,0.001663729750,0.000663729750
2024-03-29,LTCUSDT,0.001626020000,0.001129098049,0.001093835743,-0.000035262306,-1,0.001626020000,0.000035262306,0.001661282306,0.000661282306
2024-03-03,ADAUSDT,0.001682930000,0.001123680521,0.001153283875,0.000029603354,-1,0.001682930000,-0.000029603354,0.001653326646,0.000653326646
2024-02-27,DOTUSDT,0.001651500000,0.001017536972,0.001016107965,-0.000001429007,-1,0.001651500000,0.000001429007,0.001652929007,0.000652929007
2024-03-08,ETHUSDT,0.001497390000,0.001001556451,0.000851909833,-0.000149646618,-1,0.001497390000,0.000149646618,0.001647036618,0.000647036618
2024-01-01,FILUSDT,0.001693920000,0.001203221535,0.001251001924,0.000047780389,-1,0.001693920000,-0.000047780389,0.001646139611,0.000646139611
2024-02-20,APTUSDT,0.001499510000,0.000899986090,0.000754873229,-0.000145112861,-1,0.001499510000,0.000145112861,0.001644622861,0.000644622861
2024-03-28,DOGEUSDT,0.001598010000,0.001064368521,0.001019225951,-0.000045142570,-1,0.001598010000,0.000045142570,0.001643152570,0.000643152570
2024-03-29,INJUSDT,0.001685430000,0.001074722708,0.001118244167,0.000043521459,-1,0.001685430000,-0.000043521459,0.001641908541,0.000641908541
2024-03-09,BNBUSDT,-0.000557270000,-0.000690816514,0.000391848444,0.001082664958,1,0.000557270000,0.001082664958,0.001639934958,0.000639934958
2024-02-26,ETCUSDT,0.001718500000,0.001048936139,0.001128701222,0.000079765083,-1,0.001718500000,-0.000079765083,0.001638734917,0.000638734917
2024-03-01,APTUSDT,0.001909350000,0.001217679694,0.001488693236,0.000271013542,-1,0.001909350000,-0.000271013542,0.001638336458,0.000638336458
2024-02-27,FILUSDT,0.001562350000,0.001031808410,0.000959144431,-0.000072663979,-1,0.001562350000,0.000072663979,0.001635013979,0.000635013979
2024-03-04,BNBUSDT,0.001669170000,0.001078922931,0.001115557118,0.000036634187,-1,0.001669170000,-0.000036634187,0.001632535813,0.000632535813
2024-03-09,XRPUSDT,0.001551220000,0.001135540375,0.001056116340,-0.000079424035,-1,0.001551220000,0.000079424035,0.001630644035,0.000630644035
2024-02-27,AVAXUSDT,0.001662500000,0.001052247444,0.001084605229,0.000032357785,-1,0.001662500000,-0.000032357785,0.001630142215,0.000630142215
2024-03-01,LINKUSDT,0.001873330000,0.001237309007,0.001481455021,0.000244146014,-1,0.001873330000,-0.000244146014,0.001629183986,0.000629183986
2024-03-04,XRPUSDT,0.001749240000,0.001177953562,0.001300032799,0.000122079237,-1,0.001749240000,-0.000122079237,0.001627160763,0.000627160763
2024-03-01,INJUSDT,0.002045330000,0.001254873556,0.001674041438,0.000419167882,-1,0.002045330000,-0.000419167882,0.001626162118,0.000626162118
2024-03-08,DOGEUSDT,0.001728790000,0.001065530285,0.001170113444,0.000104583159,-1,0.001728790000,-0.000104583159,0.001624206841,0.000624206841
2024-03-04,NEARUSDT,0.001890860000,0.001221253514,0.001492997715,0.000271744201,-1,0.001890860000,-0.000271744201,0.001619115799,0.000619115799
2024-02-28,ETCUSDT,0.001835320000,0.001144612875,0.001370603306,0.000225990431,-1,0.001835320000,-0.000225990431,0.001609329569,0.000609329569
2024-02-29,NEARUSDT,0.001494080000,0.001264192097,0.001156122813,-0.000108069284,-1,0.001494080000,0.000108069284,0.001602149284,0.000602149284
2024-03-11,UNIUSDT,0.001542360000,0.001146928965,0.001087587354,-0.000059341611,-1,0.001542360000,0.000059341611,0.001601701611,0.000601701611
2024-02-26,OPUSDT,0.001603230000,0.001069981306,0.001073919771,0.000003938465,-1,0.001603230000,-0.000003938465,0.001599291535,0.000599291535
2024-01-19,BNBUSDT,-0.001431990000,-0.001054878167,-0.000888121958,0.000166756209,1,0.001431990000,0.000166756209,0.001598746209,0.000598746209
2024-02-27,SOLUSDT,0.001808810000,0.001041019361,0.001251655896,0.000210636535,-1,0.001808810000,-0.000210636535,0.001598173465,0.000598173465
2024-03-08,LTCUSDT,0.001617660000,0.001042929153,0.001063527917,0.000020598764,-1,0.001617660000,-0.000020598764,0.001597061236,0.000597061236
2024-03-01,BTCUSDT,0.001641560000,0.001033060528,0.001079891132,0.000046830604,-1,0.001641560000,-0.000046830604,0.001594729396,0.000594729396
2024-03-08,AVAXUSDT,0.001747820000,0.001099877882,0.001253934500,0.000154056618,-1,0.001747820000,-0.000154056618,0.001593763382,0.000593763382
2024-03-29,ETCUSDT,0.001507520000,0.000996364250,0.000914109340,-0.000082254910,-1,0.001507520000,0.000082254910,0.001589774910,0.000589774910
2024-03-29,ARBUSDT,0.001665120000,0.001078479507,0.001161048014,0.000082568507,-1,0.001665120000,-0.000082568507,0.001582551493,0.000582551493
2024-03-04,APTUSDT,0.001866160000,0.001195608479,0.001480346972,0.000284738493,-1,0.001866160000,-0.000284738493,0.001581421507,0.000581421507
2024-03-01,XRPUSDT,0.001861500000,0.001194029222,0.001479353389,0.000285324167,-1,0.001861500000,-0.000285324167,0.001576175833,0.000576175833
2024-01-02,BCHUSDT,0.000739970000,0.000610968799,-0.000223520722,-0.000834489521,-1,0.000739970000,0.000834489521,0.001574459521,0.000574459521
2024-03-10,OPUSDT,0.001736090000,0.001089150444,0.001252394458,0.000163244014,-1,0.001736090000,-0.000163244014,0.001572845986,0.000572845986
2024-03-10,UNIUSDT,0.001653100000,0.001064520840,0.001146928965,0.000082408125,-1,0.001653100000,-0.000082408125,0.001570691875,0.000570691875
2024-01-03,ARBUSDT,0.001239250000,0.000805932750,0.000475179451,-0.000330753299,-1,0.001239250000,0.000330753299,0.001570003299,0.000570003299
2024-03-13,UNIUSDT,0.001584030000,0.001064337514,0.001082658056,0.000018320542,-1,0.001584030000,-0.000018320542,0.001565709458,0.000565709458
2024-03-01,LTCUSDT,0.001806760000,0.001146533229,0.001387676465,0.000241143236,-1,0.001806760000,-0.000241143236,0.001565616764,0.000565616764
2024-01-22,BNBUSDT,-0.001349490000,-0.001020966965,-0.000804868757,0.000216098208,1,0.001349490000,0.000216098208,0.001565588208,0.000565588208
2024-03-07,OPUSDT,0.001527400000,0.001092410590,0.001055616201,-0.000036794389,-1,0.001527400000,0.000036794389,0.001564194389,0.000564194389
2024-03-13,ETHUSDT,0.001513460000,0.001016523104,0.000967116812,-0.000049406292,-1,0.001513460000,0.000049406292,0.001562866292,0.000562866292
2024-03-02,BTCUSDT,0.001469960000,0.001079891132,0.000989683840,-0.000090207292,-1,0.001469960000,0.000090207292,0.001560167292,0.000560167292
2024-02-20,ETCUSDT,0.001344550000,0.000825012375,0.000609741618,-0.000215270757,-1,0.001344550000,0.000215270757,0.001559820757,0.000559820757
2024-03-10,ADAUSDT,0.001857040000,0.001029169833,0.001326848410,0.000297678577,-1,0.001857040000,-0.000297678577,0.001559361423,0.000559361423
2024-03-28,BNBUSDT,0.001341350000,0.000965832674,0.000751670618,-0.000214162056,-1,0.001341350000,0.000214162056,0.001555512056,0.000555512056
2024-02-27,DOGEUSDT,0.001502920000,0.001058889611,0.001006705347,-0.000052184264,-1,0.001502920000,0.000052184264,0.001555104264,0.000555104264
2024-03-28,INJUSDT,0.001553790000,0.001074786917,0.001074722708,-0.000000064209,-1,0.001553790000,0.000000064209,0.001553854209,0.000553854209
2024-02-20,OPUSDT,0.001317650000,0.000878286590,0.000642316472,-0.000235970118,-1,0.001317650000,0.000235970118,0.001553620118,0.000553620118
2024-01-16,BNBUSDT,-0.001201570000,-0.001064998125,-0.000714553486,0.000350444639,1,0.001201570000,0.000350444639,0.001552014639,0.000552014639
2024-03-04,LINKUSDT,0.001712290000,0.001168525604,0.001338317736,0.000169792132,-1,0.001712290000,-0.000169792132,0.001542497868,0.000542497868
2024-03-09,DOGEUSDT,0.001496200000,0.001170113444,0.001126352042,-0.000043761402,-1,0.001496200000,0.000043761402,0.001539961402,0.000539961402
2024-02-26,APTUSDT,0.001643860000,0.001119765007,0.001224982563,0.000105217556,-1,0.001643860000,-0.000105217556,0.001538642444,0.000538642444
2024-03-29,DOGEUSDT,0.001475580000,0.001019225951,0.000956963229,-0.000062262722,-1,0.001475580000,0.000062262722,0.001537842722,0.000537842722
2024-03-27,APTUSDT,0.001575560000,0.000896214313,0.000936334917,0.000040120604,-1,0.001575560000,-0.000040120604,0.001535439396,0.000535439396
2024-03-04,ETCUSDT,0.001687630000,0.001186412951,0.001342634118,0.000156221167,-1,0.001687630000,-0.000156221167,0.001531408833,0.000531408833
2024-02-16,ETCUSDT,0.001364870000,0.000953304528,0.000788121278,-0.000165183250,-1,0.001364870000,0.000165183250,0.001530053250,0.000530053250
2024-03-09,LTCUSDT,0.001508410000,0.001063527917,0.001045672278,-0.000017855639,-1,0.001508410000,0.000017855639,0.001526265639,0.000526265639
2024-03-08,BTCUSDT,0.001412290000,0.000912629611,0.000803612660,-0.000109016951,-1,0.001412290000,0.000109016951,0.001521306951,0.000521306951
2024-02-20,FILUSDT,0.001411110000,0.000847667493,0.000738644090,-0.000109023403,-1,0.001411110000,0.000109023403,0.001520133403,0.000520133403
2024-03-26,APTUSDT,0.001351800000,0.001063861347,0.000896214313,-0.000167647034,-1,0.001351800000,0.000167647034,0.001519447034,0.000519447034
2024-01-03,ETCUSDT,0.000738030000,0.000391193340,-0.000386199458,-0.000777392798,-1,0.000738030000,0.000777392798,0.001515422798,0.000515422798
2024-03-13,XRPUSDT,0.001583280000,0.001074609701,0.001142867694,0.000068257993,-1,0.001583280000,-0.000068257993,0.001515022007,0.000515022007
2024-03-29,XRPUSDT,0.001579940000,0.001011722194,0.001076800688,0.000065078494,-1,0.001579940000,-0.000065078494,0.001514861506,0.000514861506
2024-01-01,ETCUSDT,0.001475930000,0.001043976986,0.001011779472,-0.000032197514,-1,0.001475930000,0.000032197514,0.001508127514,0.000508127514
2024-02-29,BCHUSDT,0.001403930000,0.001073252014,0.000974250132,-0.000099001882,-1,0.001403930000,0.000099001882,0.001502931882,0.000502931882
2024-03-13,BTCUSDT,0.001430460000,0.000964306333,0.000893351097,-0.000070955236,-1,0.001430460000,0.000070955236,0.001501415236,0.000501415236
2024-02-20,INJUSDT,0.001374150000,0.000869052049,0.000743468701,-0.000125583348,-1,0.001374150000,0.000125583348,0.001499733348,0.000499733348
2024-03-12,ETHUSDT,0.001539540000,0.000976275431,0.001016523104,0.000040247673,-1,0.001539540000,-0.000040247673,0.001499292327,0.000499292327
2024-03-04,BTCUSDT,0.001655240000,0.001114059194,0.001271782750,0.000157723556,-1,0.001655240000,-0.000157723556,0.001497516444,0.000497516444
2024-01-02,LINKUSDT,0.000928450000,0.000802178215,0.000234569653,-0.000567608562,-1,0.000928450000,0.000567608562,0.001496058562,0.000496058562
2024-03-08,OPUSDT,0.001686850000,0.001055616201,0.001247555979,0.000191939778,-1,0.001686850000,-0.000191939778,0.001494910222,0.000494910222
2024-02-19,APTUSDT,0.001357660000,0.001036611896,0.000899986090,-0.000136625806,-1,0.001357660000,0.000136625806,0.001494285806,0.000494285806
2024-02-23,BNBUSDT,-0.001643420000,-0.001119199285,-0.001271799625,-0.000152600340,1,0.001643420000,-0.000152600340,0.001490819660,0.000490819660
2024-03-08,XRPUSDT,0.001643840000,0.000978125097,0.001135540375,0.000157415278,-1,0.001643840000,-0.000157415278,0.001486424722,0.000486424722
2024-03-08,ETCUSDT,0.001543250000,0.001027493417,0.001088437882,0.000060944465,-1,0.001543250000,-0.000060944465,0.001482305535,0.000482305535
2024-03-01,OPUSDT,0.001807050000,0.001293321729,0.001621095764,0.000327774035,-1,0.001807050000,-0.000327774035,0.001479275965,0.000479275965
2024-03-29,ADAUSDT,0.001432840000,0.000948257361,0.000911159194,-0.000037098167,-1,0.001432840000,0.000037098167,0.001469938167,0.000469938167
2024-03-04,DOTUSDT,0.001608860000,0.001099801875,0.001240110250,0.000140308375,-1,0.001608860000,-0.000140308375,0.001468551625,0.000468551625
2024-03-07,APTUSDT,0.001576490000,0.001109383806,0.001217785944,0.000108402138,-1,0.001576490000,-0.000108402138,0.001468087862,0.000468087862
2024-02-19,OPUSDT,0.001358890000,0.000982860312,0.000878286590,-0.000104573722,-1,0.001358890000,0.000104573722,0.001463463722,0.000463463722
2024-02-26,SOLUSDT,0.001493790000,0.001010429833,0.001041019361,0.000030589528,-1,0.001493790000,-0.000030589528,0.001463200472,0.000463200472
2024-03-13,LTCUSDT,0.001493540000,0.001047058917,0.001084570340,0.000037511423,-1,0.001493540000,-0.000037511423,0.001456028577,0.000456028577
2024-03-01,DOTUSDT,0.001754430000,0.001144093201,0.001446239111,0.000302145910,-1,0.001754430000,-0.000302145910,0.001452284090,0.000452284090
2024-03-28,OPUSDT,0.001412410000,0.001027472951,0.000993996722,-0.000033476229,-1,0.001412410000,0.000033476229,0.001445886229,0.000445886229
2024-03-07,SOLUSDT,0.001456560000,0.001047940507,0.001059969201,0.000012028694,-1,0.001456560000,-0.000012028694,0.001444531306,0.000444531306
2024-03-14,ETHUSDT,0.001265770000,0.000967116812,0.000789281215,-0.000177835597,-1,0.001265770000,0.000177835597,0.001443605597,0.000443605597
2024-03-27,INJUSDT,0.001519590000,0.000996819326,0.001074786917,0.000077967591,-1,0.001519590000,-0.000077967591,0.001441622409,0.000441622409
2024-03-07,FILUSDT,0.001627160000,0.001093336875,0.001279309556,0.000185972681,-1,0.001627160000,-0.000185972681,0.001441187319,0.000441187319
2024-01-03,FILUSDT,0.001038510000,0.000555006618,0.000153801896,-0.000401204722,-1,0.001038510000,0.000401204722,0.001439714722,0.000439714722
2024-03-07,XRPUSDT,0.001370760000,0.001043529347,0.000978125097,-0.000065404250,-1,0.001370760000,0.000065404250,0.001436164250,0.000436164250
2024-03-01,NEARUSDT,0.001798990000,0.001156122813,0.001518955646,0.000362832833,-1,0.001798990000,-0.000362832833,0.001436157167,0.000436157167
2024-03-10,XRPUSDT,0.001681640000,0.001056116340,0.001306126083,0.000250009743,-1,0.001681640000,-0.000250009743,0.001431630257,0.000431630257
2024-03-03,ETCUSDT,0.001602870000,0.001014082340,0.001186412951,0.000172330611,-1,0.001602870000,-0.000172330611,0.001430539389,0.000430539389
2024-03-08,LINKUSDT,0.001559030000,0.001033057049,0.001163211549,0.000130154500,-1,0.001559030000,-0.000130154500,0.001428875500,0.000428875500
2024-02-28,OPUSDT,0.001636300000,0.001119618806,0.001335831910,0.000216213104,-1,0.001636300000,-0.000216213104,0.001420086896,0.000420086896
2024-03-01,ETHUSDT,0.001445820000,0.001012010042,0.001050951208,0.000038941166,-1,0.001445820000,-0.000038941166,0.001406878834,0.000406878834
2024-03-29,APTUSDT,0.001329030000,0.001000107660,0.000923639812,-0.000076467848,-1,0.001329030000,0.000076467848,0.001405497848,0.000405497848
2024-03-08,ADAUSDT,0.001601370000,0.001016184243,0.001220260604,0.000204076361,-1,0.001601370000,-0.000204076361,0.001397293639,0.000397293639
2024-03-10,BTCUSDT,0.001489400000,0.001047258188,0.001150552743,0.000103294555,-1,0.001489400000,-0.000103294555,0.001386105445,0.000386105445
2024-03-01,FILUSDT,0.001833780000,0.001155797007,0.001606962118,0.000451165111,-1,0.001833780000,-0.000451165111,0.001382614889,0.000382614889
2024-03-10,LTCUSDT,0.001673860000,0.001045672278,0.001340467812,0.000294795534,-1,0.001673860000,-0.000294795534,0.001379064466,0.000379064466
2024-03-10,ETCUSDT,0.001534920000,0.001047862563,0.001204594521,0.000156731958,-1,0.001534920000,-0.000156731958,0.001378188042,0.000378188042
2024-03-12,BTCUSDT,0.001377050000,0.000961728201,0.000964306333,0.000002578132,-1,0.001377050000,-0.000002578132,0.001374471868,0.000374471868
2024-02-27,UNIUSDT,0.001375860000,0.001045281507,0.001050028014,0.000004746507,-1,0.001375860000,-0.000004746507,0.001371113493,0.000371113493
2024-03-15,SOLUSDT,0.001247850000,0.000833194118,0.000710341583,-0.000122852535,-1,0.001247850000,0.000122852535,0.001370702535,0.000370702535
2024-03-27,NEARUSDT,0.001373420000,0.000902932597,0.000906166757,0.000003234160,-1,0.001373420000,-0.000003234160,0.001370185840,0.000370185840
2024-02-15,APTUSDT,0.001372290000,0.001020653819,0.001022763403,0.000002109584,-1,0.001372290000,-0.000002109584,0.001370180416,0.000370180416
2024-03-04,UNIUSDT,0.001596900000,0.001047517215,0.001289361653,0.000241844438,-1,0.001596900000,-0.000241844438,0.001355055562,0.000355055562
2024-02-26,INJUSDT,0.001489010000,0.001011261528,0.001145918201,0.000134656673,-1,0.001489010000,-0.000134656673,0.001354353327,0.000354353327
2024-03-01,UNIUSDT,0.001520340000,0.001046698750,0.001215035951,0.000168337201,-1,0.001520340000,-0.000168337201,0.001352002799,0.000352002799
2024-03-01,ADAUSDT,0.001549230000,0.001145802694,0.001344014236,0.000198211542,-1,0.001549230000,-0.000198211542,0.001351018458,0.000351018458
2024-02-15,ETCUSDT,0.001335870000,0.000967540521,0.000953304528,-0.000014235993,-1,0.001335870000,0.000014235993,0.001350105993,0.000350105993
2024-02-20,XRPUSDT,0.001163650000,0.000767403035,0.000581221750,-0.000186181285,-1,0.001163650000,0.000186181285,0.001349831285,0.000349831285
2024-03-01,AVAXUSDT,0.001754330000,0.001127061076,0.001541932562,0.000414871486,-1,0.001754330000,-0.000414871486,0.001339458514,0.000339458514
2024-01-01,NEARUSDT,0.001311030000,0.001031449604,0.001008466875,-0.000022982729,-1,0.001311030000,0.000022982729,0.001334012729,0.000334012729
2024-01-01,APTUSDT,0.001425510000,0.001041976417,0.001137523201,0.000095546784,-1,0.001425510000,-0.000095546784,0.001329963216,0.000329963216
2024-02-25,ETCUSDT,0.001370400000,0.001005706132,0.001048936139,0.000043230007,-1,0.001370400000,-0.000043230007,0.001327169993,0.000327169993
2024-03-07,ETCUSDT,0.001379010000,0.000973089125,0.001027493417,0.000054404292,-1,0.001379010000,-0.000054404292,0.001324605708,0.000324605708
2024-02-26,AVAXUSDT,0.001395380000,0.000981091174,0.001052247444,0.000071156270,-1,0.001395380000,-0.000071156270,0.001324223730,0.000324223730
2024-02-29,BNBUSDT,0.001220520000,0.001049474486,0.000949464625,-0.000100009861,-1,0.001220520000,0.000100009861,0.001320529861,0.000320529861
2024-02-28,SOLUSDT,0.001519050000,0.001251655896,0.001458576993,0.000206921097,-1,0.001519050000,-0.000206921097,0.001312128903,0.000312128903
2024-03-10,SOLUSDT,0.001589630000,0.001022212590,0.001299809028,0.000277596438,-1,0.001589630000,-0.000277596438,0.001312033562,0.000312033562
2024-03-12,DOTUSDT,0.001373040000,0.000986442333,0.001049138576,0.000062696243,-1,0.001373040000,-0.000062696243,0.001310343757,0.000310343757
2024-01-03,APTUSDT,0.001127060000,0.000541976576,0.000362419278,-0.000179557298,-1,0.001127060000,0.000179557298,0.001306617298,0.000306617298
2024-03-29,NEARUSDT,0.001238110000,0.001038457410,0.000978196146,-0.000060261264,-1,0.001238110000,0.000060261264,0.001298371264,0.000298371264
2024-03-28,FILUSDT,0.001293770000,0.000990279417,0.000988606042,-0.000001673375,-1,0.001293770000,0.000001673375,0.001295443375,0.000295443375
2024-03-29,FILUSDT,0.001304030000,0.000988606042,0.000998219472,0.000009613430,-1,0.001304030000,-0.000009613430,0.001294416570,0.000294416570
2024-01-03,OPUSDT,0.001048080000,0.000673843604,0.000429916917,-0.000243926687,-1,0.001048080000,0.000243926687,0.001292006687,0.000292006687
2024-02-23,APTUSDT,0.001268530000,0.000903386590,0.000881436514,-0.000021950076,-1,0.001268530000,0.000021950076,0.001290480076,0.000290480076
2024-02-28,INJUSDT,0.001722080000,0.001062592403,0.001495888153,0.000433295750,-1,0.001722080000,-0.000433295750,0.001288784250,0.000288784250
2024-03-07,BTCUSDT,0.001255120000,0.000942901375,0.000912629611,-0.000030271764,-1,0.001255120000,0.000030271764,0.001285391764,0.000285391764
2024-03-14,BTCUSDT,0.001014040000,0.000893351097,0.000622183375,-0.000271167722,-1,0.001014040000,0.000271167722,0.001285207722,0.000285207722
2024-03-07,AVAXUSDT,0.001377560000,0.001006122736,0.001099877882,0.000093755146,-1,0.001377560000,-0.000093755146,0.001283804854,0.000283804854
2024-01-01,INJUSDT,0.001440300000,0.001093994528,0.001251125271,0.000157130743,-1,0.001440300000,-0.000157130743,0.001283169257,0.000283169257
2024-02-20,ADAUSDT,0.000998790000,0.000765340236,0.000481144694,-0.000284195542,-1,0.000998790000,0.000284195542,0.001282985542,0.000282985542
2024-02-20,NEARUSDT,0.001140030000,0.000830912583,0.000688076778,-0.000142835805,-1,0.001140030000,0.000142835805,0.001282865805,0.000282865805
2024-02-18,NEARUSDT,0.001213820000,0.000923401153,0.000856703083,-0.000066698070,-1,0.001213820000,0.000066698070,0.001280518070,0.000280518070
2024-03-07,LINKUSDT,0.001304250000,0.001005897236,0.001033057049,0.000027159813,-1,0.001304250000,-0.000027159813,0.001277090187,0.000277090187
2024-03-27,DOGEUSDT,0.001364430000,0.000976897597,0.001064368521,0.000087470924,-1,0.001364430000,-0.000087470924,0.001276959076,0.000276959076
2024-02-26,LTCUSDT,0.001373890000,0.001003265264,0.001100409014,0.000097143750,-1,0.001373890000,-0.000097143750,0.001276746250,0.000276746250
2024-03-28,ETCUSDT,0.001314760000,0.000956803097,0.000996364250,0.000039561153,-1,0.001314760000,-0.000039561153,0.001275198847,0.000275198847
2024-03-11,DOTUSDT,0.001168900000,0.001088042035,0.000986442333,-0.000101599702,-1,0.001168900000,0.000101599702,0.001270499702,0.000270499702
2024-03-04,BCHUSDT,0.001376690000,0.000890015493,0.000998427549,0.000108412056,-1,0.001376690000,-0.000108412056,0.001268277944,0.000268277944
2024-01-15,BNBUSDT,0.000225980000,-0.000023291882,-0.001064998125,-0.001041706243,-1,0.000225980000,0.001041706243,0.001267686243,0.000267686243
2024-03-09,UNIUSDT,0.001286280000,0.001045181049,0.001064520840,0.000019339791,-1,0.001286280000,-0.000019339791,0.001266940209,0.000266940209
2024-03-26,NEARUSDT,0.001171430000,0.000997352340,0.000902932597,-0.000094419743,-1,0.001171430000,0.000094419743,0.001265849743,0.000265849743
2024-02-16,INJUSDT,0.001346280000,0.000924434979,0.001008174139,0.000083739160,-1,0.001346280000,-0.000083739160,0.001262540840,0.000262540840
2024-03-28,UNIUSDT,0.001231760000,0.000912737896,0.000886673146,-0.000026064750,-1,0.001231760000,0.000026064750,0.001257824750,0.000257824750
2024-03-15,ARBUSDT,0.001191770000,0.000808589465,0.000752077431,-0.000056512034,-1,0.001191770000,0.000056512034,0.001248282034,0.000248282034
2024-01-20,BNBUSDT,-0.001144590000,-0.000888121958,-0.000784521201,0.000103600757,1,0.001144590000,0.000103600757,0.001248190757,0.000248190757
2024-02-26,ARBUSDT,0.001307660000,0.001020164500,0.001080983215,0.000060818715,-1,0.001307660000,-0.000060818715,0.001246841285,0.000246841285
2024-03-28,DOTUSDT,0.001223410000,0.000899921299,0.000876732444,-0.000023188855,-1,0.001223410000,0.000023188855,0.001246598855,0.000246598855
2024-03-29,AVAXUSDT,0.001340790000,0.000995734424,0.001095176653,0.000099442229,-1,0.001340790000,-0.000099442229,0.001241347771,0.000241347771
2024-03-29,OPUSDT,0.001333900000,0.000993996722,0.001091363333,0.000097366611,-1,0.001333900000,-0.000097366611,0.001236533389,0.000236533389
2024-02-28,AVAXUSDT,0.001563850000,0.001084605229,0.001416594299,0.000331989070,-1,0.001563850000,-0.000331989070,0.001231860930,0.000231860930
2024-01-01,UNIUSDT,0.001211260000,0.000986098931,0.000976138938,-0.000009959993,-1,0.001211260000,0.000009959993,0.001221219993,0.000221219993
2024-02-15,INJUSDT,0.001183310000,0.000960819660,0.000924434979,-0.000036384681,-1,0.001183310000,0.000036384681,0.001219694681,0.000219694681
2024-03-06,APTUSDT,0.001273760000,0.001054396674,0.001109383806,0.000054987132,-1,0.001273760000,-0.000054987132,0.001218772868,0.000218772868
2024-02-27,ETHUSDT,0.001249780000,0.000990421007,0.001021720681,0.000031299674,-1,0.001249780000,-0.000031299674,0.001218480326,0.000218480326
2024-02-14,BNBUSDT,-0.001004000000,-0.000754129819,-0.000539843347,0.000214286472,1,0.001004000000,0.000214286472,0.001218286472,0.000218286472
2024-02-25,INJUSDT,0.001269890000,0.000957345250,0.001011261528,0.000053916278,-1,0.001269890000,-0.000053916278,0.001215973722,0.000215973722
2024-03-03,BTCUSDT,0.001338540000,0.000989683840,0.001114059194,0.000124375354,-1,0.001338540000,-0.000124375354,0.001214164646,0.000214164646
2024-02-28,XRPUSDT,0.001582380000,0.001039539167,0.001408696236,0.000369157069,-1,0.001582380000,-0.000369157069,0.001213222931,0.000213222931
2024-03-28,XRPUSDT,0.001227040000,0.000993424590,0.001011722194,0.000018297604,-1,0.001227040000,-0.000018297604,0.001208742396,0.000208742396
2024-03-15,AVAXUSDT,0.001153120000,0.000873773125,0.000822929882,-0.000050843243,-1,0.001153120000,0.000050843243,0.001203963243,0.000203963243
2024-02-18,ADAUSDT,0.001109430000,0.000800492729,0.000708555396,-0.000091937333,-1,0.001109430000,0.000091937333,0.001201367333,0.000201367333
2024-01-03,DOGEUSDT,0.000849590000,0.000210896000,-0.000133776139,-0.000344672139,-1,0.000849590000,0.000344672139,0.001194262139,0.000194262139
2024-02-27,BTCUSDT,0.001287480000,0.000950546479,0.001046017424,0.000095470945,-1,0.001287480000,-0.000095470945,0.001192009055,0.000192009055
2024-02-19,DOGEUSDT,0.000961980000,0.000846789160,0.000628558715,-0.000218230445,-1,0.000961980000,0.000218230445,0.001180210445,0.000180210445
2024-03-28,ETHUSDT,0.001115030000,0.000861241014,0.000799469056,-0.000061771958,-1,0.001115030000,0.000061771958,0.001176801958,0.000176801958
2024-03-28,AVAXUSDT,0.001186640000,0.000983061403,0.000995734424,0.000012673021,-1,0.001186640000,-0.000012673021,0.001173966979,0.000173966979
2024-01-23,BNBUSDT,-0.000909050000,-0.000804868757,-0.000540848326,0.000264020431,1,0.000909050000,0.000264020431,0.001173070431,0.000173070431
2024-02-26,UNIUSDT,0.001322660000,0.000894436965,0.001045281507,0.000150844542,-1,0.001322660000,-0.000150844542,0.001171815458,0.000171815458
2024-02-08,BNBUSDT,-0.001109830000,-0.001213254313,-0.001152643403,0.000060610910,1,0.001109830000,0.000060610910,0.001170440910,0.000170440910
2024-03-18,AVAXUSDT,0.000965540000,0.000834220847,0.000630681076,-0.000203539771,-1,0.000965540000,0.000203539771,0.001169079771,0.000169079771
2024-02-18,APTUSDT,0.001232400000,0.000972827132,0.001036611896,0.000063784764,-1,0.001232400000,-0.000063784764,0.001168615236,0.000168615236
2024-03-28,ADAUSDT,0.001159160000,0.000956311708,0.000948257361,-0.000008054347,-1,0.001159160000,0.000008054347,0.001167214347,0.000167214347
2024-01-01,ARBUSDT,0.001321460000,0.001113387785,0.001268337847,0.000154950062,-1,0.001321460000,-0.000154950062,0.001166509938,0.000166509938
2024-03-07,BNBUSDT,0.000193890000,0.000471758736,-0.000495525799,-0.000967284535,-1,0.000193890000,0.000967284535,0.001161174535,0.000161174535
2024-03-27,ETCUSDT,0.001175930000,0.000940293889,0.000956803097,0.000016509208,-1,0.001175930000,-0.000016509208,0.001159420792,0.000159420792
2024-02-26,DOTUSDT,0.001211890000,0.000964668125,0.001017536972,0.000052868847,-1,0.001211890000,-0.000052868847,0.001159021153,0.000159021153
2024-03-16,AVAXUSDT,0.000981090000,0.000822929882,0.000646634521,-0.000176295361,-1,0.000981090000,0.000176295361,0.001157385361,0.000157385361
2024-02-17,APTUSDT,0.001218360000,0.000911687986,0.000972827132,0.000061139146,-1,0.001218360000,-0.000061139146,0.001157220854,0.000157220854
2024-03-10,DOTUSDT,0.001382910000,0.000861869542,0.001088042035,0.000226172493,-1,0.001382910000,-0.000226172493,0.001156737507,0.000156737507
2024-03-15,OPUSDT,0.001082880000,0.000791693681,0.000718594368,-0.000073099313,-1,0.001082880000,0.000073099313,0.001155979313,0.000155979313
2024-02-15,AVAXUSDT,0.000962710000,0.000820673139,0.000632815500,-0.000187857639,-1,0.000962710000,0.000187857639,0.001150567639,0.000150567639
2024-02-28,FILUSDT,0.001525440000,0.000959144431,0.001338432465,0.000379288034,-1,0.001525440000,-0.000379288034,0.001146151966,0.000146151966
2024-03-27,ARBUSDT,0.001268940000,0.000962267986,0.001086396701,0.000124128715,-1,0.001268940000,-0.000124128715,0.001144811285,0.000144811285
2024-03-27,LINKUSDT,0.001163520000,0.000875777944,0.000897723028,0.000021945084,-1,0.001163520000,-0.000021945084,0.001141574916,0.000141574916
2024-02-28,UNIUSDT,0.001380750000,0.001050028014,0.001291459187,0.000241431173,-1,0.001380750000,-0.000241431173,0.001139318827,0.000139318827
2024-03-15,ETCUSDT,0.001068250000,0.000752927382,0.000683940931,-0.000068986451,-1,0.001068250000,0.000068986451,0.001137236451,0.000137236451
2024-03-14,BCHUSDT,0.000390990000,0.000413779785,-0.000328117396,-0.000741897181,-1,0.000390990000,0.000741897181,0.001132887181,0.000132887181
2024-03-28,LINKUSDT,0.001088570000,0.000897723028,0.000853412021,-0.000044311007,-1,0.001088570000,0.000044311007,0.001132881007,0.000132881007
2024-03-27,LTCUSDT,0.001129520000,0.000871125715,0.000868565604,-0.000002560111,-1,0.001129520000,0.000002560111,0.001132080111,0.000132080111
2024-02-20,SOLUSDT,0.001091460000,0.000775094771,0.000734686097,-0.000040408674,-1,0.001091460000,0.000040408674,0.001131868674,0.000131868674
2024-03-12,BCHUSDT,-0.000547430000,-0.000468586285,0.000115417104,0.000584003389,1,0.000547430000,0.000584003389,0.001131433389,0.000131433389
2024-03-26,ARBUSDT,0.001155780000,0.000935080840,0.000962267986,0.000027187146,-1,0.001155780000,-0.000027187146,0.001128592854,0.000128592854
2024-03-27,OPUSDT,0.001209420000,0.000944796493,0.001027472951,0.000082676458,-1,0.001209420000,-0.000082676458,0.001126743542,0.000126743542
2024-03-06,BTCUSDT,0.001195100000,0.000873644278,0.000942901375,0.000069257097,-1,0.001195100000,-0.000069257097,0.001125842903,0.000125842903
2024-03-08,BCHUSDT,0.000300000000,0.000344505097,-0.000478914729,-0.000823419826,-1,0.000300000000,0.000823419826,0.001123419826,0.000123419826
2024-03-29,SOLUSDT,0.001212400000,0.000930454208,0.001020808847,0.000090354639,-1,0.001212400000,-0.000090354639,0.001122045361,0.000122045361
2024-02-25,UNIUSDT,0.001080540000,0.000935542208,0.000894436965,-0.000041105243,-1,0.001080540000,0.000041105243,0.001121645243,0.000121645243
2024-03-07,ADAUSDT,0.001141620000,0.000995466257,0.001016184243,0.000020717986,-1,0.001141620000,-0.000020717986,0.001120902014,0.000120902014
2024-02-20,LTCUSDT,0.000957080000,0.000697833410,0.000535548340,-0.000162285070,-1,0.000957080000,0.000162285070,0.001119365070,0.000119365070
2024-03-03,ETHUSDT,0.001147940000,0.000928434382,0.000959546937,0.000031112555,-1,0.001147940000,-0.000031112555,0.001116827445,0.000116827445
2024-02-26,ADAUSDT,0.001176620000,0.000957405201,0.001025884694,0.000068479493,-1,0.001176620000,-0.000068479493,0.001108140507,0.000108140507
2024-02-28,LTCUSDT,0.001423120000,0.001045209444,0.001361098694,0.000315889250,-1,0.001423120000,-0.000315889250,0.001107230750,0.000107230750
2024-02-19,ARBUSDT,0.000969380000,0.000863902514,0.000728471688,-0.000135430826,-1,0.000969380000,0.000135430826,0.001104810826,0.000104810826
2024-03-07,ETHUSDT,0.001190860000,0.000913537229,0.001001556451,0.000088019222,-1,0.001190860000,-0.000088019222,0.001102840778,0.000102840778
2024-02-20,ARBUSDT,0.000980170000,0.000728471688,0.000607676625,-0.000120795063,-1,0.000980170000,0.000120795063,0.001100965063,0.000100965063
2024-01-03,AVAXUSDT,0.000813480000,0.000224275993,-0.000062496819,-0.000286772812,-1,0.000813480000,0.000286772812,0.001100252812,0.000100252812
2024-01-03,XRPUSDT,0.000888510000,0.000332671576,0.000122798444,-0.000209873132,-1,0.000888510000,0.000209873132,0.001098383132,0.000098383132
2024-02-25,LTCUSDT,0.001157200000,0.000941995444,0.001003265264,0.000061269820,-1,0.001157200000,-0.000061269820,0.001095930180,0.000095930180
2024-03-15,FILUSDT,0.001086780000,0.000776250188,0.000767496681,-0.000008753507,-1,0.001086780000,0.000008753507,0.001095533507,0.000095533507
2024-02-28,ADAUSDT,0.001408470000,0.001028939958,0.001344828028,0.000315888070,-1,0.001408470000,-0.000315888070,0.001092581930,0.000092581930
2024-03-18,OPUSDT,0.000844710000,0.000813923090,0.000567952917,-0.000245970173,-1,0.000844710000,0.000245970173,0.001090680173,0.000090680173
2024-02-27,BNBUSDT,-0.000651080000,-0.000922025590,-0.000483707368,0.000438318222,1,0.000651080000,0.000438318222,0.001089398222,0.000089398222
2024-02-20,DOTUSDT,0.000893970000,0.000681795660,0.000489873222,-0.000191922438,-1,0.000893970000,0.000191922438,0.001085892438,0.000085892438
2024-01-01,AVAXUSDT,0.001180310000,0.000979074674,0.001075863549,0.000096788875,-1,0.001180310000,-0.000096788875,0.001083521125,0.000083521125
2024-03-09,SOLUSDT,0.001214380000,0.000889859861,0.001022212590,0.000132352729,-1,0.001214380000,-0.000132352729,0.001082027271,0.000082027271
2024-03-15,XRPUSDT,0.001063870000,0.000757525472,0.000740028056,-0.000017497416,-1,0.001063870000,0.000017497416,0.001081367416,0.000081367416
2024-02-19,NEARUSDT,0.001049080000,0.000856703083,0.000830912583,-0.000025790500,-1,0.001049080000,0.000025790500,0.001074870500,0.000074870500
2024-03-27,BTCUSDT,0.001019390000,0.000821342104,0.000769066764,-0.000052275340,-1,0.001019390000,0.000052275340,0.001071665340,0.000071665340
2024-03-26,LINKUSDT,0.001036010000,0.000908443431,0.000875777944,-0.000032665487,-1,0.001036010000,0.000032665487,0.001068675487,0.000068675487
2024-02-24,APTUSDT,0.001135380000,0.000881436514,0.000948730479,0.000067293965,-1,0.001135380000,-0.000067293965,0.001068086035,0.000068086035
2024-03-28,APTUSDT,0.001129810000,0.000936334917,0.001000107660,0.000063772743,-1,0.001129810000,-0.000063772743,0.001066037257,0.000066037257
2024-03-07,INJUSDT,0.001316860000,0.000966620674,0.001223032139,0.000256411465,-1,0.001316860000,-0.000256411465,0.001060448535,0.000060448535
2024-02-25,SOLUSDT,0.001114660000,0.000956058049,0.001010429833,0.000054371784,-1,0.001114660000,-0.000054371784,0.001060288216,0.000060288216
2024-02-19,ETCUSDT,0.000987870000,0.000894449778,0.000825012375,-0.000069437403,-1,0.000987870000,0.000069437403,0.001057307403,0.000057307403
2024-02-23,NEARUSDT,0.000978200000,0.000817314764,0.000738624167,-0.000078690597,-1,0.000978200000,0.000078690597,0.001056890597,0.000056890597
2024-01-17,BNBUSDT,-0.001076040000,-0.000714553486,-0.000735172285,-0.000020618799,1,0.001076040000,-0.000020618799,0.001055421201,0.000055421201
2024-02-25,APTUSDT,0.001225960000,0.000948730479,0.001119765007,0.000171034528,-1,0.001225960000,-0.000171034528,0.001054925472,0.000054925472
2024-03-16,APTUSDT,0.001007700000,0.000831533896,0.000784700458,-0.000046833438,-1,0.001007700000,0.000046833438,0.001054533438,0.000054533438
2024-03-16,BNBUSDT,0.000551340000,0.000694391444,0.000191942910,-0.000502448534,-1,0.000551340000,0.000502448534,0.001053788534,0.000053788534
2024-03-26,BNBUSDT,0.001062110000,0.000883505639,0.000892682236,0.000009176597,-1,0.001062110000,-0.000009176597,0.001052933403,0.000052933403
2024-02-25,NEARUSDT,0.001081270000,0.000888040458,0.000918027660,0.000029987202,-1,0.001081270000,-0.000029987202,0.001051282798,0.000051282798
2024-02-23,FILUSDT,0.001017840000,0.000760150563,0.000727738840,-0.000032411723,-1,0.001017840000,0.000032411723,0.001050251723,0.000050251723
2024-02-25,DOGEUSDT,0.000970440000,0.000872661306,0.000794693896,-0.000077967410,-1,0.000970440000,0.000077967410,0.001048407410,0.000048407410
2024-02-18,ARBUSDT,0.001042650000,0.000862243875,0.000863902514,0.000001658639,-1,0.001042650000,-0.000001658639,0.001040991361,0.000040991361
2024-02-17,FILUSDT,0.000942300000,0.000863760792,0.000767929736,-0.000095831056,-1,0.000942300000,0.000095831056,0.001038131056,0.000038131056
2024-02-19,FILUSDT,0.000998040000,0.000887456792,0.000847667493,-0.000039789299,-1,0.000998040000,0.000039789299,0.001037829299,0.000037829299
2024-01-03,DOTUSDT,0.000659860000,0.000190322875,-0.000186002847,-0.000376325722,-1,0.000659860000,0.000376325722,0.001036185722,0.000036185722
2024-03-27,ADAUSDT,0.001133170000,0.000857889153,0.000956311708,0.000098422555,-1,0.001133170000,-0.000098422555,0.001034747445,0.000034747445
2024-02-28,DOTUSDT,0.001315220000,0.001016107965,0.001301447361,0.000285339396,-1,0.001315220000,-0.000285339396,0.001029880604,0.000029880604
2024-03-26,AVAXUSDT,0.000938890000,0.000893123299,0.000803753319,-0.000089369980,-1,0.000938890000,0.000089369980,0.001028259980,0.000028259980
2024-03-06,NEARUSDT,0.001109690000,0.001076371597,0.001160067104,0.000083695507,-1,0.001109690000,-0.000083695507,0.001025994493,0.000025994493
2024-03-27,FILUSDT,0.001160780000,0.000851983750,0.000990279417,0.000138295667,-1,0.001160780000,-0.000138295667,0.001022484333,0.000022484333
2024-02-28,LINKUSDT,0.001355970000,0.000977484569,0.001313490785,0.000336006216,-1,0.001355970000,-0.000336006216,0.001019963784,0.000019963784
2024-02-14,APTUSDT,0.001083210000,0.000954095201,0.001020653819,0.000066558618,-1,0.001083210000,-0.000066558618,0.001016651382,0.000016651382
2024-02-15,OPUSDT,0.000925770000,0.000836335431,0.000746357139,-0.000089978292,-1,0.000925770000,0.000089978292,0.001015748292,0.000015748292
2024-02-24,ADAUSDT,0.000988280000,0.000843604993,0.000820834062,-0.000022770931,-1,0.000988280000,0.000022770931,0.001011050931,0.000011050931
2024-03-07,DOTUSDT,0.001075460000,0.000849011410,0.000913438764,0.000064427354,-1,0.001075460000,-0.000064427354,0.001011032646,0.000011032646
2024-03-28,SOLUSDT,0.001032180000,0.000907450882,0.000930454208,0.000023003326,-1,0.001032180000,-0.000023003326,0.001009176674,0.000009176674
2024-02-19,XRPUSDT,0.000903730000,0.000871254028,0.000767403035,-0.000103850993,-1,0.000903730000,0.000103850993,0.001007580993,0.000007580993
2024-03-09,ETHUSDT,0.001052290000,0.000851909833,0.000898190806,0.000046280973,-1,0.001052290000,-0.000046280973,0.001006009027,0.000006009027
2024-03-18,NEARUSDT,0.000744860000,0.000631298403,0.000370336611,-0.000260961792,-1,0.000744860000,0.000260961792,0.001005821792,0.000005821792
2024-02-20,UNIUSDT,0.000937910000,0.000750464889,0.000683736000,-0.000066728889,-1,0.000937910000,0.000066728889,0.001004638889,0.000004638889
2024-03-29,UNIUSDT,0.001040410000,0.000886673146,0.000933282451,0.000046609305,-1,0.001040410000,-0.000046609305,0.000993800695,-0.000006199305
2024-01-24,BNBUSDT,-0.000462390000,-0.000540848326,-0.000011037347,0.000529810979,1,0.000462390000,0.000529810979,0.000992200979,-0.000007799021
2024-03-18,INJUSDT,0.000785070000,0.000787618431,0.000581107375,-0.000206511056,-1,0.000785070000,0.000206511056,0.000991581056,-0.000008418944
2024-02-19,SOLUSDT,0.000917400000,0.000847075632,0.000775094771,-0.000071980861,-1,0.000917400000,0.000071980861,0.000989380861,-0.000010619139
2024-01-03,LTCUSDT,0.000693350000,0.000291040986,-0.000001595257,-0.000292636243,-1,0.000693350000,0.000292636243,0.000985986243,-0.000014013757
2024-02-17,INJUSDT,0.001090910000,0.001008174139,0.001114565778,0.000106391639,-1,0.001090910000,-0.000106391639,0.000984518361,-0.000015481639
2024-02-26,XRPUSDT,0.001172420000,0.000880748104,0.001070934382,0.000190186278,-1,0.001172420000,-0.000190186278,0.000982233722,-0.000017766278
2024-03-28,NEARUSDT,0.001114050000,0.000906166757,0.001038457410,0.000132290653,-1,0.001114050000,-0.000132290653,0.000981759347,-0.000018240653
2024-03-15,ETHUSDT,0.000969990000,0.000789281215,0.000777929458,-0.000011351757,-1,0.000969990000,0.000011351757,0.000981341757,-0.000018658243
2024-03-15,LTCUSDT,0.000941940000,0.000743702542,0.000704386979,-0.000039315563,-1,0.000941940000,0.000039315563,0.000981255563,-0.000018744437
2024-02-13,INJUSDT,0.000960150000,0.000845405222,0.000825511785,-0.000019893437,-1,0.000960150000,0.000019893437,0.000980043437,-0.000019956563
2024-03-29,LINKUSDT,0.001051670000,0.000853412021,0.000931936000,0.000078523979,-1,0.001051670000,-0.000078523979,0.000973146021,-0.000026853979
2024-03-29,ETHUSDT,0.001017760000,0.000799469056,0.000846236424,0.000046767368,-1,0.001017760000,-0.000046767368,0.000970992632,-0.000029007368
2024-02-27,LINKUSDT,0.001045420000,0.000902960667,0.000977484569,0.000074523902,-1,0.001045420000,-0.000074523902,0.000970896098,-0.000029103902
2024-02-20,AVAXUSDT,0.000880360000,0.000643162840,0.000556921375,-0.000086241465,-1,0.000880360000,0.000086241465,0.000966601465,-0.000033398535
2024-03-29,DOTUSDT,0.001084240000,0.000876732444,0.000994968910,0.000118236466,-1,0.001084240000,-0.000118236466,0.000966003534,-0.000033996466
2024-03-19,APTUSDT,0.000826280000,0.000777043472,0.000637734785,-0.000139308687,-1,0.000826280000,0.000139308687,0.000965588687,-0.000034411313
2024-02-24,ETCUSDT,0.001070690000,0.000895879243,0.001005706132,0.000109826889,-1,0.001070690000,-0.000109826889,0.000960863111,-0.000039136889
2024-02-16,ADAUSDT,0.000960970000,0.000804188972,0.000805934236,0.000001745264,-1,0.000960970000,-0.000001745264,0.000959224736,-0.000040775264
2024-02-23,DOTUSDT,0.000914680000,0.000841015382,0.000800957083,-0.000040058299,-1,0.000914680000,0.000040058299,0.000954738299,-0.000045261701
2024-03-06,ETHUSDT,0.000994530000,0.000870182278,0.000913537229,0.000043354951,-1,0.000994530000,-0.000043354951,0.000951175049,-0.000048824951
2024-02-23,INJUSDT,0.000911650000,0.000862262264,0.000823526806,-0.000038735458,-1,0.000911650000,0.000038735458,0.000950385458,-0.000049614542
2024-02-16,FILUSDT,0.000999230000,0.000810208979,0.000863760792,0.000053551813,-1,0.000999230000,-0.000053551813,0.000945678187,-0.000054321813
2024-02-17,SOLUSDT,0.000879860000,0.000813638549,0.000754406611,-0.000059231938,-1,0.000879860000,0.000059231938,0.000939091938,-0.000060908062
2024-03-27,BNBUSDT,0.001010780000,0.000892682236,0.000965832674,0.000073150438,-1,0.001010780000,-0.000073150438,0.000937629562,-0.000062370438
2024-02-15,FILUSDT,0.000911070000,0.000835825931,0.000810208979,-0.000025616952,-1,0.000911070000,0.000025616952,0.000936686952,-0.000063313048
2024-01-01,BTCUSDT,0.000982230000,0.000894392646,0.000946425826,0.000052033180,-1,0.000982230000,-0.000052033180,0.000930196820,-0.000069803180
2024-03-15,LINKUSDT,0.000876480000,0.000705366431,0.000652846639,-0.000052519792,-1,0.000876480000,0.000052519792,0.000928999792,-0.000071000208
2024-02-28,BCHUSDT,0.001070790000,0.000931243125,0.001073252014,0.000142008889,-1,0.001070790000,-0.000142008889,0.000928781111,-0.000071218889
2024-03-26,FILUSDT,0.000904200000,0.000875336201,0.000851983750,-0.000023352451,-1,0.000904200000,0.000023352451,0.000927552451,-0.000072447549
2024-03-27,UNIUSDT,0.000961030000,0.000878556208,0.000912737896,0.000034181688,-1,0.000961030000,-0.000034181688,0.000926848312,-0.000073151688
2024-02-24,AVAXUSDT,0.000969660000,0.000785513736,0.000833641396,0.000048127660,-1,0.000969660000,-0.000048127660,0.000921532340,-0.000078467660
2024-02-19,DOTUSDT,0.000790940000,0.000807723694,0.000681795660,-0.000125928034,-1,0.000790940000,0.000125928034,0.000916868034,-0.000083131966
2024-03-06,OPUSDT,0.001067770000,0.000940085556,0.001092410590,0.000152325034,-1,0.001067770000,-0.000152325034,0.000915444966,-0.000084555034
2024-02-26,NEARUSDT,0.001037250000,0.000918027660,0.001040679361,0.000122651701,-1,0.001037250000,-0.000122651701,0.000914598299,-0.000085401701
2024-02-28,DOGEUSDT,0.001229670000,0.001006705347,0.001326284000,0.000319578653,-1,0.001229670000,-0.000319578653,0.000910091347,-0.000089908653
2024-03-08,DOTUSDT,0.001107580000,0.000913438764,0.001114955681,0.000201516917,-1,0.001107580000,-0.000201516917,0.000906063083,-0.000093936917
2024-02-13,APTUSDT,0.001031470000,0.000828595250,0.000954095201,0.000125499951,-1,0.001031470000,-0.000125499951,0.000905970049,-0.000094029951
2024-02-17,ETCUSDT,0.000919490000,0.000788121278,0.000802490021,0.000014368743,-1,0.000919490000,-0.000014368743,0.000905121257,-0.000094878743
2024-02-18,OPUSDT,0.000953660000,0.000931771799,0.000982860312,0.000051088513,-1,0.000953660000,-0.000051088513,0.000902571487,-0.000097428513
2024-03-04,ETHUSDT,0.001209640000,0.000959546937,0.001266995625,0.000307448688,-1,0.001209640000,-0.000307448688,0.000902191312,-0.000097808688
2024-01-01,SOLUSDT,0.001068760000,0.000945512785,0.001113438583,0.000167925798,-1,0.001068760000,-0.000167925798,0.000900834202,-0.000099165798
2024-02-26,BCHUSDT,0.001124050000,0.000901956521,0.001129823785,0.000227867264,-1,0.001124050000,-0.000227867264,0.000896182736,-0.000103817264
2024-03-16,NEARUSDT,0.000858440000,0.000803727451,0.000766226438,-0.000037501013,-1,0.000858440000,0.000037501013,0.000895941013,-0.000104058987
2024-02-24,ARBUSDT,0.000954870000,0.000786333083,0.000850327299,0.000063994216,-1,0.000954870000,-0.000063994216,0.000890875784,-0.000109124216
2024-02-28,NEARUSDT,0.001298520000,0.000855664104,0.001264192097,0.000408527993,-1,0.001298520000,-0.000408527993,0.000889992007,-0.000110007993
2024-02-22,APTUSDT,0.000896970000,0.000895354604,0.000903386590,0.000008031986,-1,0.000896970000,-0.000008031986,0.000888938014,-0.000111061986
2024-02-25,FILUSDT,0.000930660000,0.000851420910,0.000896162278,0.000044741368,-1,0.000930660000,-0.000044741368,0.000885918632,-0.000114081368
2024-03-27,SOLUSDT,0.000977690000,0.000814005951,0.000907450882,0.000093444931,-1,0.000977690000,-0.000093444931,0.000884245069,-0.000115754931
2024-03-18,SOLUSDT,0.000810810000,0.000740256285,0.000668954111,-0.000071302174,-1,0.000810810000,0.000071302174,0.000882112174,-0.000117887826
2024-01-01,ETHUSDT,0.001019650000,0.000914685056,0.001052650222,0.000137965166,-1,0.001019650000,-0.000137965166,0.000881684834,-0.000118315166
2024-02-18,LINKUSDT,0.000832760000,0.000766935069,0.000718325778,-0.000048609291,-1,0.000832760000,0.000048609291,0.000881369291,-0.000118630709
2024-02-16,LTCUSDT,0.000803690000,0.000747325618,0.000672471590,-0.000074854028,-1,0.000803690000,0.000074854028,0.000878544028,-0.000121455972
2024-01-03,INJUSDT,0.000900900000,0.000329589535,0.000352822333,0.000023232798,-1,0.000900900000,-0.000023232798,0.000877667202,-0.000122332798
2024-02-26,LINKUSDT,0.000948640000,0.000831624854,0.000902960667,0.000071335813,-1,0.000948640000,-0.000071335813,0.000877304187,-0.000122695813
2024-03-15,UNIUSDT,0.000847670000,0.000707827396,0.000681100090,-0.000026727306,-1,0.000847670000,0.000026727306,0.000874397306,-0.000125602694
2024-03-18,ETHUSDT,0.000733050000,0.000797953299,0.000660780132,-0.000137173167,-1,0.000733050000,0.000137173167,0.000870223167,-0.000129776833
2024-03-07,DOGEUSDT,0.001003810000,0.000930917354,0.001065530285,0.000134612931,-1,0.001003810000,-0.000134612931,0.000869197069,-0.000130802931
2024-03-01,BNBUSDT,0.001083680000,0.000949464625,0.001165744896,0.000216280271,-1,0.001083680000,-0.000216280271,0.000867399729,-0.000132600271
2024-03-26,OPUSDT,0.000932040000,0.000877090819,0.000944796493,0.000067705674,-1,0.000932040000,-0.000067705674,0.000864334326,-0.000135665674
2024-02-28,BTCUSDT,0.001039490000,0.001046017424,0.001223257229,0.000177239805,-1,0.001039490000,-0.000177239805,0.000862250195,-0.000137749805
2024-03-19,BTCUSDT,0.000800060000,0.000722409722,0.000661272569,-0.000061137153,-1,0.000800060000,0.000061137153,0.000861197153,-0.000138802847
2024-02-23,UNIUSDT,0.000776890000,0.000870051035,0.000786807757,-0.000083243278,-1,0.000776890000,0.000083243278,0.000860133278,-0.000139866722
2024-03-08,UNIUSDT,0.001047010000,0.000858039965,0.001045181049,0.000187141084,-1,0.001047010000,-0.000187141084,0.000859868916,-0.000140131084
2024-02-24,LTCUSDT,0.000941260000,0.000856804458,0.000941995444,0.000085190986,-1,0.000941260000,-0.000085190986,0.000856069014,-0.000143930986
2024-03-26,ADAUSDT,0.000872490000,0.000840603917,0.000857889153,0.000017285236,-1,0.000872490000,-0.000017285236,0.000855204764,-0.000144795236
2024-03-17,APTUSDT,0.000857420000,0.000784700458,0.000787648417,0.000002947959,-1,0.000857420000,-0.000002947959,0.000854472041,-0.000145527959
2024-03-18,DOGEUSDT,0.000697350000,0.000831304465,0.000676585083,-0.000154719382,-1,0.000697350000,0.000154719382,0.000852069382,-0.000147930618
2024-03-27,DOTUSDT,0.000898660000,0.000852266708,0.000899921299,0.000047654591,-1,0.000898660000,-0.000047654591,0.000851005409,-0.000148994591
2024-03-28,BTCUSDT,0.000835240000,0.000769066764,0.000753366257,-0.000015700507,-1,0.000835240000,0.000015700507,0.000850940507,-0.000149059493
2024-02-19,LTCUSDT,0.000762790000,0.000784591368,0.000697833410,-0.000086757958,-1,0.000762790000,0.000086757958,0.000849547958,-0.000150452042
2024-03-10,ETHUSDT,0.001138810000,0.000898190806,0.001188076979,0.000289886173,-1,0.001138810000,-0.000289886173,0.000848923827,-0.000151076173
2024-01-24,BCHUSDT,-0.000619760000,-0.000668942736,-0.000440841319,0.000228101417,1,0.000619760000,0.000228101417,0.000847861417,-0.000152138583
2024-03-18,BTCUSDT,0.000779730000,0.000790285632,0.000722409722,-0.000067875910,-1,0.000779730000,0.000067875910,0.000847605910,-0.000152394090
2024-02-13,OPUSDT,0.000855780000,0.000751299403,0.000761478854,0.000010179451,-1,0.000855780000,-0.000010179451,0.000845600549,-0.000154399451
2024-03-26,SOLUSDT,0.000851470000,0.000807884493,0.000814005951,0.000006121458,-1,0.000851470000,-0.000006121458,0.000845348542,-0.000154651458
2024-03-07,LTCUSDT,0.000981750000,0.000905848236,0.001042929153,0.000137080917,-1,0.000981750000,-0.000137080917,0.000844669083,-0.000155330917
2024-03-26,LTCUSDT,0.000875870000,0.000839720028,0.000871125715,0.000031405687,-1,0.000875870000,-0.000031405687,0.000844464313,-0.000155535687
2024-03-16,ARBUSDT,0.000743100000,0.000752077431,0.000653263035,-0.000098814396,-1,0.000743100000,0.000098814396,0.000841914396,-0.000158085604
2024-03-27,AVAXUSDT,0.001017300000,0.000803753319,0.000983061403,0.000179308084,-1,0.001017300000,-0.000179308084,0.000837991916,-0.000162008084
2024-03-22,BCHUSDT,-0.000057460000,-0.000365336354,0.000414935944,0.000780272298,1,0.000057460000,0.000780272298,0.000837732298,-0.000162267702
2024-03-22,OPUSDT,0.000816020000,0.000760028556,0.000739510257,-0.000020518299,-1,0.000816020000,0.000020518299,0.000836538299,-0.000163461701
2024-02-18,DOTUSDT,0.000880630000,0.000762130931,0.000807723694,0.000045592763,-1,0.000880630000,-0.000045592763,0.000835037237,-0.000164962763
2024-03-18,ARBUSDT,0.000689790000,0.000830012285,0.000687353479,-0.000142658806,-1,0.000689790000,0.000142658806,0.000832448806,-0.000167551194
2024-02-24,DOTUSDT,0.000877230000,0.000800957083,0.000848098153,0.000047141070,-1,0.000877230000,-0.000047141070,0.000830088930,-0.000169911070
2024-02-20,ETHUSDT,0.000619310000,0.000642250674,0.000432658431,-0.000209592243,-1,0.000619310000,0.000209592243,0.000828902243,-0.000171097757
2024-02-25,DOTUSDT,0.000945080000,0.000848098153,0.000964668125,0.000116569972,-1,0.000945080000,-0.000116569972,0.000828510028,-0.000171489972
2024-03-16,ETHUSDT,0.000752600000,0.000777929458,0.000703660535,-0.000074268923,-1,0.000752600000,0.000074268923,0.000826868923,-0.000173131077
2024-01-03,BTCUSDT,0.000482820000,0.000450585757,0.000106931951,-0.000343653806,-1,0.000482820000,0.000343653806,0.000826473806,-0.000173526194
2024-03-23,ETCUSDT,0.000657650000,0.000794431764,0.000630210528,-0.000164221236,-1,0.000657650000,0.000164221236,0.000821871236,-0.000178128764
2024-02-23,OPUSDT,0.000742260000,0.000795071826,0.000717713639,-0.000077358187,-1,0.000742260000,0.000077358187,0.000819618187,-0.000180381813
2024-02-16,DOGEUSDT,0.000685070000,0.000744121458,0.000610518889,-0.000133602569,-1,0.000685070000,0.000133602569,0.000818672569,-0.000181327431
2024-03-26,DOGEUSDT,0.000936360000,0.000859057535,0.000976897597,0.000117840062,-1,0.000936360000,-0.000117840062,0.000818519938,-0.000181480062
2024-02-20,LINKUSDT,0.000777470000,0.000631097771,0.000592647382,-0.000038450389,-1,0.000777470000,0.000038450389,0.000815920389,-0.000184079611
2024-02-28,ETHUSDT,0.001091480000,0.001021720681,0.001298492063,0.000276771382,-1,0.001091480000,-0.000276771382,0.000814708618,-0.000185291382
2024-02-17,ADAUSDT,0.000807880000,0.000805934236,0.000800492729,-0.000005441507,-1,0.000807880000,0.000005441507,0.000813321507,-0.000186678493
2024-02-20,DOGEUSDT,0.000664700000,0.000628558715,0.000480538875,-0.000148019840,-1,0.000664700000,0.000148019840,0.000812719840,-0.000187280160
2024-03-06,ARBUSDT,0.000979020000,0.000982677833,0.001152559083,0.000169881250,-1,0.000979020000,-0.000169881250,0.000809138750,-0.000190861250
2024-02-17,ARBUSDT,0.000844010000,0.000826853000,0.000862243875,0.000035390875,-1,0.000844010000,-0.000035390875,0.000808619125,-0.000191380875
2024-01-03,ETHUSDT,0.000629220000,0.000474411542,0.000295177438,-0.000179234104,-1,0.000629220000,0.000179234104,0.000808454104,-0.000191545896
2024-01-03,LINKUSDT,0.000440490000,0.000234569653,-0.000132921236,-0.000367490889,-1,0.000440490000,0.000367490889,0.000807980889,-0.000192019111
2024-03-22,INJUSDT,0.000694370000,0.000705010861,0.000591958972,-0.000113051889,-1,0.000694370000,0.000113051889,0.000807421889,-0.000192578111
2024-03-18,ETCUSDT,0.000612800000,0.000782832306,0.000588491194,-0.000194341112,-1,0.000612800000,0.000194341112,0.000807141112,-0.000192858888
2024-03-28,LTCUSDT,0.001067050000,0.000868565604,0.001129098049,0.000260532445,-1,0.001067050000,-0.000260532445,0.000806517555,-0.000193482445
2024-02-26,FILUSDT,0.000940640000,0.000896162278,0.001031808410,0.000135646132,-1,0.000940640000,-0.000135646132,0.000804993868,-0.000195006132
2024-03-22,FILUSDT,0.000782160000,0.000733061076,0.000711439833,-0.000021621243,-1,0.000782160000,0.000021621243,0.000803781243,-0.000196218757
2024-02-25,XRPUSDT,0.000828610000,0.000854978257,0.000880748104,0.000025769847,-1,0.000828610000,-0.000025769847,0.000802840153,-0.000197159847
2024-02-24,DOGEUSDT,0.000846660000,0.000827836208,0.000872661306,0.000044825098,-1,0.000846660000,-0.000044825098,0.000801834902,-0.000198165098
2024-02-26,DOGEUSDT,0.001063270000,0.000794693896,0.001058889611,0.000264195715,-1,0.001063270000,-0.000264195715,0.000799074285,-0.000200925715
2024-03-26,INJUSDT,0.000874980000,0.000918820153,0.000996819326,0.000077999173,-1,0.000874980000,-0.000077999173,0.000796980827,-0.000203019173
2024-02-15,ADAUSDT,0.000767040000,0.000831950549,0.000804188972,-0.000027761577,-1,0.000767040000,0.000027761577,0.000794801577,-0.000205198423
2024-03-26,ETHUSDT,0.000832700000,0.000771359062,0.000810294340,0.000038935278,-1,0.000832700000,-0.000038935278,0.000793764722,-0.000206235278
2024-03-26,DOTUSDT,0.000814280000,0.000831230806,0.000852266708,0.000021035902,-1,0.000814280000,-0.000021035902,0.000793244098,-0.000206755902
2024-03-22,APTUSDT,0.000690360000,0.000755442701,0.000653935049,-0.000101507652,-1,0.000690360000,0.000101507652,0.000791867652,-0.000208132348
2024-03-16,ADAUSDT,0.000682340000,0.000715610722,0.000612351972,-0.000103258750,-1,0.000682340000,0.000103258750,0.000785598750,-0.000214401250
2024-03-15,ADAUSDT,0.000761150000,0.000737260396,0.000715610722,-0.000021649674,-1,0.000761150000,0.000021649674,0.000782799674,-0.000217200326
2024-02-24,INJUSDT,0.000915590000,0.000823526806,0.000957345250,0.000133818444,-1,0.000915590000,-0.000133818444,0.000781771556,-0.000218228444
2024-03-22,XRPUSDT,0.000778030000,0.000675226792,0.000672560472,-0.000002666320,-1,0.000778030000,0.000002666320,0.000780696320,-0.000219303680
2024-02-24,UNIUSDT,0.000928900000,0.000786807757,0.000935542208,0.000148734451,-1,0.000928900000,-0.000148734451,0.000780165549,-0.000219834451
2024-03-07,UNIUSDT,0.000802060000,0.000830352097,0.000858039965,0.000027687868,-1,0.000802060000,-0.000027687868,0.000774372132,-0.000225627868
2024-03-19,ARBUSDT,0.000793130000,0.000687353479,0.000712815500,0.000025462021,-1,0.000793130000,-0.000025462021,0.000767667979,-0.000232332021
2024-03-16,OPUSDT,0.000755660000,0.000718594368,0.000707350896,-0.000011243472,-1,0.000755660000,0.000011243472,0.000766903472,-0.000233096528
2024-03-27,ETHUSDT,0.000816340000,0.000810294340,0.000861241014,0.000050946674,-1,0.000816340000,-0.000050946674,0.000765393326,-0.000234606674
2024-03-18,FILUSDT,0.000650630000,0.000758405722,0.000644305729,-0.000114099993,-1,0.000650630000,0.000114099993,0.000764729993,-0.000235270007
2024-03-26,ETCUSDT,0.000862640000,0.000840115062,0.000940293889,0.000100178827,-1,0.000862640000,-0.000100178827,0.000762461173,-0.000237538827
2024-02-22,XRPUSDT,0.000662980000,0.000801172618,0.000701733250,-0.000099439368,-1,0.000662980000,0.000099439368,0.000762419368,-0.000237580632
2024-03-26,BCHUSDT,0.001043460000,0.000868152167,0.001151832931,0.000283680764,-1,0.001043460000,-0.000283680764,0.000759779236,-0.000240220764
2024-02-25,ADAUSDT,0.000894810000,0.000820834062,0.000957405201,0.000136571139,-1,0.000894810000,-0.000136571139,0.000758238861,-0.000241761139
2024-01-23,BCHUSDT,-0.000685490000,-0.000740923132,-0.000668942736,0.000071980396,1,0.000685490000,0.000071980396,0.000757470396,-0.000242529604
2024-03-21,OPUSDT,0.000729630000,0.000784193792,0.000760028556,-0.000024165236,-1,0.000729630000,0.000024165236,0.000753795236,-0.000246204764
2024-03-17,NEARUSDT,0.000616750000,0.000766226438,0.000631298403,-0.000134928035,-1,0.000616750000,0.000134928035,0.000751678035,-0.000248321965
2024-03-24,OPUSDT,0.000703070000,0.000749910083,0.000703076562,-0.000046833521,-1,0.000703070000,0.000046833521,0.000749903521,-0.000250096479
2024-03-21,ARBUSDT,0.000695710000,0.000767662986,0.000717129972,-0.000050533014,-1,0.000695710000,0.000050533014,0.000746243014,-0.000253756986
2024-02-15,DOGEUSDT,0.000757320000,0.000727203021,0.000744121458,0.000016918437,-1,0.000757320000,-0.000016918437,0.000740401563,-0.000259598437
2024-01-03,ADAUSDT,0.000521660000,0.000211906063,-0.000006691076,-0.000218597139,-1,0.000521660000,0.000218597139,0.000740257139,-0.000259742861
2024-02-23,ARBUSDT,0.000723590000,0.000799534486,0.000786333083,-0.000013201403,-1,0.000723590000,0.000013201403,0.000736791403,-0.000263208597
2024-03-06,FILUSDT,0.000873650000,0.000951206771,0.001093336875,0.000142130104,-1,0.000873650000,-0.000142130104,0.000731519896,-0.000268480104
2024-03-18,LTCUSDT,0.000601660000,0.000739976306,0.000610790035,-0.000129186271,-1,0.000601660000,0.000129186271,0.000730846271,-0.000269153729
2024-02-25,OPUSDT,0.000910310000,0.000890411153,0.001069981306,0.000179570153,-1,0.000910310000,-0.000179570153,0.000730739847,-0.000269260153
2024-02-16,OPUSDT,0.000797720000,0.000746357139,0.000815560076,0.000069202937,-1,0.000797720000,-0.000069202937,0.000728517063,-0.000271482937
2024-02-14,INJUSDT,0.000863150000,0.000825511785,0.000960819660,0.000135307875,-1,0.000863150000,-0.000135307875,0.000727842125,-0.000272157875
2024-02-26,ETHUSDT,0.000979260000,0.000738743681,0.000990421007,0.000251677326,-1,0.000979260000,-0.000251677326,0.000727582674,-0.000272417326
2024-02-23,SOLUSDT,0.000760870000,0.000749486368,0.000785898194,0.000036411826,-1,0.000760870000,-0.000036411826,0.000724458174,-0.000275541826
2024-02-23,ETCUSDT,0.000832230000,0.000784320868,0.000895879243,0.000111558375,-1,0.000832230000,-0.000111558375,0.000720671625,-0.000279328375
2024-02-17,OPUSDT,0.000832620000,0.000815560076,0.000931771799,0.000116211723,-1,0.000832620000,-0.000116211723,0.000716408277,-0.000283591723
2024-03-18,APTUSDT,0.000705310000,0.000787648417,0.000777043472,-0.000010604945,-1,0.000705310000,0.000010604945,0.000715914945,-0.000284085055
2024-03-16,XRPUSDT,0.000634650000,0.000740028056,0.000659469639,-0.000080558417,-1,0.000634650000,0.000080558417,0.000715208417,-0.000284791583
2024-02-17,DOTUSDT,0.000693880000,0.000782513139,0.000762130931,-0.000020382208,-1,0.000693880000,0.000020382208,0.000714262208,-0.000285737792
2024-03-19,ETHUSDT,0.000649280000,0.000660780132,0.000598009368,-0.000062770764,-1,0.000649280000,0.000062770764,0.000712050764,-0.000287949236
2024-02-25,ARBUSDT,0.000878170000,0.000850327299,0.001020164500,0.000169837201,-1,0.000878170000,-0.000169837201,0.000708332799,-0.000291667201
2024-03-16,FILUSDT,0.000638360000,0.000767496681,0.000702064889,-0.000065431792,-1,0.000638360000,0.000065431792,0.000703791792,-0.000296208208
2024-02-23,ADAUSDT,0.000771710000,0.000774318660,0.000843604993,0.000069286333,-1,0.000771710000,-0.000069286333,0.000702423667,-0.000297576333
2024-02-16,ARBUSDT,0.000762080000,0.000765926396,0.000826853000,0.000060926604,-1,0.000762080000,-0.000060926604,0.000701153396,-0.000298846604
2024-01-03,SOLUSDT,0.000557570000,0.000246399340,0.000104803597,-0.000141595743,-1,0.000557570000,0.000141595743,0.000699165743,-0.000300834257
2024-02-18,ETCUSDT,0.000788060000,0.000802490021,0.000894449778,0.000091959757,-1,0.000788060000,-0.000091959757,0.000696100243,-0.000303899757
2024-01-22,APTUSDT,0.000300000000,0.000122459361,-0.000272933215,-0.000395392576,-1,0.000300000000,0.000395392576,0.000695392576,-0.000304607424
2024-02-24,SOLUSDT,0.000864750000,0.000785898194,0.000956058049,0.000170159855,-1,0.000864750000,-0.000170159855,0.000694590145,-0.000305409855
2024-01-14,BNBUSDT,0.000120560000,0.000549743375,-0.000023291882,-0.000573035257,-1,0.000120560000,0.000573035257,0.000693595257,-0.000306404743
2024-02-14,DOGEUSDT,0.000673930000,0.000745879090,0.000727203021,-0.000018676069,-1,0.000673930000,0.000018676069,0.000692606069,-0.000307393931
2024-03-06,AVAXUSDT,0.000848100000,0.000849587076,0.001006122736,0.000156535660,-1,0.000848100000,-0.000156535660,0.000691564340,-0.000308435660
2024-03-16,DOGEUSDT,0.000602120000,0.000751437778,0.000662375979,-0.000089061799,-1,0.000602120000,0.000089061799,0.000691181799,-0.000308818201
2024-03-22,ARBUSDT,0.000679410000,0.000717129972,0.000707512090,-0.000009617882,-1,0.000679410000,0.000009617882,0.000689027882,-0.000310972118
2024-03-20,DOGEUSDT,0.000648830000,0.000698847736,0.000658788861,-0.000040058875,-1,0.000648830000,0.000040058875,0.000688888875,-0.000311111125
2024-03-18,XRPUSDT,0.000603240000,0.000737261819,0.000654201826,-0.000083059993,-1,0.000603240000,0.000083059993,0.000686299993,-0.000313700007
2024-02-25,AVAXUSDT,0.000832950000,0.000833641396,0.000981091174,0.000147449778,-1,0.000832950000,-0.000147449778,0.000685500222,-0.000314499778
2024-03-25,BTCUSDT,0.000706880000,0.000742767007,0.000764928687,0.000022161680,-1,0.000706880000,-0.000022161680,0.000684718320,-0.000315281680
2024-02-19,BNBUSDT,0.000550910000,0.000770090868,0.000636851500,-0.000133239368,-1,0.000550910000,0.000133239368,0.000684149368,-0.000315850632
2024-03-27,XRPUSDT,0.000851780000,0.000824484278,0.000993424590,0.000168940312,-1,0.000851780000,-0.000168940312,0.000682839688,-0.000317160312
2024-02-14,FILUSDT,0.000730610000,0.000786829986,0.000835825931,0.000048995945,-1,0.000730610000,-0.000048995945,0.000681614055,-0.000318385945
2024-02-13,FILUSDT,0.000703950000,0.000761892326,0.000786829986,0.000024937660,-1,0.000703950000,-0.000024937660,0.000679012340,-0.000320987660
2024-01-18,BNBUSDT,-0.000998570000,-0.000735172285,-0.001054878167,-0.000319705882,1,0.000998570000,-0.000319705882,0.000678864118,-0.000321135882
2024-02-15,XRPUSDT,0.000663690000,0.000743724965,0.000730018264,-0.000013706701,-1,0.000663690000,0.000013706701,0.000677396701,-0.000322603299
2024-03-16,UNIUSDT,0.000606410000,0.000681100090,0.000610871340,-0.000070228750,-1,0.000606410000,0.000070228750,0.000676638750,-0.000323361250
2024-03-22,ETHUSDT,0.000621840000,0.000682865736,0.000628693160,-0.000054172576,-1,0.000621840000,0.000054172576,0.000676012576,-0.000323987424
2024-02-23,XRPUSDT,0.000749240000,0.000701733250,0.000778792056,0.000077058806,-1,0.000749240000,-0.000077058806,0.000672181194,-0.000327818806
2024-03-24,APTUSDT,0.000680650000,0.000729460458,0.000738713764,0.000009253306,-1,0.000680650000,-0.000009253306,0.000671396694,-0.000328603306
2024-02-20,BCHUSDT,0.000300000000,0.000413789007,0.000043283743,-0.000370505264,-1,0.000300000000,0.000370505264,0.000670505264,-0.000329494736
2024-02-24,FILUSDT,0.000793630000,0.000727738840,0.000851420910,0.000123682070,-1,0.000793630000,-0.000123682070,0.000669947930,-0.000330052070
2024-02-21,INJUSDT,0.000721320000,0.000743468701,0.000795102799,0.000051634098,-1,0.000721320000,-0.000051634098,0.000669685902,-0.000330314098
2024-03-21,SOLUSDT,0.000612040000,0.000741687861,0.000686337965,-0.000055349896,-1,0.000612040000,0.000055349896,0.000667389896,-0.000332610104
2024-02-16,XRPUSDT,0.000645010000,0.000730018264,0.000712532840,-0.000017485424,-1,0.000645010000,0.000017485424,0.000662495424,-0.000337504576
2024-03-06,SOLUSDT,0.000845500000,0.000864094326,0.001047940507,0.000183846181,-1,0.000845500000,-0.000183846181,0.000661653819,-0.000338346181
2024-02-23,DOGEUSDT,0.000729510000,0.000758906660,0.000827836208,0.000068929548,-1,0.000729510000,-0.000068929548,0.000660580452,-0.000339419548
2024-03-29,BTCUSDT,0.000738760000,0.000753366257,0.000833654986,0.000080288729,-1,0.000738760000,-0.000080288729,0.000658471271,-0.000341528729
2024-02-24,XRPUSDT,0.000733880000,0.000778792056,0.000854978257,0.000076186201,-1,0.000733880000,-0.000076186201,0.000657693799,-0.000342306201
2024-02-22,INJUSDT,0.000718410000,0.000795102799,0.000862262264,0.000067159465,-1,0.000718410000,-0.000067159465,0.000651250535,-0.000348749465
2024-03-15,DOTUSDT,0.000574680000,0.000478836854,0.000403402326,-0.000075434528,-1,0.000574680000,0.000075434528,0.000650114528,-0.000349885472
2024-02-15,ARBUSDT,0.000624870000,0.000790026917,0.000765926396,-0.000024100521,-1,0.000624870000,0.000024100521,0.000648970521,-0.000351029479
2024-01-03,NEARUSDT,0.000407100000,0.000351689083,0.000110703743,-0.000240985340,-1,0.000407100000,0.000240985340,0.000648085340,-0.000351914660
2024-03-16,LTCUSDT,0.000582680000,0.000704386979,0.000643258361,-0.000061128618,-1,0.000582680000,0.000061128618,0.000643808618,-0.000356191382
2024-02-22,OPUSDT,0.000671250000,0.000766194222,0.000795071826,0.000028877604,-1,0.000671250000,-0.000028877604,0.000642372396,-0.000357627604
2024-03-15,DOGEUSDT,0.000685910000,0.000707890639,0.000751437778,0.000043547139,-1,0.000685910000,-0.000043547139,0.000642362861,-0.000357637139
2024-02-16,SOLUSDT,0.000713720000,0.000740844285,0.000813638549,0.000072794264,-1,0.000713720000,-0.000072794264,0.000640925736,-0.000359074264
2024-01-01,DOGEUSDT,0.000831370000,0.000899166778,0.001091041958,0.000191875180,-1,0.000831370000,-0.000191875180,0.000639494820,-0.000360505180
2024-03-17,INJUSDT,0.000638360000,0.000788066826,0.000787618431,-0.000000448395,-1,0.000638360000,0.000000448395,0.000638808395,-0.000361191605
2024-02-22,FILUSDT,0.000584090000,0.000814704944,0.000760150563,-0.000054554381,-1,0.000584090000,0.000054554381,0.000638644381,-0.000361355619
2024-02-18,FILUSDT,0.000757800000,0.000767929736,0.000887456792,0.000119527056,-1,0.000757800000,-0.000119527056,0.000638272944,-0.000361727056
2024-02-19,LINKUSDT,0.000550960000,0.000718325778,0.000631097771,-0.000087228007,-1,0.000550960000,0.000087228007,0.000638188007,-0.000361811993
2024-03-01,BCHUSDT,0.001230000000,0.000974250132,0.001567463278,0.000593213146,-1,0.001230000000,-0.000593213146,0.000636786854,-0.000363213146
2024-03-12,BNBUSDT,0.000822000000,0.000861160333,0.001049955778,0.000188795445,-1,0.000822000000,-0.000188795445,0.000633204555,-0.000366795445
2024-03-19,INJUSDT,0.000612400000,0.000581107375,0.000560835972,-0.000020271403,-1,0.000612400000,0.000020271403,0.000632671403,-0.000367328597
2024-03-24,ADAUSDT,0.000664130000,0.000693885653,0.000725820625,0.000031934972,-1,0.000664130000,-0.000031934972,0.000632195028,-0.000367804972
2024-02-21,APTUSDT,0.000770760000,0.000754873229,0.000895354604,0.000140481375,-1,0.000770760000,-0.000140481375,0.000630278625,-0.000369721375
2024-02-16,BCHUSDT,0.000300000000,0.000209322625,-0.000118059604,-0.000327382229,-1,0.000300000000,0.000327382229,0.000627382229,-0.000372617771
2024-02-25,ETHUSDT,0.000569660000,0.000795059792,0.000738743681,-0.000056316111,-1,0.000569660000,0.000056316111,0.000625976111,-0.000374023889
2024-02-17,UNIUSDT,0.000576690000,0.000714987104,0.000666174639,-0.000048812465,-1,0.000576690000,0.000048812465,0.000625502465,-0.000374497535
2024-03-25,AVAXUSDT,0.000747450000,0.000770413750,0.000893123299,0.000122709549,-1,0.000747450000,-0.000122709549,0.000624740451,-0.000375259549
2024-01-03,BNBUSDT,-0.000785750000,-0.000700768750,-0.000862034014,-0.000161265264,1,0.000785750000,-0.000161265264,0.000624484736,-0.000375515264
2024-01-03,UNIUSDT,0.000368510000,0.000388175333,0.000135263681,-0.000252911652,-1,0.000368510000,0.000252911652,0.000621421652,-0.000378578348
2024-02-17,XRPUSDT,0.000633490000,0.000712532840,0.000725224944,0.000012692104,-1,0.000633490000,-0.000012692104,0.000620797896,-0.000379202104
2024-02-15,BNBUSDT,-0.000391960000,-0.000539843347,-0.000314435597,0.000225407750,1,0.000391960000,0.000225407750,0.000617367750,-0.000382632250
2024-01-04,ARBUSDT,0.000300000000,0.000475179451,0.000160353875,-0.000314825576,-1,0.000300000000,0.000314825576,0.000614825576,-0.000385174424
2024-02-14,ETCUSDT,0.000735500000,0.000846847625,0.000967540521,0.000120692896,-1,0.000735500000,-0.000120692896,0.000614807104,-0.000385192896
2024-03-26,BTCUSDT,0.000670750000,0.000764928687,0.000821342104,0.000056413417,-1,0.000670750000,-0.000056413417,0.000614336583,-0.000385663417
2024-02-16,NEARUSDT,0.000698060000,0.000645560826,0.000731867688,0.000086306862,-1,0.000698060000,-0.000086306862,0.000611753138,-0.000388246862
2024-03-25,BCHUSDT,0.000673110000,0.000803206104,0.000868152167,0.000064946063,-1,0.000673110000,-0.000064946063,0.000608163937,-0.000391836063
2024-03-25,BNBUSDT,0.000727320000,0.000764022632,0.000883505639,0.000119483007,-1,0.000727320000,-0.000119483007,0.000607836993,-0.000392163007
2024-02-22,NEARUSDT,0.000641670000,0.000782717160,0.000817314764,0.000034597604,-1,0.000641670000,-0.000034597604,0.000607072396,-0.000392927604
2024-03-24,XRPUSDT,0.000651540000,0.000707743549,0.000753064639,0.000045321090,-1,0.000651540000,-0.000045321090,0.000606218910,-0.000393781090
2024-01-21,BNBUSDT,-0.000840010000,-0.000784521201,-0.001020966965,-0.000236445764,1,0.000840010000,-0.000236445764,0.000603564236,-0.000396435764
2024-02-21,FILUSDT,0.000678180000,0.000738644090,0.000814704944,0.000076060854,-1,0.000678180000,-0.000076060854,0.000602119146,-0.000397880854
2024-03-23,ARBUSDT,0.000592720000,0.000707512090,0.000700044132,-0.000007467958,-1,0.000592720000,0.000007467958,0.000600187958,-0.000399812042
2024-01-01,LTCUSDT,0.000809340000,0.000871456646,0.001080730292,0.000209273646,-1,0.000809340000,-0.000209273646,0.000600066354,-0.000399933646
2024-02-22,ETCUSDT,0.000607560000,0.000775845764,0.000784320868,0.000008475104,-1,0.000607560000,-0.000008475104,0.000599084896,-0.000400915104
2024-01-05,APTUSDT,0.000300000000,0.000378421910,0.000079407535,-0.000299014375,-1,0.000300000000,0.000299014375,0.000599014375,-0.000400985625
2024-02-19,UNIUSDT,0.000588530000,0.000760706653,0.000750464889,-0.000010241764,-1,0.000588530000,0.000010241764,0.000598771764,-0.000401228236
2024-03-20,APTUSDT,0.000593600000,0.000637734785,0.000633276729,-0.000004458056,-1,0.000593600000,0.000004458056,0.000598058056,-0.000401941944
2024-03-23,ADAUSDT,0.000567960000,0.000723825799,0.000693885653,-0.000029940146,-1,0.000567960000,0.000029940146,0.000597900146,-0.000402099854
2024-02-19,BTCUSDT,0.000559850000,0.000641406181,0.000604934736,-0.000036471445,-1,0.000559850000,0.000036471445,0.000596321445,-0.000403678555
2024-03-15,BTCUSDT,0.000681490000,0.000622183375,0.000707434597,0.000085251222,-1,0.000681490000,-0.000085251222,0.000596238778,-0.000403761222
2024-03-06,INJUSDT,0.000753450000,0.000807944583,0.000966620674,0.000158676091,-1,0.000753450000,-0.000158676091,0.000594773909,-0.000405226091
2024-03-21,FILUSDT,0.000603740000,0.000720670590,0.000733061076,0.000012390486,-1,0.000603740000,-0.000012390486,0.000591349514,-0.000408650486
2024-02-21,SOLUSDT,0.000592950000,0.000734686097,0.000736466910,0.000001780813,-1,0.000592950000,-0.000001780813,0.000591169187,-0.000408830813
2024-03-21,BTCUSDT,0.000492170000,0.000692823819,0.000595835215,-0.000096988604,-1,0.000492170000,0.000096988604,0.000589158604,-0.000410841396
2024-03-06,BCHUSDT,0.000300000000,0.000381100951,0.000095440556,-0.000285660395,-1,0.000300000000,0.000285660395,0.000585660395,-0.000414339605
2024-03-21,LTCUSDT,0.000545710000,0.000680728396,0.000641515521,-0.000039212875,-1,0.000545710000,0.000039212875,0.000584922875,-0.000415077125
2024-01-22,FILUSDT,0.000300000000,0.000161336743,-0.000121240049,-0.000282576792,-1,0.000300000000,0.000282576792,0.000582576792,-0.000417423208
2024-01-09,INJUSDT,0.000300000000,0.000389987660,0.000107891146,-0.000282096514,-1,0.000300000000,0.000282096514,0.000582096514,-0.000417903486
2024-03-24,SOLUSDT,0.000588340000,0.000739413701,0.000747429597,0.000008015896,-1,0.000588340000,-0.000008015896,0.000580324104,-0.000419675896
2024-02-23,LINKUSDT,0.000551050000,0.000673171667,0.000647228229,-0.000025943438,-1,0.000551050000,0.000025943438,0.000576993438,-0.000423006562
2024-02-21,NEARUSDT,0.000670330000,0.000688076778,0.000782717160,0.000094640382,-1,0.000670330000,-0.000094640382,0.000575689618,-0.000424310382
2024-02-14,OPUSDT,0.000648810000,0.000761478854,0.000836335431,0.000074856577,-1,0.000648810000,-0.000074856577,0.000573953423,-0.000426046577
2024-03-19,ADAUSDT,0.000515080000,0.000584540479,0.000528383007,-0.000056157472,-1,0.000515080000,0.000056157472,0.000571237472,-0.000428762528
2024-02-16,AVAXUSDT,0.000569130000,0.000632815500,0.000631002722,-0.000001812778,-1,0.000569130000,0.000001812778,0.000570942778,-0.000429057222
2024-01-12,DOTUSDT,0.000300000000,0.000252967076,-0.000017874125,-0.000270841201,-1,0.000300000000,0.000270841201,0.000570841201,-0.000429158799
2024-01-12,SOLUSDT,0.000300000000,0.000275958840,0.000005580764,-0.000270378076,-1,0.000300000000,0.000270378076,0.000570378076,-0.000429621924
2024-01-22,INJUSDT,0.000300000000,-0.000004963701,-0.000274885299,-0.000269921598,-1,0.000300000000,0.000269921598,0.000569921598,-0.000430078402
2024-03-26,XRPUSDT,0.000647760000,0.000746398611,0.000824484278,0.000078085667,-1,0.000647760000,-0.000078085667,0.000569674333,-0.000430325667
2024-03-25,XRPUSDT,0.000562740000,0.000753064639,0.000746398611,-0.000006666028,-1,0.000562740000,0.000006666028,0.000569406028,-0.000430593972
2024-03-19,DOGEUSDT,0.000590060000,0.000676585083,0.000698847736,0.000022262653,-1,0.000590060000,-0.000022262653,0.000567797347,-0.000432202653
2024-03-19,AVAXUSDT,0.000515900000,0.000630681076,0.000580308514,-0.000050372562,-1,0.000515900000,0.000050372562,0.000566272562,-0.000433727438
2024-03-06,UNIUSDT,0.000660230000,0.000735856132,0.000830352097,0.000094495965,-1,0.000660230000,-0.000094495965,0.000565734035,-0.000434265965
2024-02-22,UNIUSDT,0.000663030000,0.000771433528,0.000870051035,0.000098617507,-1,0.000663030000,-0.000098617507,0.000564412493,-0.000435587507
2024-01-22,AVAXUSDT,0.000300000000,0.000000189083,-0.000264186896,-0.000264375979,-1,0.000300000000,0.000264375979,0.000564375979,-0.000435624021
2024-03-22,LINKUSDT,0.000586010000,0.000649388215,0.000671060618,0.000021672403,-1,0.000586010000,-0.000021672403,0.000564337597,-0.000435662403
2024-02-26,BTCUSDT,0.000755550000,0.000755711812,0.000950546479,0.000194834667,-1,0.000755550000,-0.000194834667,0.000560715333,-0.000439284667
2024-03-23,OPUSDT,0.000570750000,0.000739510257,0.000749910083,0.000010399826,-1,0.000570750000,-0.000010399826,0.000560350174,-0.000439649826
2024-01-23,SOLUSDT,0.000300000000,0.000044276014,-0.000215097153,-0.000259373167,-1,0.000300000000,0.000259373167,0.000559373167,-0.000440626833
2024-03-24,INJUSDT,0.000573690000,0.000711582444,0.000726298139,0.000014715695,-1,0.000573690000,-0.000014715695,0.000558974305,-0.000441025695
2024-02-24,OPUSDT,0.000729250000,0.000717713639,0.000890411153,0.000172697514,-1,0.000729250000,-0.000172697514,0.000556552486,-0.000443447514
2024-03-20,BNBUSDT,0.000533280000,0.000634204750,0.000611181653,-0.000023023097,-1,0.000533280000,0.000023023097,0.000556303097,-0.000443696903
2024-01-07,DOGEUSDT,0.000300000000,0.000047903743,-0.000207578021,-0.000255481764,-1,0.000300000000,0.000255481764,0.000555481764,-0.000444518236
2024-03-23,AVAXUSDT,0.000474220000,0.000677245590,0.000596156375,-0.000081089215,-1,0.000474220000,0.000081089215,0.000555309215,-0.000444690785
2024-02-19,AVAXUSDT,0.000480240000,0.000716239361,0.000643162840,-0.000073076521,-1,0.000480240000,0.000073076521,0.000553316521,-0.000446683479
2024-01-07,APTUSDT,0.000300000000,0.000171185667,-0.000081407882,-0.000252593549,-1,0.000300000000,0.000252593549,0.000552593549,-0.000447406451
2024-02-16,DOTUSDT,0.000622440000,0.000711939000,0.000782513139,0.000070574139,-1,0.000622440000,-0.000070574139,0.000551865861,-0.000448134139
2024-01-14,ETCUSDT,0.000300000000,0.000318987868,0.000067149889,-0.000251837979,-1,0.000300000000,0.000251837979,0.000551837979,-0.000448162021
2024-02-18,SOLUSDT,0.000643640000,0.000754406611,0.000847075632,0.000092669021,-1,0.000643640000,-0.000092669021,0.000550970979,-0.000449029021
2024-01-22,NEARUSDT,0.000300000000,0.000081086778,-0.000169544521,-0.000250631299,-1,0.000300000000,0.000250631299,0.000550631299,-0.000449368701
2024-03-17,SOLUSDT,0.000549660000,0.000739429611,0.000740256285,0.000000826674,-1,0.000549660000,-0.000000826674,0.000548833326,-0.000451166674
2024-03-21,DOGEUSDT,0.000473640000,0.000658788861,0.000583836347,-0.000074952514,-1,0.000473640000,0.000074952514,0.000548592514,-0.000451407486
2024-01-12,AVAXUSDT,0.000300000000,0.000320806514,0.000072445500,-0.000248361014,-1,0.000300000000,0.000248361014,0.000548361014,-0.000451638986
2024-01-12,INJUSDT,0.000300000000,0.000062113424,-0.000185658174,-0.000247771598,-1,0.000300000000,0.000247771598,0.000547771598,-0.000452228402
2024-02-23,LTCUSDT,0.000682580000,0.000719959528,0.000856804458,0.000136844930,-1,0.000682580000,-0.000136844930,0.000545735070,-0.000454264930
2024-01-20,LINKUSDT,0.000300000000,0.000360923243,0.000115802937,-0.000245120306,-1,0.000300000000,0.000245120306,0.000545120306,-0.000454879694
2024-02-22,SOLUSDT,0.000557390000,0.000736466910,0.000749486368,0.000013019458,-1,0.000557390000,-0.000013019458,0.000544370542,-0.000455629458
2024-03-19,BNBUSDT,0.000532850000,0.000645386403,0.000634204750,-0.000011181653,-1,0.000532850000,0.000011181653,0.000544031653,-0.000455968347
2024-03-16,BTCUSDT,0.000540150000,0.000707434597,0.000707197125,-0.000000237472,-1,0.000540150000,0.000000237472,0.000540387472,-0.000459612528
2024-01-04,OPUSDT,0.000300000000,0.000429916917,0.000191345542,-0.000238571375,-1,0.000300000000,0.000238571375,0.000538571375,-0.000461428625
2024-03-16,INJUSDT,0.000610650000,0.000715354118,0.000788066826,0.000072712708,-1,0.000610650000,-0.000072712708,0.000537937292,-0.000462062708
2024-03-06,DOGEUSDT,0.000722680000,0.000744079076,0.000930917354,0.000186838278,-1,0.000722680000,-0.000186838278,0.000535841722,-0.000464158278
2024-03-16,DOTUSDT,0.000372490000,0.000403402326,0.000240529764,-0.000162872562,-1,0.000372490000,0.000162872562,0.000535362562,-0.000464637438
2024-01-12,ARBUSDT,0.000300000000,0.000465724396,0.000230880056,-0.000234844340,-1,0.000300000000,0.000234844340,0.000534844340,-0.000465155660
2024-03-25,SOLUSDT,0.000593330000,0.000747429597,0.000807884493,0.000060454896,-1,0.000593330000,-0.000060454896,0.000532875104,-0.000467124896
2024-03-10,BCHUSDT,-0.000237720000,-0.000573382604,-0.000278470528,0.000294912076,1,0.000237720000,0.000294912076,0.000532632076,-0.000467367924
2024-02-25,BCHUSDT,0.000659850000,0.000774043840,0.000901956521,0.000127912681,-1,0.000659850000,-0.000127912681,0.000531937319,-0.000468062681
2024-02-18,BTCUSDT,0.000496400000,0.000673372160,0.000641406181,-0.000031965979,-1,0.000496400000,0.000031965979,0.000528365979,-0.000471634021
2024-03-17,FILUSDT,0.000584490000,0.000702064889,0.000758405722,0.000056340833,-1,0.000584490000,-0.000056340833,0.000528149167,-0.000471850833
2024-01-22,DOTUSDT,0.000300000000,-0.000127691292,-0.000355155181,-0.000227463889,-1,0.000300000000,0.000227463889,0.000527463889,-0.000472536111
2024-01-04,ETHUSDT,0.000300000000,0.000295177438,0.000067897958,-0.000227279480,-1,0.000300000000,0.000227279480,0.000527279480,-0.000472720520
2024-03-23,FILUSDT,0.000451260000,0.000711439833,0.000637032014,-0.000074407819,-1,0.000451260000,0.000074407819,0.000525667819,-0.000474332181
2024-03-09,BTCUSDT,0.000768220000,0.000803612660,0.001047258188,0.000243645528,-1,0.000768220000,-0.000243645528,0.000524574472,-0.000475425528
2024-03-24,ETCUSDT,0.000585070000,0.000630210528,0.000691134639,0.000060924111,-1,0.000585070000,-0.000060924111,0.000524145889,-0.000475854111
2024-03-22,DOTUSDT,0.000501470000,0.000652228604,0.000629955431,-0.000022273173,-1,0.000501470000,0.000022273173,0.000523743173,-0.000476256827
2024-01-22,OPUSDT,0.000300000000,0.000207226243,-0.000015888549,-0.000223114792,-1,0.000300000000,0.000223114792,0.000523114792,-0.000476885208
2024-01-22,XRPUSDT,0.000300000000,0.000022450465,-0.000200458347,-0.000222908812,-1,0.000300000000,0.000222908812,0.000522908812,-0.000477091188
2024-01-12,OPUSDT,0.000300000000,0.000388596542,0.000166708924,-0.000221887618,-1,0.000300000000,0.000221887618,0.000521887618,-0.000478112382
2024-03-22,ETCUSDT,0.000644380000,0.000671442722,0.000794431764,0.000122989042,-1,0.000644380000,-0.000122989042,0.000521390958,-0.000478609042
2024-01-01,DOTUSDT,0.000723700000,0.000892888347,0.001095811972,0.000202923625,-1,0.000723700000,-0.000202923625,0.000520776375,-0.000479223625
2024-01-06,ETHUSDT,0.000300000000,0.000029507917,-0.000190708257,-0.000220216174,-1,0.000300000000,0.000220216174,0.000520216174,-0.000479783826
2024-02-14,SOLUSDT,0.000492250000,0.000699529306,0.000673451014,-0.000026078292,-1,0.000492250000,0.000026078292,0.000518328292,-0.000481671708
2024-03-25,ETHUSDT,0.000542090000,0.000746720924,0.000771359062,0.000024638138,-1,0.000542090000,-0.000024638138,0.000517451862,-0.000482548138
2024-01-08,BCHUSDT,-0.000343690000,-0.000578976868,-0.000405986535,0.000172990333,1,0.000343690000,0.000172990333,0.000516680333,-0.000483319667
2024-01-22,ADAUSDT,0.000300000000,0.000110047694,-0.000105037069,-0.000215084763,-1,0.000300000000,0.000215084763,0.000515084763,-0.000484915237
2024-03-19,FILUSDT,0.000541040000,0.000644305729,0.000671212715,0.000026906986,-1,0.000541040000,-0.000026906986,0.000514133014,-0.000485866986
2024-03-16,LINKUSDT,0.000441970000,0.000652846639,0.000581112674,-0.000071733965,-1,0.000441970000,0.000071733965,0.000513703965,-0.000486296035
2024-01-03,BCHUSDT,0.000171740000,-0.000223520722,-0.000565387868,-0.000341867146,-1,0.000171740000,0.000341867146,0.000513607146,-0.000486392854
2024-01-17,AVAXUSDT,0.000300000000,0.000154414590,-0.000058202764,-0.000212617354,-1,0.000300000000,0.000212617354,0.000512617354,-0.000487382646
2024-01-04,XRPUSDT,0.000300000000,0.000122798444,-0.000088995604,-0.000211794048,-1,0.000300000000,0.000211794048,0.000511794048,-0.000488205952
2024-01-12,DOGEUSDT,0.000300000000,0.000411962757,0.000201867021,-0.000210095736,-1,0.000300000000,0.000210095736,0.000510095736,-0.000489904264
2024-02-16,LINKUSDT,0.000599100000,0.000648719674,0.000737862583,0.000089142909,-1,0.000599100000,-0.000089142909,0.000509957091,-0.000490042909
2024-03-17,ETCUSDT,0.000590570000,0.000702085083,0.000782832306,0.000080747223,-1,0.000590570000,-0.000080747223,0.000509822777,-0.000490177223
2024-02-04,ETCUSDT,0.000300000000,0.000063891778,-0.000145914965,-0.000209806743,-1,0.000300000000,0.000209806743,0.000509806743,-0.000490193257
2024-03-21,ETHUSDT,0.000510210000,0.000682022201,0.000682865736,0.000000843535,-1,0.000510210000,-0.000000843535,0.000509366465,-0.000490633535
2024-03-18,UNIUSDT,0.000410420000,0.000664551292,0.000566392187,-0.000098159105,-1,0.000410420000,0.000098159105,0.000508579105,-0.000491420895
2024-01-20,ARBUSDT,0.000300000000,0.000201449743,-0.000006585465,-0.000208035208,-1,0.000300000000,0.000208035208,0.000508035208,-0.000491964792
2024-02-21,OPUSDT,0.000630710000,0.000642316472,0.000766194222,0.000123877750,-1,0.000630710000,-0.000123877750,0.000506832250,-0.000493167750
2024-01-12,ETHUSDT,0.000300000000,0.000397533285,0.000190917729,-0.000206615556,-1,0.000300000000,0.000206615556,0.000506615556,-0.000493384444
2024-01-15,ETHUSDT,0.000300000000,0.000294594458,0.000090470812,-0.000204123646,-1,0.000300000000,0.000204123646,0.000504123646,-0.000495876354
2024-02-24,NEARUSDT,0.000653170000,0.000738624167,0.000888040458,0.000149416291,-1,0.000653170000,-0.000149416291,0.000503753709,-0.000496246291
2024-03-21,BCHUSDT,0.000253610000,-0.000116740035,-0.000365336354,-0.000248596319,-1,0.000253610000,0.000248596319,0.000502206319,-0.000497793681
2024-01-04,BTCUSDT,0.000300000000,0.000106931951,-0.000094164410,-0.000201096361,-1,0.000300000000,0.000201096361,0.000501096361,-0.000498903639
2024-03-24,DOTUSDT,0.000508040000,0.000658451979,0.000665832861,0.000007380882,-1,0.000508040000,-0.000007380882,0.000500659118,-0.000499340882
2024-03-19,SOLUSDT,0.000512270000,0.000668954111,0.000680748799,0.000011794688,-1,0.000512270000,-0.000011794688,0.000500475312,-0.000499524688
2024-02-24,BCHUSDT,0.000559810000,0.000713596014,0.000774043840,0.000060447826,-1,0.000559810000,-0.000060447826,0.000499362174,-0.000500637826
2024-03-24,ARBUSDT,0.000597590000,0.000700044132,0.000798419333,0.000098375201,-1,0.000597590000,-0.000098375201,0.000499214799,-0.000500785201
2024-01-04,SOLUSDT,0.000300000000,0.000104803597,-0.000092958660,-0.000197762257,-1,0.000300000000,0.000197762257,0.000497762257,-0.000502237743
2024-01-22,UNIUSDT,0.000300000000,0.000008913257,-0.000188732653,-0.000197645910,-1,0.000300000000,0.000197645910,0.000497645910,-0.000502354090
2024-02-16,UNIUSDT,0.000534050000,0.000675742486,0.000714987104,0.000039244618,-1,0.000534050000,-0.000039244618,0.000494805382,-0.000505194618
2024-01-22,LINKUSDT,0.000300000000,0.000167735111,-0.000025666528,-0.000193401639,-1,0.000300000000,0.000193401639,0.000493401639,-0.000506598361
2024-02-24,LINKUSDT,0.000532300000,0.000647228229,0.000689355056,0.000042126827,-1,0.000532300000,-0.000042126827,0.000490173173,-0.000509826827
2024-02-21,ETCUSDT,0.000654690000,0.000609741618,0.000775845764,0.000166104146,-1,0.000654690000,-0.000166104146,0.000488585854,-0.000511414146
2024-02-14,ADAUSDT,0.000618000000,0.000702294646,0.000831950549,0.000129655903,-1,0.000618000000,-0.000129655903,0.000488344097,-0.000511655903
2024-02-20,BTCUSDT,0.000416320000,0.000604934736,0.000533105840,-0.000071828896,-1,0.000416320000,0.000071828896,0.000488148896,-0.000511851104
2024-03-19,XRPUSDT,0.000504430000,0.000654201826,0.000671680965,0.000017479139,-1,0.000504430000,-0.000017479139,0.000486950861,-0.000513049139
2024-03-23,LTCUSDT,0.000440380000,0.000671435757,0.000627412368,-0.000044023389,-1,0.000440380000,0.000044023389,0.000484403389,-0.000515596611
2024-01-17,LINKUSDT,0.000300000000,0.000197466993,0.000013681167,-0.000183785826,-1,0.000300000000,0.000183785826,0.000483785826,-0.000516214174
2024-01-05,ARBUSDT,0.000300000000,0.000160353875,-0.000022526813,-0.000182880688,-1,0.000300000000,0.000182880688,0.000482880688,-0.000517119312
2024-03-21,NEARUSDT,0.000470060000,0.000637344708,0.000624574243,-0.000012770465,-1,0.000470060000,0.000012770465,0.000482830465,-0.000517169535
2024-02-15,LINKUSDT,0.000457520000,0.000673592472,0.000648719674,-0.000024872798,-1,0.000457520000,0.000024872798,0.000482392798,-0.000517607202
2024-02-17,LINKUSDT,0.000510620000,0.000737862583,0.000766935069,0.000029072486,-1,0.000510620000,-0.000029072486,0.000481547514,-0.000518452486
2024-03-25,ARBUSDT,0.000617400000,0.000798419333,0.000935080840,0.000136661507,-1,0.000617400000,-0.000136661507,0.000480738493,-0.000519261507
2024-03-16,SOLUSDT,0.000507170000,0.000710341583,0.000739429611,0.000029088028,-1,0.000507170000,-0.000029088028,0.000478081972,-0.000521918028
2024-03-18,ADAUSDT,0.000365160000,0.000694359840,0.000584540479,-0.000109819361,-1,0.000365160000,0.000109819361,0.000474979361,-0.000525020639
2024-01-01,XRPUSDT,0.000720040000,0.000843872021,0.001089429715,0.000245557694,-1,0.000720040000,-0.000245557694,0.000474482306,-0.000525517694
2024-01-07,LINKUSDT,0.000300000000,-0.000173906368,-0.000347898451,-0.000173992083,-1,0.000300000000,0.000173992083,0.000473992083,-0.000526007917
2024-01-30,XRPUSDT,0.000300000000,-0.000155903417,-0.000329892306,-0.000173988889,-1,0.000300000000,0.000173988889,0.000473988889,-0.000526011111
2024-01-18,BCHUSDT,0.000300000000,-0.000190869507,-0.000364854146,-0.000173984639,-1,0.000300000000,0.000173984639,0.000473984639,-0.000526015361
2024-03-17,BTCUSDT,0.000556890000,0.000707197125,0.000790285632,0.000083088507,-1,0.000556890000,-0.000083088507,0.000473801493,-0.000526198507
2024-01-04,INJUSDT,0.000300000000,0.000352822333,0.000179458083,-0.000173364250,-1,0.000300000000,0.000173364250,0.000473364250,-0.000526635750
2024-03-06,LTCUSDT,0.000628850000,0.000748081583,0.000905848236,0.000157766653,-1,0.000628850000,-0.000157766653,0.000471083347,-0.000528916653
2024-02-04,AVAXUSDT,0.000300000000,-0.000069344076,-0.000240423639,-0.000171079563,-1,0.000300000000,0.000171079563,0.000471079563,-0.000528920437
2024-01-07,DOTUSDT,0.000300000000,-0.000067076250,-0.000237822139,-0.000170745889,-1,0.000300000000,0.000170745889,0.000470745889,-0.000529254111
2024-01-25,INJUSDT,0.000300000000,-0.000198814868,-0.000369545132,-0.000170730264,-1,0.000300000000,0.000170730264,0.000470730264,-0.000529269736
2024-03-20,ARBUSDT,0.000525130000,0.000712815500,0.000767662986,0.000054847486,-1,0.000525130000,-0.000054847486,0.000470282514,-0.000529717486
2024-03-21,XRPUSDT,0.000424590000,0.000720811021,0.000675226792,-0.000045584229,-1,0.000424590000,0.000045584229,0.000470174229,-0.000529825771
2024-03-21,AVAXUSDT,0.000417120000,0.000619099021,0.000567138563,-0.000051960458,-1,0.000417120000,0.000051960458,0.000469080458,-0.000530919542
2024-01-10,INJUSDT,0.000300000000,0.000107891146,-0.000058892104,-0.000166783250,-1,0.000300000000,0.000166783250,0.000466783250,-0.000533216750
2024-02-13,BCHUSDT,0.000292740000,-0.000169406701,-0.000342799215,-0.000173392514,-1,0.000292740000,0.000173392514,0.000466132514,-0.000533867486
2024-01-15,DOTUSDT,0.000300000000,0.000054162278,-0.000111773444,-0.000165935722,-1,0.000300000000,0.000165935722,0.000465935722,-0.000534064278
2024-01-28,DOTUSDT,0.000300000000,-0.000208795639,-0.000373971625,-0.000165175986,-1,0.000300000000,0.000165175986,0.000465175986,-0.000534824014
2024-03-06,XRPUSDT,0.000716500000,0.000791868479,0.001043529347,0.000251660868,-1,0.000716500000,-0.000251660868,0.000464839132,-0.000535160868
2024-03-23,DOGEUSDT,0.000427720000,0.000678797410,0.000642168965,-0.000036628445,-1,0.000427720000,0.000036628445,0.000464348445,-0.000535651555
2024-01-12,XRPUSDT,0.000300000000,0.000290191431,0.000125845319,-0.000164346112,-1,0.000300000000,0.000164346112,0.000464346112,-0.000535653888
2024-01-25,BTCUSDT,0.000300000000,-0.000208704194,-0.000371575278,-0.000162871084,-1,0.000300000000,0.000162871084,0.000462871084,-0.000537128916
2024-01-15,LINKUSDT,0.000300000000,0.000180521646,0.000017823722,-0.000162697924,-1,0.000300000000,0.000162697924,0.000462697924,-0.000537302076
2024-03-17,ETHUSDT,0.000555960000,0.000703660535,0.000797953299,0.000094292764,-1,0.000555960000,-0.000094292764,0.000461667236,-0.000538332764
2024-01-14,SOLUSDT,0.000300000000,0.000347838208,0.000186406708,-0.000161431500,-1,0.000300000000,0.000161431500,0.000461431500,-0.000538568500
2024-03-22,BNBUSDT,0.000383840000,0.000622552500,0.000545436243,-0.000077116257,-1,0.000383840000,0.000077116257,0.000460956257,-0.000539043743
2024-03-22,SOLUSDT,0.000450550000,0.000686337965,0.000676347417,-0.000009990548,-1,0.000450550000,0.000009990548,0.000460540548,-0.000539459452
2024-03-17,DOGEUSDT,0.000629180000,0.000662375979,0.000831304465,0.000168928486,-1,0.000629180000,-0.000168928486,0.000460251514,-0.000539748486
2024-01-12,BCHUSDT,0.000275690000,-0.000310992389,-0.000493633347,-0.000182640958,-1,0.000275690000,0.000182640958,0.000458330958,-0.000541669042
2024-01-04,BCHUSDT,-0.000415920000,-0.000565387868,-0.000523756854,0.000041631014,1,0.000415920000,0.000041631014,0.000457551014,-0.000542448986
2024-01-25,AVAXUSDT,0.000300000000,-0.000156007347,-0.000312330056,-0.000156322709,-1,0.000300000000,0.000156322709,0.000456322709,-0.000543677291
2024-01-25,SOLUSDT,0.000300000000,-0.000134555042,-0.000290774917,-0.000156219875,-1,0.000300000000,0.000156219875,0.000456219875,-0.000543780125
2024-02-17,BCHUSDT,0.000300000000,-0.000118059604,-0.000273167604,-0.000155108000,-1,0.000300000000,0.000155108000,0.000455108000,-0.000544892000
2024-03-23,UNIUSDT,0.000452410000,0.000661748062,0.000660036875,-0.000001711187,-1,0.000452410000,0.000001711187,0.000454121187,-0.000545878813
2024-02-17,LTCUSDT,0.000487170000,0.000672471590,0.000706552764,0.000034081174,-1,0.000487170000,-0.000034081174,0.000453088826,-0.000546911174
2024-02-15,NEARUSDT,0.000432260000,0.000665851861,0.000645560826,-0.000020291035,-1,0.000432260000,0.000020291035,0.000452551035,-0.000547448965
2024-03-19,OPUSDT,0.000521990000,0.000567952917,0.000637505549,0.000069552632,-1,0.000521990000,-0.000069552632,0.000452437368,-0.000547562632
2024-03-19,UNIUSDT,0.000433560000,0.000566392187,0.000547822708,-0.000018569479,-1,0.000433560000,0.000018569479,0.000452129479,-0.000547870521
2024-02-23,AVAXUSDT,0.000516730000,0.000720886757,0.000785513736,0.000064626979,-1,0.000516730000,-0.000064626979,0.000452103021,-0.000547896979
2024-03-23,LINKUSDT,0.000442290000,0.000671060618,0.000663037799,-0.000008022819,-1,0.000442290000,0.000008022819,0.000450312819,-0.000549687181
2024-01-20,OPUSDT,0.000300000000,0.000350497299,0.000200593569,-0.000149903730,-1,0.000300000000,0.000149903730,0.000449903730,-0.000550096270
2024-03-19,DOTUSDT,0.000382560000,0.000483197528,0.000416042451,-0.000067155077,-1,0.000382560000,0.000067155077,0.000449715077,-0.000550284923
2024-02-04,DOTUSDT,0.000300000000,-0.000084658597,-0.000234297569,-0.000149638972,-1,0.000300000000,0.000149638972,0.000449638972,-0.000550361028
2024-01-22,ETHUSDT,0.000300000000,0.000030399729,-0.000119057507,-0.000149457236,-1,0.000300000000,0.000149457236,0.000449457236,-0.000550542764
2024-03-19,ETCUSDT,0.000494030000,0.000588491194,0.000633347465,0.000044856271,-1,0.000494030000,-0.000044856271,0.000449173729,-0.000550826271
2024-03-21,LINKUSDT,0.000413520000,0.000684926632,0.000649388215,-0.000035538417,-1,0.000413520000,0.000035538417,0.000449058417,-0.000550941583
2024-01-16,INJUSDT,0.000300000000,0.000200013069,0.000051151639,-0.000148861430,-1,0.000300000000,0.000148861430,0.000448861430,-0.000551138570
2024-03-19,LINKUSDT,0.000458320000,0.000578508792,0.000589577840,0.000011069048,-1,0.000458320000,-0.000011069048,0.000447250952,-0.000552749048
2024-03-16,ETCUSDT,0.000465300000,0.000683940931,0.000702085083,0.000018144152,-1,0.000465300000,-0.000018144152,0.000447155848,-0.000552844152
2024-02-22,ETHUSDT,0.000300000000,0.000555061542,0.000408150764,-0.000146910778,-1,0.000300000000,0.000146910778,0.000446910778,-0.000553089222
2024-01-24,LINKUSDT,0.000300000000,-0.000146500271,-0.000293215292,-0.000146715021,-1,0.000300000000,0.000146715021,0.000446715021,-0.000553284979
2024-01-25,NEARUSDT,0.000300000000,-0.000083408063,-0.000228945139,-0.000145537076,-1,0.000300000000,0.000145537076,0.000445537076,-0.000554462924
2024-01-12,FILUSDT,0.000300000000,0.000323802576,0.000178843514,-0.000144959062,-1,0.000300000000,0.000144959062,0.000444959062,-0.000555040938
2024-02-18,UNIUSDT,0.000539400000,0.000666174639,0.000760706653,0.000094532014,-1,0.000539400000,-0.000094532014,0.000444867986,-0.000555132014
2024-03-25,LTCUSDT,0.000550400000,0.000733886340,0.000839720028,0.000105833688,-1,0.000550400000,-0.000105833688,0.000444566312,-0.000555433688
2024-01-24,ETCUSDT,0.000300000000,0.000122611236,-0.000020969222,-0.000143580458,-1,0.000300000000,0.000143580458,0.000443580458,-0.000556419542
2024-01-22,LTCUSDT,0.000300000000,0.000114512042,-0.000029044535,-0.000143556577,-1,0.000300000000,0.000143556577,0.000443556577,-0.000556443423
2024-02-15,ETHUSDT,0.000375480000,0.000634277438,0.000566594056,-0.000067683382,-1,0.000375480000,0.000067683382,0.000443163382,-0.000556836618
2024-02-22,DOGEUSDT,0.000471460000,0.000728654465,0.000758906660,0.000030252195,-1,0.000471460000,-0.000030252195,0.000441207805,-0.000558792195
2024-03-18,LINKUSDT,0.000357770000,0.000661042403,0.000578508792,-0.000082533611,-1,0.000357770000,0.000082533611,0.000440303611,-0.000559696389
2024-01-22,ETCUSDT,0.000300000000,0.000214966396,0.000074690403,-0.000140275993,-1,0.000300000000,0.000140275993,0.000440275993,-0.000559724007
2024-03-25,NEARUSDT,0.000660530000,0.000777047750,0.000997352340,0.000220304590,-1,0.000660530000,-0.000220304590,0.000440225410,-0.000559774590
2024-03-24,LINKUSDT,0.000503310000,0.000663037799,0.000726306576,0.000063268777,-1,0.000503310000,-0.000063268777,0.000440041223,-0.000559958777
2024-03-20,XRPUSDT,0.000488880000,0.000671680965,0.000720811021,0.000049130056,-1,0.000488880000,-0.000049130056,0.000439749944,-0.000560250056
2024-01-07,ADAUSDT,0.000300000000,-0.000033032083,-0.000171574271,-0.000138542188,-1,0.000300000000,0.000138542188,0.000438542188,-0.000561457812
2024-02-04,XRPUSDT,0.000300000000,-0.000178905333,-0.000316801625,-0.000137896292,-1,0.000300000000,0.000137896292,0.000437896292,-0.000562103708
2024-01-20,INJUSDT,0.000300000000,0.000165884125,0.000028661278,-0.000137222847,-1,0.000300000000,0.000137222847,0.000437222847,-0.000562777153
2024-01-22,ARBUSDT,0.000300000000,0.000032409458,-0.000104066347,-0.000136475805,-1,0.000300000000,0.000136475805,0.000436475805,-0.000563524195
2024-02-21,UNIUSDT,0.000523740000,0.000683736000,0.000771433528,0.000087697528,-1,0.000523740000,-0.000087697528,0.000436042472,-0.000563957528
2024-03-22,LTCUSDT,0.000465410000,0.000641515521,0.000671435757,0.000029920236,-1,0.000465410000,-0.000029920236,0.000435489764,-0.000564510236
2024-01-25,XRPUSDT,0.000300000000,-0.000063404229,-0.000197305549,-0.000133901320,-1,0.000300000000,0.000133901320,0.000433901320,-0.000566098680
2024-01-12,BTCUSDT,0.000300000000,0.000289061861,0.000156246764,-0.000132815097,-1,0.000300000000,0.000132815097,0.000432815097,-0.000567184903
2024-01-23,ETHUSDT,0.000300000000,-0.000119057507,-0.000251692132,-0.000132634625,-1,0.000300000000,0.000132634625,0.000432634625,-0.000567365375
2024-01-22,SOLUSDT,0.000300000000,0.000176818528,0.000044276014,-0.000132542514,-1,0.000300000000,0.000132542514,0.000432542514,-0.000567457486
2024-01-25,ARBUSDT,0.000300000000,-0.000085355042,-0.000216896208,-0.000131541166,-1,0.000300000000,0.000131541166,0.000431541166,-0.000568458834
2024-03-20,FILUSDT,0.000480230000,0.000671212715,0.000720670590,0.000049457875,-1,0.000480230000,-0.000049457875,0.000430772125,-0.000569227875
2024-01-25,DOGEUSDT,0.000300000000,-0.000081964653,-0.000211823611,-0.000129858958,-1,0.000300000000,0.000129858958,0.000429858958,-0.000570141042
2024-01-17,SOLUSDT,0.000300000000,0.000269058201,0.000140636743,-0.000128421458,-1,0.000300000000,0.000128421458,0.000428421458,-0.000571578542
2024-02-01,LINKUSDT,0.000300000000,0.000087290090,-0.000041099306,-0.000128389396,-1,0.000300000000,0.000128389396,0.000428389396,-0.000571610604
2024-01-21,FILUSDT,0.000300000000,0.000289697368,0.000161336743,-0.000128360625,-1,0.000300000000,0.000128360625,0.000428360625,-0.000571639375
2024-01-18,APTUSDT,0.000300000000,0.000178152236,0.000050372208,-0.000127780028,-1,0.000300000000,0.000127780028,0.000427780028,-0.000572219972
2024-01-07,ETCUSDT,0.000300000000,-0.000188107708,-0.000315684424,-0.000127576716,-1,0.000300000000,0.000127576716,0.000427576716,-0.000572423284
2024-01-30,ARBUSDT,0.000300000000,-0.000174730924,-0.000302091326,-0.000127360402,-1,0.000300000000,0.000127360402,0.000427360402,-0.000572639598
2024-02-04,SOLUSDT,0.000300000000,-0.000270343743,-0.000397474139,-0.000127130396,-1,0.000300000000,0.000127130396,0.000427130396,-0.000572869604
2024-01-07,ARBUSDT,0.000300000000,-0.000064777868,-0.000190308778,-0.000125530910,-1,0.000300000000,0.000125530910,0.000425530910,-0.000574469090
2024-01-04,FILUSDT,0.000300000000,0.000153801896,0.000028701333,-0.000125100563,-1,0.000300000000,0.000125100563,0.000425100563,-0.000574899437
2024-03-20,SOLUSDT,0.000485760000,0.000680748799,0.000741687861,0.000060939062,-1,0.000485760000,-0.000060939062,0.000424820938,-0.000575179062
2024-01-06,BTCUSDT,0.000300000000,-0.000077780347,-0.000202162049,-0.000124381702,-1,0.000300000000,0.000124381702,0.000424381702,-0.000575618298
2024-01-18,UNIUSDT,0.000300000000,0.000163356090,0.000039497611,-0.000123858479,-1,0.000300000000,0.000123858479,0.000423858479,-0.000576141521
2024-03-24,DOGEUSDT,0.000436020000,0.000642168965,0.000654398931,0.000012229966,-1,0.000436020000,-0.000012229966,0.000423790034,-0.000576209966
2024-02-08,SOLUSDT,0.000300000000,-0.000203003368,-0.000325800431,-0.000122797063,-1,0.000300000000,0.000122797063,0.000422797063,-0.000577202937
2024-02-01,INJUSDT,0.000300000000,-0.000142548312,-0.000265001062,-0.000122452750,-1,0.000300000000,0.000122452750,0.000422452750,-0.000577547250
2024-01-26,ETCUSDT,0.000300000000,-0.000099139458,-0.000220792542,-0.000121653084,-1,0.000300000000,0.000121653084,0.000421653084,-0.000578346916
2024-02-06,ARBUSDT,0.000300000000,-0.000232936000,-0.000354510563,-0.000121574563,-1,0.000300000000,0.000121574563,0.000421574563,-0.000578425437
2024-01-23,LINKUSDT,0.000300000000,-0.000025666528,-0.000146500271,-0.000120833743,-1,0.000300000000,0.000120833743,0.000420833743,-0.000579166257
2024-01-07,XRPUSDT,0.000300000000,-0.000107440167,-0.000225842236,-0.000118402069,-1,0.000300000000,0.000118402069,0.000418402069,-0.000581597931
2024-01-23,DOGEUSDT,0.000300000000,-0.000015721007,-0.000133163347,-0.000117442340,-1,0.000300000000,0.000117442340,0.000417442340,-0.000582557660
2024-01-04,UNIUSDT,0.000300000000,0.000135263681,0.000018744486,-0.000116519195,-1,0.000300000000,0.000116519195,0.000416519195,-0.000583480805
2024-01-15,BTCUSDT,0.000300000000,0.000094989153,-0.000021483278,-0.000116472431,-1,0.000300000000,0.000116472431,0.000416472431,-0.000583527569
2024-02-18,AVAXUSDT,0.000447670000,0.000684640785,0.000716239361,0.000031598576,-1,0.000447670000,-0.000031598576,0.000416071424,-0.000583928576
2024-03-06,ETCUSDT,0.000610800000,0.000778159896,0.000973089125,0.000194929229,-1,0.000610800000,-0.000194929229,0.000415870771,-0.000584129229
2024-01-06,BCHUSDT,-0.000351520000,-0.000647829944,-0.000583555778,0.000064274166,1,0.000351520000,0.000064274166,0.000415794166,-0.000584205834
2024-03-24,UNIUSDT,0.000415950000,0.000660036875,0.000660689208,0.000000652333,-1,0.000415950000,-0.000000652333,0.000415297667,-0.000584702333
2024-01-31,ETCUSDT,0.000300000000,-0.000053541618,-0.000168591410,-0.000115049792,-1,0.000300000000,0.000115049792,0.000415049792,-0.000584950208
2024-01-23,BTCUSDT,0.000300000000,-0.000061743181,-0.000175229889,-0.000113486708,-1,0.000300000000,0.000113486708,0.000413486708,-0.000586513292
2024-01-06,INJUSDT,0.000300000000,0.000136957486,0.000023742375,-0.000113215111,-1,0.000300000000,0.000113215111,0.000413215111,-0.000586784889
2024-03-24,FILUSDT,0.000504130000,0.000637032014,0.000728552361,0.000091520347,-1,0.000504130000,-0.000091520347,0.000412609653,-0.000587390347
2024-03-23,APTUSDT,0.000487660000,0.000653935049,0.000729460458,0.000075525409,-1,0.000487660000,-0.000075525409,0.000412134591,-0.000587865409
2024-01-20,ETCUSDT,0.000300000000,0.000355833715,0.000244064208,-0.000111769507,-1,0.000300000000,0.000111769507,0.000411769507,-0.000588230493
2024-03-19,LTCUSDT,0.000442700000,0.000610790035,0.000642265993,0.000031475958,-1,0.000442700000,-0.000031475958,0.000411224042,-0.000588775958
2024-03-20,BTCUSDT,0.000442350000,0.000661272569,0.000692823819,0.000031551250,-1,0.000442350000,-0.000031551250,0.000410798750,-0.000589201250
2024-02-04,DOGEUSDT,0.000300000000,-0.000178068556,-0.000288815167,-0.000110746611,-1,0.000300000000,0.000110746611,0.000410746611,-0.000589253389
2024-01-18,DOTUSDT,0.000300000000,-0.000003650458,-0.000114324181,-0.000110673723,-1,0.000300000000,0.000110673723,0.000410673723,-0.000589326277
2024-02-22,LTCUSDT,0.000414710000,0.000715260333,0.000719959528,0.000004699195,-1,0.000414710000,-0.000004699195,0.000410010805,-0.000589989195
2024-01-15,XRPUSDT,0.000300000000,0.000179072924,0.000069457583,-0.000109615341,-1,0.000300000000,0.000109615341,0.000409615341,-0.000590384659
2024-01-07,OPUSDT,0.000300000000,0.000070276333,-0.000039107750,-0.000109384083,-1,0.000300000000,0.000109384083,0.000409384083,-0.000590615917
2024-03-23,SOLUSDT,0.000471760000,0.000676347417,0.000739413701,0.000063066284,-1,0.000471760000,-0.000063066284,0.000408693716,-0.000591306284
2024-03-24,ETHUSDT,0.000478450000,0.000676826069,0.000746720924,0.000069894855,-1,0.000478450000,-0.000069894855,0.000408555145,-0.000591444855
2024-01-16,ETHUSDT,0.000300000000,0.000090470812,-0.000018021743,-0.000108492555,-1,0.000300000000,0.000108492555,0.000408492555,-0.000591507445
2024-01-18,ARBUSDT,0.000300000000,0.000245760076,0.000137786611,-0.000107973465,-1,0.000300000000,0.000107973465,0.000407973465,-0.000592026535
2024-01-25,OPUSDT,0.000300000000,-0.000052861736,-0.000160402854,-0.000107541118,-1,0.000300000000,0.000107541118,0.000407541118,-0.000592458882
2024-02-05,UNIUSDT,0.000300000000,-0.000218073319,-0.000325287944,-0.000107214625,-1,0.000300000000,0.000107214625,0.000407214625,-0.000592785375
2024-02-22,BTCUSDT,0.000360370000,0.000615147347,0.000568670160,-0.000046477187,-1,0.000360370000,0.000046477187,0.000406847187,-0.000593152813
2024-02-05,AVAXUSDT,0.000300000000,-0.000240423639,-0.000346460549,-0.000106036910,-1,0.000300000000,0.000106036910,0.000406036910,-0.000593963090
2024-01-12,LTCUSDT,0.000300000000,0.000302523139,0.000196701347,-0.000105821792,-1,0.000300000000,0.000105821792,0.000405821792,-0.000594178208
2024-01-06,FILUSDT,0.000300000000,-0.000049569319,-0.000154064007,-0.000104494688,-1,0.000300000000,0.000104494688,0.000404494688,-0.000595505312
2024-01-18,FILUSDT,0.000300000000,0.000115239424,0.000011099653,-0.000104139771,-1,0.000300000000,0.000104139771,0.000404139771,-0.000595860229
2024-02-03,ADAUSDT,0.000300000000,-0.000083665208,-0.000186858917,-0.000103193709,-1,0.000300000000,0.000103193709,0.000403193709,-0.000596806291
2024-02-22,ARBUSDT,0.000486300000,0.000716235319,0.000799534486,0.000083299167,-1,0.000486300000,-0.000083299167,0.000403000833,-0.000596999167
2024-03-22,NEARUSDT,0.000380060000,0.000624574243,0.000602919444,-0.000021654799,-1,0.000380060000,0.000021654799,0.000401714799,-0.000598285201
2024-01-18,INJUSDT,0.000300000000,0.000186622174,0.000084984049,-0.000101638125,-1,0.000300000000,0.000101638125,0.000401638125,-0.000598361875
2024-01-19,DOTUSDT,0.000300000000,-0.000114324181,-0.000215256847,-0.000100932666,-1,0.000300000000,0.000100932666,0.000400932666,-0.000599067334
2024-01-06,OPUSDT,0.000300000000,0.000170891472,0.000070276333,-0.000100615139,-1,0.000300000000,0.000100615139,0.000400615139,-0.000599384861
2024-02-17,DOGEUSDT,0.000466440000,0.000610518889,0.000676373576,0.000065854687,-1,0.000466440000,-0.000065854687,0.000400585313,-0.000599414687
2024-01-10,APTUSDT,0.000300000000,0.000062251681,-0.000038209382,-0.000100461063,-1,0.000300000000,0.000100461063,0.000400461063,-0.000599538937
2024-02-01,FILUSDT,0.000300000000,-0.000087615979,-0.000187759986,-0.000100144007,-1,0.000300000000,0.000100144007,0.000400144007,-0.000599855993
2024-01-18,NEARUSDT,0.000300000000,0.000076009132,-0.000022677910,-0.000098687042,-1,0.000300000000,0.000098687042,0.000398687042,-0.000601312958
2024-01-15,BCHUSDT,0.000297330000,-0.000362178715,-0.000463353174,-0.000101174459,-1,0.000297330000,0.000101174459,0.000398504459,-0.000601495541
2024-03-25,ADAUSDT,0.000513200000,0.000725820625,0.000840603917,0.000114783292,-1,0.000513200000,-0.000114783292,0.000398416708,-0.000601583292
2024-02-15,LTCUSDT,0.000442330000,0.000702868333,0.000747325618,0.000044457285,-1,0.000442330000,-0.000044457285,0.000397872715,-0.000602127285
2024-01-30,UNIUSDT,0.000300000000,-0.000123528319,-0.000221322674,-0.000097794355,-1,0.000300000000,0.000097794355,0.000397794355,-0.000602205645
2024-03-17,XRPUSDT,0.000475510000,0.000659469639,0.000737261819,0.000077792180,-1,0.000475510000,-0.000077792180,0.000397717820,-0.000602282180
2024-01-07,NEARUSDT,0.000300000000,-0.000078655340,-0.000176065014,-0.000097409674,-1,0.000300000000,0.000097409674,0.000397409674,-0.000602590326
2024-02-18,LTCUSDT,0.000474570000,0.000706552764,0.000784591368,0.000078038604,-1,0.000474570000,-0.000078038604,0.000396531396,-0.000603468604
2024-01-20,DOGEUSDT,0.000300000000,0.000181536021,0.000085119340,-0.000096416681,-1,0.000300000000,0.000096416681,0.000396416681,-0.000603583319
2024-01-10,OPUSDT,0.000300000000,0.000228559125,0.000132624632,-0.000095934493,-1,0.000300000000,0.000095934493,0.000395934493,-0.000604065507
2024-01-06,SOLUSDT,0.000300000000,-0.000004726208,-0.000099842618,-0.000095116410,-1,0.000300000000,0.000095116410,0.000395116410,-0.000604883590
2024-02-14,AVAXUSDT,0.000486600000,0.000729138785,0.000820673139,0.000091534354,-1,0.000486600000,-0.000091534354,0.000395065646,-0.000604934354
2024-02-11,DOGEUSDT,0.000300000000,0.000110378083,0.000017506674,-0.000092871409,-1,0.000300000000,0.000092871409,0.000392871409,-0.000607128591
2024-01-07,UNIUSDT,0.000300000000,-0.000040989465,-0.000133136521,-0.000092147056,-1,0.000300000000,0.000092147056,0.000392147056,-0.000607852944
2024-03-22,DOGEUSDT,0.000486480000,0.000583836347,0.000678797410,0.000094961063,-1,0.000486480000,-0.000094961063,0.000391518937,-0.000608481063
2024-03-18,BCHUSDT,0.000300000000,-0.000072352396,-0.000163696951,-0.000091344555,-1,0.000300000000,0.000091344555,0.000391344555,-0.000608655445
2024-02-17,ETHUSDT,0.000335190000,0.000605514861,0.000549673361,-0.000055841500,-1,0.000335190000,0.000055841500,0.000391031500,-0.000608968500
2024-01-04,NEARUSDT,0.000300000000,0.000110703743,0.000020547118,-0.000090156625,-1,0.000300000000,0.000090156625,0.000390156625,-0.000609843375
2024-01-31,ADAUSDT,0.000300000000,-0.000029084431,-0.000118173556,-0.000089089125,-1,0.000300000000,0.000089089125,0.000389089125,-0.000610910875
2024-01-23,INJUSDT,0.000224450000,-0.000274885299,-0.000439410674,-0.000164525375,-1,0.000224450000,0.000164525375,0.000388975375,-0.000611024625
2024-01-16,LTCUSDT,0.000300000000,0.000158333861,0.000069441493,-0.000088892368,-1,0.000300000000,0.000088892368,0.000388892368,-0.000611107632
2024-01-27,DOTUSDT,0.000300000000,-0.000119924417,-0.000208795639,-0.000088871222,-1,0.000300000000,0.000088871222,0.000388871222,-0.000611128778
2024-01-15,ARBUSDT,0.000300000000,0.000234151792,0.000145470583,-0.000088681209,-1,0.000300000000,0.000088681209,0.000388681209,-0.000611318791
2024-02-04,ADAUSDT,0.000300000000,-0.000186858917,-0.000275285153,-0.000088426236,-1,0.000300000000,0.000088426236,0.000388426236,-0.000611573764
2024-01-15,NEARUSDT,0.000300000000,0.000213553201,0.000125151243,-0.000088401958,-1,0.000300000000,0.000088401958,0.000388401958,-0.000611598042
2024-02-06,OPUSDT,0.000300000000,0.000035253361,-0.000052497444,-0.000087750805,-1,0.000300000000,0.000087750805,0.000387750805,-0.000612249195
2024-01-28,BCHUSDT,0.000271720000,-0.000363169903,-0.000478966771,-0.000115796868,-1,0.000271720000,0.000115796868,0.000387516868,-0.000612483132
2024-01-26,LTCUSDT,0.000300000000,-0.000089397229,-0.000176838931,-0.000087441702,-1,0.000300000000,0.000087441702,0.000387441702,-0.000612558298
2024-01-05,NEARUSDT,0.000300000000,0.000020547118,-0.000066647951,-0.000087195069,-1,0.000300000000,0.000087195069,0.000387195069,-0.000612804931
2024-02-07,LINKUSDT,0.000300000000,-0.000204421243,-0.000291430910,-0.000087009667,-1,0.000300000000,0.000087009667,0.000387009667,-0.000612990333
2024-01-26,APTUSDT,0.000300000000,-0.000121127465,-0.000207852111,-0.000086724646,-1,0.000300000000,0.000086724646,0.000386724646,-0.000613275354
2024-01-20,ETHUSDT,0.000300000000,0.000123838729,0.000037539444,-0.000086299285,-1,0.000300000000,0.000086299285,0.000386299285,-0.000613700715
2024-02-05,BTCUSDT,0.000300000000,-0.000301239743,-0.000387160049,-0.000085920306,-1,0.000300000000,0.000085920306,0.000385920306,-0.000614079694
2024-02-01,UNIUSDT,0.000300000000,-0.000154305104,-0.000240093472,-0.000085788368,-1,0.000300000000,0.000085788368,0.000385788368,-0.000614211632
2024-01-15,UNIUSDT,0.000300000000,0.000099996569,0.000014905799,-0.000085090770,-1,0.000300000000,0.000085090770,0.000385090770,-0.000614909230
2024-01-25,ETHUSDT,0.000300000000,-0.000264268896,-0.000349325868,-0.000085056972,-1,0.000300000000,0.000085056972,0.000385056972,-0.000614943028
2024-01-20,DOTUSDT,0.000300000000,-0.000215256847,-0.000299919278,-0.000084662431,-1,0.000300000000,0.000084662431,0.000384662431,-0.000615337569
2024-03-26,UNIUSDT,0.000510180000,0.000753034417,0.000878556208,0.000125521791,-1,0.000510180000,-0.000125521791,0.000384658209,-0.000615341791
2024-02-01,BTCUSDT,0.000300000000,-0.000306316854,-0.000390780938,-0.000084464084,-1,0.000300000000,0.000084464084,0.000384464084,-0.000615535916
2024-02-05,APTUSDT,0.000300000000,-0.000035495326,-0.000119554917,-0.000084059591,-1,0.000300000000,0.000084059591,0.000384059591,-0.000615940409
2024-02-07,LTCUSDT,0.000300000000,-0.000061873639,-0.000145743944,-0.000083870305,-1,0.000300000000,0.000083870305,0.000383870305,-0.000616129695
2024-01-04,ADAUSDT,0.000300000000,-0.000006691076,-0.000090368146,-0.000083677070,-1,0.000300000000,0.000083677070,0.000383677070,-0.000616322930
2024-01-30,ETCUSDT,0.000300000000,0.000029287292,-0.000053541618,-0.000082828910,-1,0.000300000000,0.000082828910,0.000382828910,-0.000617171090
2024-01-27,NEARUSDT,0.000272730000,-0.000120076458,-0.000229922181,-0.000109845723,-1,0.000272730000,0.000109845723,0.000382575723,-0.000617424277
2024-01-14,DOGEUSDT,0.000300000000,0.000206818104,0.000124457299,-0.000082360805,-1,0.000300000000,0.000082360805,0.000382360805,-0.000617639195
2024-03-06,DOTUSDT,0.000528090000,0.000702496076,0.000849011410,0.000146515334,-1,0.000528090000,-0.000146515334,0.000381574666,-0.000618425334
2024-03-22,BTCUSDT,0.000382640000,0.000595835215,0.000598633132,0.000002797917,-1,0.000382640000,-0.000002797917,0.000379842083,-0.000620157917
2024-01-01,ADAUSDT,0.000560410000,0.000808406278,0.000990056000,0.000181649722,-1,0.000560410000,-0.000181649722,0.000378760278,-0.000621239722
2024-01-05,FILUSDT,0.000300000000,0.000028701333,-0.000049569319,-0.000078270652,-1,0.000300000000,0.000078270652,0.000378270652,-0.000621729348
2024-02-01,APTUSDT,0.000300000000,-0.000007457847,-0.000085700306,-0.000078242459,-1,0.000300000000,0.000078242459,0.000378242459,-0.000621757541
2024-01-25,ETCUSDT,0.000300000000,-0.000020969222,-0.000099139458,-0.000078170236,-1,0.000300000000,0.000078170236,0.000378170236,-0.000621829764
2024-01-18,SOLUSDT,0.000300000000,0.000140636743,0.000062541729,-0.000078095014,-1,0.000300000000,0.000078095014,0.000378095014,-0.000621904986
2024-01-06,AVAXUSDT,0.000300000000,-0.000050483604,-0.000128036299,-0.000077552695,-1,0.000300000000,0.000077552695,0.000377552695,-0.000622447305
2024-01-18,DOGEUSDT,0.000300000000,0.000126986319,0.000051098229,-0.000075888090,-1,0.000300000000,0.000075888090,0.000375888090,-0.000624111910
2024-01-23,LTCUSDT,0.000300000000,-0.000029044535,-0.000104738319,-0.000075693784,-1,0.000300000000,0.000075693784,0.000375693784,-0.000624306216
2024-02-07,SOLUSDT,0.000300000000,-0.000128819306,-0.000203003368,-0.000074184062,-1,0.000300000000,0.000074184062,0.000374184062,-0.000625815938
2024-01-22,DOGEUSDT,0.000300000000,0.000058322167,-0.000015721007,-0.000074043174,-1,0.000300000000,0.000074043174,0.000374043174,-0.000625956826
2024-02-08,DOTUSDT,0.000300000000,-0.000241656382,-0.000315172306,-0.000073515924,-1,0.000300000000,0.000073515924,0.000373515924,-0.000626484076
2024-03-21,DOTUSDT,0.000384850000,0.000640845931,0.000652228604,0.000011382673,-1,0.000384850000,-0.000011382673,0.000373467327,-0.000626532673
2024-02-06,UNIUSDT,0.000300000000,-0.000325287944,-0.000398569229,-0.000073281285,-1,0.000300000000,0.000073281285,0.000373281285,-0.000626718715
2024-01-15,LTCUSDT,0.000300000000,0.000231336257,0.000158333861,-0.000073002396,-1,0.000300000000,0.000073002396,0.000373002396,-0.000626997604
2024-01-15,ADAUSDT,0.000300000000,0.000159984021,0.000088206639,-0.000071777382,-1,0.000300000000,0.000071777382,0.000371777382,-0.000628222618
2024-01-29,UNIUSDT,0.000300000000,-0.000052022264,-0.000123528319,-0.000071506055,-1,0.000300000000,0.000071506055,0.000371506055,-0.000628493945
2024-02-19,ADAUSDT,0.000427810000,0.000708555396,0.000765340236,0.000056784840,-1,0.000427810000,-0.000056784840,0.000371025160,-0.000628974840
2024-01-06,LINKUSDT,0.000300000000,-0.000102888021,-0.000173906368,-0.000071018347,-1,0.000300000000,0.000071018347,0.000371018347,-0.000628981653
2024-02-02,NEARUSDT,0.000300000000,-0.000115234340,-0.000186149125,-0.000070914785,-1,0.000300000000,0.000070914785,0.000370914785,-0.000629085215
2024-01-10,BTCUSDT,0.000300000000,0.000214400319,0.000143628354,-0.000070771965,-1,0.000300000000,0.000070771965,0.000370771965,-0.000629228035
2024-01-14,APTUSDT,0.000300000000,0.000258267736,0.000188184792,-0.000070082944,-1,0.000300000000,0.000070082944,0.000370082944,-0.000629917056
2024-03-06,BNBUSDT,0.000247840000,0.000593948111,0.000471758736,-0.000122189375,-1,0.000247840000,0.000122189375,0.000370029375,-0.000629970625
2024-01-21,XRPUSDT,0.000300000000,0.000092476215,0.000022450465,-0.000070025750,-1,0.000300000000,0.000070025750,0.000370025750,-0.000629974250
2024-02-11,LINKUSDT,0.000300000000,0.000259066174,0.000189154951,-0.000069911223,-1,0.000300000000,0.000069911223,0.000369911223,-0.000630088777
2024-03-24,BCHUSDT,0.000566830000,0.000605307458,0.000803206104,0.000197898646,-1,0.000566830000,-0.000197898646,0.000368931354,-0.000631068646
2024-01-23,OPUSDT,0.000300000000,-0.000015888549,-0.000084307882,-0.000068419333,-1,0.000300000000,0.000068419333,0.000368419333,-0.000631580667
2024-01-14,FILUSDT,0.000300000000,0.000224591910,0.000156955125,-0.000067636785,-1,0.000300000000,0.000067636785,0.000367636785,-0.000632363215
2024-01-15,AVAXUSDT,0.000300000000,0.000102709236,0.000035730465,-0.000066978771,-1,0.000300000000,0.000066978771,0.000366978771,-0.000633021229
2024-01-25,LINKUSDT,0.000300000000,-0.000293215292,-0.000360190333,-0.000066975041,-1,0.000300000000,0.000066975041,0.000366975041,-0.000633024959
2024-02-22,ADAUSDT,0.000436300000,0.000704756042,0.000774318660,0.000069562618,-1,0.000436300000,-0.000069562618,0.000366737382,-0.000633262618
2024-02-01,XRPUSDT,0.000300000000,-0.000207295931,-0.000273809417,-0.000066513486,-1,0.000300000000,0.000066513486,0.000366513486,-0.000633486514
2024-01-18,AVAXUSDT,0.000300000000,-0.000058202764,-0.000124660069,-0.000066457305,-1,0.000300000000,0.000066457305,0.000366457305,-0.000633542695
2024-02-03,UNIUSDT,0.000300000000,-0.000140561222,-0.000206823611,-0.000066262389,-1,0.000300000000,0.000066262389,0.000366262389,-0.000633737611
2024-01-07,SOLUSDT,0.000300000000,-0.000099842618,-0.000166100028,-0.000066257410,-1,0.000300000000,0.000066257410,0.000366257410,-0.000633742590
2024-02-06,LINKUSDT,0.000300000000,-0.000138520056,-0.000204421243,-0.000065901187,-1,0.000300000000,0.000065901187,0.000365901187,-0.000634098813
2024-01-20,LTCUSDT,0.000300000000,0.000171336639,0.000105435972,-0.000065900667,-1,0.000300000000,0.000065900667,0.000365900667,-0.000634099333
2024-02-03,FILUSDT,0.000300000000,-0.000214873917,-0.000279868139,-0.000064994222,-1,0.000300000000,0.000064994222,0.000364994222,-0.000635005778
2024-01-18,ADAUSDT,0.000300000000,0.000067231875,0.000002482528,-0.000064749347,-1,0.000300000000,0.000064749347,0.000364749347,-0.000635250653
2024-02-07,DOTUSDT,0.000300000000,-0.000177573646,-0.000241656382,-0.000064082736,-1,0.000300000000,0.000064082736,0.000364082736,-0.000635917264
2024-01-12,NEARUSDT,0.000300000000,0.000300126951,0.000236403854,-0.000063723097,-1,0.000300000000,0.000063723097,0.000363723097,-0.000636276903
2024-01-30,OPUSDT,0.000300000000,-0.000108871667,-0.000172355222,-0.000063483555,-1,0.000300000000,0.000063483555,0.000363483555,-0.000636516445
2024-01-31,APTUSDT,0.000300000000,0.000055474229,-0.000007457847,-0.000062932076,-1,0.000300000000,0.000062932076,0.000362932076,-0.000637067924
2024-02-07,OPUSDT,0.000300000000,-0.000052497444,-0.000115345292,-0.000062847848,-1,0.000300000000,0.000062847848,0.000362847848,-0.000637152152
2024-01-01,BCHUSDT,0.000309060000,0.000664674569,0.000610968799,-0.000053705770,-1,0.000309060000,0.000053705770,0.000362765770,-0.000637234230
2024-01-12,ADAUSDT,0.000300000000,0.000219554236,0.000156829063,-0.000062725173,-1,0.000300000000,0.000062725173,0.000362725173,-0.000637274827
2024-02-03,APTUSDT,0.000300000000,-0.000021305215,-0.000083943118,-0.000062637903,-1,0.000300000000,0.000062637903,0.000362637903,-0.000637362097
2024-01-18,XRPUSDT,0.000300000000,0.000101578708,0.000039016063,-0.000062562645,-1,0.000300000000,0.000062562645,0.000362562645,-0.000637437355
2024-03-24,BNBUSDT,0.000418720000,0.000707719819,0.000764022632,0.000056302813,-1,0.000418720000,-0.000056302813,0.000362417187,-0.000637582813
2024-01-29,DOGEUSDT,0.000300000000,-0.000213143431,-0.000273958604,-0.000060815173,-1,0.000300000000,0.000060815173,0.000360815173,-0.000639184827
2024-01-28,ARBUSDT,0.000300000000,-0.000127747090,-0.000188468681,-0.000060721591,-1,0.000300000000,0.000060721591,0.000360721591,-0.000639278409
2024-03-25,FILUSDT,0.000507170000,0.000728552361,0.000875336201,0.000146783840,-1,0.000507170000,-0.000146783840,0.000360386160,-0.000639613840
2024-02-13,DOGEUSDT,0.000422750000,0.000683379813,0.000745879090,0.000062499277,-1,0.000422750000,-0.000062499277,0.000360250723,-0.000639749277
2024-03-22,AVAXUSDT,0.000470070000,0.000567138563,0.000677245590,0.000110107027,-1,0.000470070000,-0.000110107027,0.000359962973,-0.000640037027
2024-01-15,FILUSDT,0.000300000000,0.000156955125,0.000096993972,-0.000059961153,-1,0.000300000000,0.000059961153,0.000359961153,-0.000640038847
2024-02-03,LINKUSDT,0.000300000000,-0.000034744424,-0.000094553472,-0.000059809048,-1,0.000300000000,0.000059809048,0.000359809048,-0.000640190952
2024-02-23,BTCUSDT,0.000329910000,0.000568670160,0.000539411632,-0.000029258528,-1,0.000329910000,0.000029258528,0.000359168528,-0.000640831472
2024-01-09,AVAXUSDT,0.000300000000,-0.000088475174,-0.000147599424,-0.000059124250,-1,0.000300000000,0.000059124250,0.000359124250,-0.000640875750
2024-01-12,LINKUSDT,0.000300000000,0.000130727604,0.000072074507,-0.000058653097,-1,0.000300000000,0.000058653097,0.000358653097,-0.000641346903
2024-02-08,LINKUSDT,0.000300000000,-0.000291430910,-0.000350066549,-0.000058635639,-1,0.000300000000,0.000058635639,0.000358635639,-0.000641364361
2024-03-23,DOTUSDT,0.000387050000,0.000629955431,0.000658451979,0.000028496548,-1,0.000387050000,-0.000028496548,0.000358553452,-0.000641446548
2024-02-17,AVAXUSDT,0.000411280000,0.000631002722,0.000684640785,0.000053638063,-1,0.000411280000,-0.000053638063,0.000357641937,-0.000642358063
2024-01-25,ADAUSDT,0.000300000000,-0.000047049389,-0.000104526431,-0.000057477042,-1,0.000300000000,0.000057477042,0.000357477042,-0.000642522958
2024-01-18,BTCUSDT,0.000300000000,0.000061203333,0.000004084257,-0.000057119076,-1,0.000300000000,0.000057119076,0.000357119076,-0.000642880924
2024-01-29,ETHUSDT,0.000300000000,-0.000331874549,-0.000388933806,-0.000057059257,-1,0.000300000000,0.000057059257,0.000357059257,-0.000642940743
2024-01-20,APTUSDT,0.000300000000,0.000145482708,0.000088902590,-0.000056580118,-1,0.000300000000,0.000056580118,0.000356580118,-0.000643419882
2024-01-14,LINKUSDT,0.000300000000,0.000237086257,0.000180521646,-0.000056564611,-1,0.000300000000,0.000056564611,0.000356564611,-0.000643435389
2024-01-24,NEARUSDT,0.000300000000,-0.000027260972,-0.000083408063,-0.000056147091,-1,0.000300000000,0.000056147091,0.000356147091,-0.000643852909
2024-02-05,LINKUSDT,0.000300000000,-0.000082530528,-0.000138520056,-0.000055989528,-1,0.000300000000,0.000055989528,0.000355989528,-0.000644010472
2024-01-05,ETCUSDT,0.000285580000,-0.000140173986,-0.000210572549,-0.000070398563,-1,0.000285580000,0.000070398563,0.000355978563,-0.000644021437
2024-01-07,LTCUSDT,0.000300000000,-0.000073035875,-0.000128809347,-0.000055773472,-1,0.000300000000,0.000055773472,0.000355773472,-0.000644226528
2024-02-07,INJUSDT,0.000300000000,-0.000014501243,-0.000070003347,-0.000055502104,-1,0.000300000000,0.000055502104,0.000355502104,-0.000644497896
2024-01-15,OPUSDT,0.000300000000,0.000254973604,0.000200836479,-0.000054137125,-1,0.000300000000,0.000054137125,0.000354137125,-0.000645862875
2024-01-27,XRPUSDT,0.000300000000,-0.000185070549,-0.000238663743,-0.000053593194,-1,0.000300000000,0.000053593194,0.000353593194,-0.000646406806
2024-01-31,LTCUSDT,0.000300000000,-0.000154886021,-0.000208275361,-0.000053389340,-1,0.000300000000,0.000053389340,0.000353389340,-0.000646610660
2024-01-20,BTCUSDT,0.000300000000,0.000006726444,-0.000046609132,-0.000053335576,-1,0.000300000000,0.000053335576,0.000353335576,-0.000646664424
2024-01-27,DOGEUSDT,0.000300000000,-0.000117617549,-0.000170722042,-0.000053104493,-1,0.000300000000,0.000053104493,0.000353104493,-0.000646895507
2024-03-25,INJUSDT,0.000544170000,0.000726298139,0.000918820153,0.000192522014,-1,0.000544170000,-0.000192522014,0.000351647986,-0.000648352014
2024-01-18,LTCUSDT,0.000300000000,0.000177600139,0.000126487000,-0.000051113139,-1,0.000300000000,0.000051113139,0.000351113139,-0.000648886861
2024-03-23,NEARUSDT,0.000334610000,0.000602919444,0.000586626090,-0.000016293354,-1,0.000334610000,0.000016293354,0.000350903354,-0.000649096646
2024-01-15,APTUSDT,0.000300000000,0.000188184792,0.000138398799,-0.000049785993,-1,0.000300000000,0.000049785993,0.000349785993,-0.000650214007
2024-01-27,OPUSDT,0.000300000000,-0.000021164965,-0.000070726139,-0.000049561174,-1,0.000300000000,0.000049561174,0.000349561174,-0.000650438826
2024-01-30,LTCUSDT,0.000300000000,-0.000105777299,-0.000154886021,-0.000049108722,-1,0.000300000000,0.000049108722,0.000349108722,-0.000650891278
2024-01-20,NEARUSDT,0.000300000000,0.000081141375,0.000032943792,-0.000048197583,-1,0.000300000000,0.000048197583,0.000348197583,-0.000651802417
2024-02-15,SOLUSDT,0.000415040000,0.000673451014,0.000740844285,0.000067393271,-1,0.000415040000,-0.000067393271,0.000347646729,-0.000652353271
2024-01-19,BCHUSDT,0.000300000000,-0.000364854146,-0.000412134632,-0.000047280486,-1,0.000300000000,0.000047280486,0.000347280486,-0.000652719514
2024-03-06,ADAUSDT,0.000600360000,0.000742269111,0.000995466257,0.000253197146,-1,0.000600360000,-0.000253197146,0.000347162854,-0.000652837146
2024-03-20,ETCUSDT,0.000338080000,0.000633347465,0.000624272937,-0.000009074528,-1,0.000338080000,0.000009074528,0.000347154528,-0.000652845472
2024-01-25,APTUSDT,0.000300000000,-0.000074029722,-0.000121127465,-0.000047097743,-1,0.000300000000,0.000047097743,0.000347097743,-0.000652902257
2024-03-24,BTCUSDT,0.000408510000,0.000681230854,0.000742767007,0.000061536153,-1,0.000408510000,-0.000061536153,0.000346973847,-0.000653026153
2024-01-15,ETCUSDT,0.000300000000,0.000067149889,0.000020605410,-0.000046544479,-1,0.000300000000,0.000046544479,0.000346544479,-0.000653455521
2024-02-22,LINKUSDT,0.000384520000,0.000635024382,0.000673171667,0.000038147285,-1,0.000384520000,-0.000038147285,0.000346372715,-0.000653627285
2024-02-22,AVAXUSDT,0.000410780000,0.000656369076,0.000720886757,0.000064517681,-1,0.000410780000,-0.000064517681,0.000346262319,-0.000653737681
2024-03-23,XRPUSDT,0.000380810000,0.000672560472,0.000707743549,0.000035183077,-1,0.000380810000,-0.000035183077,0.000345626923,-0.000654373077
2024-02-15,UNIUSDT,0.000396990000,0.000623930056,0.000675742486,0.000051812430,-1,0.000396990000,-0.000051812430,0.000345177570,-0.000654822430
2024-01-27,SOLUSDT,0.000300000000,-0.000340838653,-0.000385790076,-0.000044951423,-1,0.000300000000,0.000044951423,0.000344951423,-0.000655048577
2024-03-19,BCHUSDT,0.000300000000,-0.000163696951,-0.000208384438,-0.000044687487,-1,0.000300000000,0.000044687487,0.000344687487,-0.000655312513
2024-03-20,ADAUSDT,0.000340650000,0.000528383007,0.000524614826,-0.000003768181,-1,0.000340650000,0.000003768181,0.000344418181,-0.000655581819
2024-01-31,ARBUSDT,0.000300000000,-0.000302091326,-0.000346242424,-0.000044151098,-1,0.000300000000,0.000044151098,0.000344151098,-0.000655848902
2024-01-29,OPUSDT,0.000300000000,-0.000064732681,-0.000108871667,-0.000044138986,-1,0.000300000000,0.000044138986,0.000344138986,-0.000655861014
2024-02-01,OPUSDT,0.000300000000,-0.000115783069,-0.000158795194,-0.000043012125,-1,0.000300000000,0.000043012125,0.000343012125,-0.000656987875
2024-01-05,INJUSDT,0.000300000000,0.000179458083,0.000136957486,-0.000042500597,-1,0.000300000000,0.000042500597,0.000342500597,-0.000657499403
2024-01-06,XRPUSDT,0.000300000000,-0.000064943431,-0.000107440167,-0.000042496736,-1,0.000300000000,0.000042496736,0.000342496736,-0.000657503264
2024-01-28,DOGEUSDT,0.000300000000,-0.000170722042,-0.000213143431,-0.000042421389,-1,0.000300000000,0.000042421389,0.000342421389,-0.000657578611
2024-01-06,ARBUSDT,0.000300000000,-0.000022526813,-0.000064777868,-0.000042251055,-1,0.000300000000,0.000042251055,0.000342251055,-0.000657748945
2024-01-26,AVAXUSDT,0.000267500000,-0.000312330056,-0.000387038660,-0.000074708604,-1,0.000267500000,0.000074708604,0.000342208604,-0.000657791396
2024-01-16,NEARUSDT,0.000300000000,0.000125151243,0.000084025278,-0.000041125965,-1,0.000300000000,0.000041125965,0.000341125965,-0.000658874035
2024-02-06,ETHUSDT,0.000256910000,-0.000348405771,-0.000432194604,-0.000083788833,-1,0.000256910000,0.000083788833,0.000340698833,-0.000659301167
2024-01-13,BTCUSDT,0.000300000000,0.000156246764,0.000116847757,-0.000039399007,-1,0.000300000000,0.000039399007,0.000339399007,-0.000660600993
2024-01-05,AVAXUSDT,0.000300000000,-0.000011375542,-0.000050483604,-0.000039108062,-1,0.000300000000,0.000039108062,0.000339108062,-0.000660891938
2024-01-16,ARBUSDT,0.000300000000,0.000145470583,0.000106660882,-0.000038809701,-1,0.000300000000,0.000038809701,0.000338809701,-0.000661190299
2024-01-05,ETHUSDT,0.000300000000,0.000067897958,0.000029507917,-0.000038390041,-1,0.000300000000,0.000038390041,0.000338390041,-0.000661609959
2024-01-26,FILUSDT,0.000300000000,-0.000048286368,-0.000086590167,-0.000038303799,-1,0.000300000000,0.000038303799,0.000338303799,-0.000661696201
2024-01-28,APTUSDT,0.000300000000,-0.000124997042,-0.000163224576,-0.000038227534,-1,0.000300000000,0.000038227534,0.000338227534,-0.000661772466
2024-01-26,ETHUSDT,0.000300000000,-0.000349325868,-0.000387207000,-0.000037881132,-1,0.000300000000,0.000037881132,0.000337881132,-0.000662118868
2024-02-07,DOGEUSDT,0.000300000000,-0.000015931174,-0.000053370347,-0.000037439173,-1,0.000300000000,0.000037439173,0.000337439173,-0.000662560827
2024-02-01,DOGEUSDT,0.000300000000,-0.000289545972,-0.000325618083,-0.000036072111,-1,0.000300000000,0.000036072111,0.000336072111,-0.000663927889
2024-01-06,UNIUSDT,0.000300000000,-0.000004960396,-0.000040989465,-0.000036029069,-1,0.000300000000,0.000036029069,0.000336029069,-0.000663970931
2024-03-18,DOTUSDT,0.000300000000,0.000518599146,0.000483197528,-0.000035401618,-1,0.000300000000,0.000035401618,0.000335401618,-0.000664598382
2024-02-06,NEARUSDT,0.000300000000,-0.000019776569,-0.000054705035,-0.000034928466,-1,0.000300000000,0.000034928466,0.000334928466,-0.000665071534
2024-01-05,LTCUSDT,0.000300000000,-0.000018949472,-0.000053644042,-0.000034694570,-1,0.000300000000,0.000034694570,0.000334694570,-0.000665305430
2024-01-26,ADAUSDT,0.000300000000,-0.000104526431,-0.000138772806,-0.000034246375,-1,0.000300000000,0.000034246375,0.000334246375,-0.000665753625
2024-01-18,OPUSDT,0.000300000000,0.000304061986,0.000269871472,-0.000034190514,-1,0.000300000000,0.000034190514,0.000334190514,-0.000665809486
2024-01-16,XRPUSDT,0.000300000000,0.000069457583,0.000035436278,-0.000034021305,-1,0.000300000000,0.000034021305,0.000334021305,-0.000665978695
2024-03-06,LINKUSDT,0.000582520000,0.000757384243,0.001005897236,0.000248512993,-1,0.000582520000,-0.000248512993,0.000334007007,-0.000665992993
2024-01-21,INJUSDT,0.000300000000,0.000028661278,-0.000004963701,-0.000033624979,-1,0.000300000000,0.000033624979,0.000333624979,-0.000666375021
2024-02-05,OPUSDT,0.000300000000,0.000068778028,0.000035253361,-0.000033524667,-1,0.000300000000,0.000033524667,0.000333524667,-0.000666475333
2024-01-24,BTCUSDT,0.000300000000,-0.000175229889,-0.000208704194,-0.000033474305,-1,0.000300000000,0.000033474305,0.000333474305,-0.000666525695
2024-03-20,UNIUSDT,0.000300000000,0.000547822708,0.000514910806,-0.000032911902,-1,0.000300000000,0.000032911902,0.000332911902,-0.000667088098
2024-01-10,UNIUSDT,0.000300000000,-0.000040075479,-0.000072941354,-0.000032865875,-1,0.000300000000,0.000032865875,0.000332865875,-0.000667134125
2024-01-23,ARBUSDT,0.000300000000,-0.000104066347,-0.000136582014,-0.000032515667,-1,0.000300000000,0.000032515667,0.000332515667,-0.000667484333
2024-01-17,DOGEUSDT,0.000300000000,0.000158694118,0.000126986319,-0.000031707799,-1,0.000300000000,0.000031707799,0.000331707799,-0.000668292201
2024-02-07,APTUSDT,0.000300000000,-0.000067676194,-0.000099011674,-0.000031335480,-1,0.000300000000,0.000031335480,0.000331335480,-0.000668664520
2024-02-07,NEARUSDT,0.000300000000,-0.000054705035,-0.000084959312,-0.000030254277,-1,0.000300000000,0.000030254277,0.000330254277,-0.000669745723
2024-01-26,SOLUSDT,0.000279990000,-0.000290774917,-0.000340838653,-0.000050063736,-1,0.000279990000,0.000050063736,0.000330053736,-0.000669946264
2024-01-25,FILUSDT,0.000300000000,-0.000018528674,-0.000048286368,-0.000029757694,-1,0.000300000000,0.000029757694,0.000329757694,-0.000670242306
2024-02-25,BTCUSDT,0.000415120000,0.000669868743,0.000755711812,0.000085843069,-1,0.000415120000,-0.000085843069,0.000329276931,-0.000670723069
2024-01-05,DOGEUSDT,0.000300000000,-0.000065087368,-0.000094304201,-0.000029216833,-1,0.000300000000,0.000029216833,0.000329216833,-0.000670783167
2024-01-29,BTCUSDT,0.000291420000,-0.000390180410,-0.000427911944,-0.000037731534,-1,0.000291420000,0.000037731534,0.000329151534,-0.000670848466
2024-01-21,ETCUSDT,0.000300000000,0.000244064208,0.000214966396,-0.000029097812,-1,0.000300000000,0.000029097812,0.000329097812,-0.000670902188
2024-01-23,AVAXUSDT,0.000300000000,-0.000264186896,-0.000293274229,-0.000029087333,-1,0.000300000000,0.000029087333,0.000329087333,-0.000670912667
2024-01-14,NEARUSDT,0.000300000000,0.000242440771,0.000213553201,-0.000028887570,-1,0.000300000000,0.000028887570,0.000328887570,-0.000671112430
2024-01-19,UNIUSDT,0.000300000000,0.000039497611,0.000010821062,-0.000028676549,-1,0.000300000000,0.000028676549,0.000328676549,-0.000671323451
2024-02-17,NEARUSDT,0.000520190000,0.000731867688,0.000923401153,0.000191533465,-1,0.000520190000,-0.000191533465,0.000328656535,-0.000671343465
2024-01-18,ETCUSDT,0.000300000000,0.000263250347,0.000234601014,-0.000028649333,-1,0.000300000000,0.000028649333,0.000328649333,-0.000671350667
2024-01-14,UNIUSDT,0.000300000000,0.000128232507,0.000099996569,-0.000028235938,-1,0.000300000000,0.000028235938,0.000328235938,-0.000671764062
2024-01-17,ADAUSDT,0.000300000000,0.000094995174,0.000067231875,-0.000027763299,-1,0.000300000000,0.000027763299,0.000327763299,-0.000672236701
2024-01-14,ETHUSDT,0.000300000000,0.000321888549,0.000294594458,-0.000027294091,-1,0.000300000000,0.000027294091,0.000327294091,-0.000672705909
2024-02-08,DOGEUSDT,0.000300000000,-0.000053370347,-0.000080598451,-0.000027228104,-1,0.000300000000,0.000027228104,0.000327228104,-0.000672771896
2024-02-02,FILUSDT,0.000300000000,-0.000187759986,-0.000214873917,-0.000027113931,-1,0.000300000000,0.000027113931,0.000327113931,-0.000672886069
2024-01-17,APTUSDT,0.000300000000,0.000204979507,0.000178152236,-0.000026827271,-1,0.000300000000,0.000026827271,0.000326827271,-0.000673172729
2024-01-21,DOGEUSDT,0.000300000000,0.000085119340,0.000058322167,-0.000026797173,-1,0.000300000000,0.000026797173,0.000326797173,-0.000673202827
2024-01-29,FILUSDT,0.000300000000,-0.000066396507,-0.000093004903,-0.000026608396,-1,0.000300000000,0.000026608396,0.000326608396,-0.000673391604
2024-01-26,INJUSDT,0.000178750000,-0.000369545132,-0.000516947951,-0.000147402819,-1,0.000178750000,0.000147402819,0.000326152819,-0.000673847181
2024-01-13,ETCUSDT,0.000300000000,0.000344706396,0.000318987868,-0.000025718528,-1,0.000300000000,0.000025718528,0.000325718528,-0.000674281472
2024-01-31,BCHUSDT,-0.000222120000,-0.000603817799,-0.000501176958,0.000102640841,1,0.000222120000,0.000102640841,0.000324760841,-0.000675239159
2024-01-16,FILUSDT,0.000300000000,0.000096993972,0.000072416153,-0.000024577819,-1,0.000300000000,0.000024577819,0.000324577819,-0.000675422181
2024-01-07,AVAXUSDT,0.000300000000,-0.000128036299,-0.000152375007,-0.000024338708,-1,0.000300000000,0.000024338708,0.000324338708,-0.000675661292
2024-02-18,DOGEUSDT,0.000494450000,0.000676373576,0.000846789160,0.000170415584,-1,0.000494450000,-0.000170415584,0.000324034416,-0.000675965584
2024-01-05,UNIUSDT,0.000300000000,0.000018744486,-0.000004960396,-0.000023704882,-1,0.000300000000,0.000023704882,0.000323704882,-0.000676295118
2024-02-08,FILUSDT,0.000300000000,0.000019965326,-0.000003657826,-0.000023623152,-1,0.000300000000,0.000023623152,0.000323623152,-0.000676376848
2024-01-20,AVAXUSDT,0.000300000000,-0.000078058549,-0.000101657014,-0.000023598465,-1,0.000300000000,0.000023598465,0.000323598465,-0.000676401535
2024-02-05,BCHUSDT,-0.000193420000,-0.000624368229,-0.000495099667,0.000129268562,1,0.000193420000,0.000129268562,0.000322688562,-0.000677311438
2024-01-13,ADAUSDT,0.000300000000,0.000156829063,0.000134208479,-0.000022620584,-1,0.000300000000,0.000022620584,0.000322620584,-0.000677379416
2024-01-27,FILUSDT,0.000300000000,-0.000086590167,-0.000109167375,-0.000022577208,-1,0.000300000000,0.000022577208,0.000322577208,-0.000677422792
2024-02-01,NEARUSDT,0.000300000000,-0.000093121188,-0.000115234340,-0.000022113152,-1,0.000300000000,0.000022113152,0.000322113152,-0.000677886848
2024-01-19,ETHUSDT,0.000300000000,0.000145708924,0.000123838729,-0.000021870195,-1,0.000300000000,0.000021870195,0.000321870195,-0.000678129805
2024-01-14,BTCUSDT,0.000300000000,0.000116847757,0.000094989153,-0.000021858604,-1,0.000300000000,0.000021858604,0.000321858604,-0.000678141396
2024-01-31,DOGEUSDT,0.000300000000,-0.000267903674,-0.000289545972,-0.000021642298,-1,0.000300000000,0.000021642298,0.000321642298,-0.000678357702
2024-02-06,LTCUSDT,0.000300000000,-0.000040339451,-0.000061873639,-0.000021534188,-1,0.000300000000,0.000021534188,0.000321534188,-0.000678465812
2024-03-17,LTCUSDT,0.000418170000,0.000643258361,0.000739976306,0.000096717945,-1,0.000418170000,-0.000096717945,0.000321452055,-0.000678547945
2024-03-23,ETHUSDT,0.000369170000,0.000628693160,0.000676826069,0.000048132909,-1,0.000369170000,-0.000048132909,0.000321037091,-0.000678962909
2024-01-05,OPUSDT,0.000300000000,0.000191345542,0.000170891472,-0.000020454070,-1,0.000300000000,0.000020454070,0.000320454070,-0.000679545930
2024-01-13,ARBUSDT,0.000300000000,0.000230880056,0.000210455333,-0.000020424723,-1,0.000300000000,0.000020424723,0.000320424723,-0.000679575277
2024-02-06,XRPUSDT,0.000300000000,-0.000140241431,-0.000160524431,-0.000020283000,-1,0.000300000000,0.000020283000,0.000320283000,-0.000679717000
2024-03-17,OPUSDT,0.000426730000,0.000707350896,0.000813923090,0.000106572194,-1,0.000426730000,-0.000106572194,0.000320157806,-0.000679842194
2024-01-20,UNIUSDT,0.000300000000,0.000010821062,-0.000009020076,-0.000019841138,-1,0.000300000000,0.000019841138,0.000319841138,-0.000680158862
2024-01-30,NEARUSDT,0.000300000000,-0.000116052764,-0.000135594576,-0.000019541812,-1,0.000300000000,0.000019541812,0.000319541812,-0.000680458188
2024-01-06,LTCUSDT,0.000300000000,-0.000053644042,-0.000073035875,-0.000019391833,-1,0.000300000000,0.000019391833,0.000319391833,-0.000680608167
2024-03-17,BCHUSDT,0.000300000000,-0.000053299576,-0.000072352396,-0.000019052820,-1,0.000300000000,0.000019052820,0.000319052820,-0.000680947180
2024-02-03,AVAXUSDT,0.000300000000,-0.000050664674,-0.000069344076,-0.000018679402,-1,0.000300000000,0.000018679402,0.000318679402,-0.000681320598
2024-02-04,OPUSDT,0.000300000000,0.000086974847,0.000068778028,-0.000018196819,-1,0.000300000000,0.000018196819,0.000318196819,-0.000681803181
2024-03-25,DOGEUSDT,0.000522750000,0.000654398931,0.000859057535,0.000204658604,-1,0.000522750000,-0.000204658604,0.000318091396,-0.000681908604
2024-01-04,LTCUSDT,0.000300000000,-0.000001595257,-0.000018949472,-0.000017354215,-1,0.000300000000,0.000017354215,0.000317354215,-0.000682645785
2024-03-20,LTCUSDT,0.000353920000,0.000642265993,0.000680728396,0.000038462403,-1,0.000353920000,-0.000038462403,0.000315457597,-0.000684542403
2024-02-02,BTCUSDT,0.000300000000,-0.000390780938,-0.000406126597,-0.000015345659,-1,0.000300000000,0.000015345659,0.000315345659,-0.000684654341
2024-02-18,XRPUSDT,0.000460240000,0.000725224944,0.000871254028,0.000146029084,-1,0.000460240000,-0.000146029084,0.000314210916,-0.000685789084
2024-01-13,UNIUSDT,0.000300000000,0.000141673486,0.000128232507,-0.000013440979,-1,0.000300000000,0.000013440979,0.000313440979,-0.000686559021
2024-02-04,LTCUSDT,0.000300000000,-0.000081369882,-0.000094585083,-0.000013215201,-1,0.000300000000,0.000013215201,0.000313215201,-0.000686784799
2024-01-24,ETHUSDT,0.000300000000,-0.000251692132,-0.000264268896,-0.000012576764,-1,0.000300000000,0.000012576764,0.000312576764,-0.000687423236
2024-01-21,BTCUSDT,0.000300000000,-0.000046609132,-0.000059108062,-0.000012498930,-1,0.000300000000,0.000012498930,0.000312498930,-0.000687501070
2024-01-06,NEARUSDT,0.000300000000,-0.000066647951,-0.000078655340,-0.000012007389,-1,0.000300000000,0.000012007389,0.000312007389,-0.000687992611
2024-01-30,FILUSDT,0.000300000000,-0.000093004903,-0.000104950347,-0.000011945444,-1,0.000300000000,0.000011945444,0.000311945444,-0.000688054556
2024-02-21,ARBUSDT,0.000420360000,0.000607676625,0.000716235319,0.000108558694,-1,0.000420360000,-0.000108558694,0.000311801306,-0.000688198694
2024-02-13,LTCUSDT,0.000300000000,0.000486310819,0.000474832215,-0.000011478604,-1,0.000300000000,0.000011478604,0.000311478604,-0.000688521396
2024-02-04,UNIUSDT,0.000300000000,-0.000206823611,-0.000218073319,-0.000011249708,-1,0.000300000000,0.000011249708,0.000311249708,-0.000688750292
2024-02-05,INJUSDT,0.000300000000,-0.000021022750,-0.000031497521,-0.000010474771,-1,0.000300000000,0.000010474771,0.000310474771,-0.000689525229
2024-02-02,SOLUSDT,0.000300000000,-0.000303243097,-0.000313491208,-0.000010248111,-1,0.000300000000,0.000010248111,0.000310248111,-0.000689751889
2024-03-25,UNIUSDT,0.000402270000,0.000660689208,0.000753034417,0.000092345209,-1,0.000402270000,-0.000092345209,0.000309924791,-0.000690075209
2024-01-13,DOTUSDT,0.000300000000,-0.000017874125,-0.000027611507,-0.000009737382,-1,0.000300000000,0.000009737382,0.000309737382,-0.000690262618
2024-02-05,ARBUSDT,0.000300000000,-0.000223268479,-0.000232936000,-0.000009667521,-1,0.000300000000,0.000009667521,0.000309667521,-0.000690332479
2024-01-27,LTCUSDT,0.000300000000,-0.000176838931,-0.000186266264,-0.000009427333,-1,0.000300000000,0.000009427333,0.000309427333,-0.000690572667
2024-01-07,FILUSDT,0.000300000000,-0.000154064007,-0.000163353535,-0.000009289528,-1,0.000300000000,0.000009289528,0.000309289528,-0.000690710472
2024-01-23,FILUSDT,0.000300000000,-0.000121240049,-0.000129849389,-0.000008609340,-1,0.000300000000,0.000008609340,0.000308609340,-0.000691390660
2024-01-29,SOLUSDT,0.000239290000,-0.000328597049,-0.000397406292,-0.000068809243,-1,0.000239290000,0.000068809243,0.000308099243,-0.000691900757
2024-01-17,NEARUSDT,0.000300000000,0.000084025278,0.000076009132,-0.000008016146,-1,0.000300000000,0.000008016146,0.000308016146,-0.000691983854
2024-01-21,ETHUSDT,0.000300000000,0.000037539444,0.000030399729,-0.000007139715,-1,0.000300000000,0.000007139715,0.000307139715,-0.000692860285
2024-02-08,ADAUSDT,0.000300000000,-0.000130776201,-0.000137504667,-0.000006728466,-1,0.000300000000,0.000006728466,0.000306728466,-0.000693271534
2024-01-25,LTCUSDT,0.000300000000,-0.000082989062,-0.000089397229,-0.000006408167,-1,0.000300000000,0.000006408167,0.000306408167,-0.000693591833
2024-01-31,AVAXUSDT,0.000300000000,-0.000227494507,-0.000233413861,-0.000005919354,-1,0.000300000000,0.000005919354,0.000305919354,-0.000694080646
2024-01-27,BTCUSDT,0.000272660000,-0.000357656438,-0.000390258986,-0.000032602548,-1,0.000272660000,0.000032602548,0.000305262548,-0.000694737452
2024-01-18,ETHUSDT,0.000300000000,0.000150624750,0.000145708924,-0.000004915826,-1,0.000300000000,0.000004915826,0.000304915826,-0.000695084174
2024-01-20,SOLUSDT,0.000300000000,0.000185154660,0.000180751403,-0.000004403257,-1,0.000300000000,0.000004403257,0.000304403257,-0.000695596743
2024-02-13,XRPUSDT,0.000310540000,0.000521717549,0.000528163243,0.000006445694,-1,0.000310540000,-0.000006445694,0.000304094306,-0.000695905694
2024-01-21,SOLUSDT,0.000300000000,0.000180751403,0.000176818528,-0.000003932875,-1,0.000300000000,0.000003932875,0.000303932875,-0.000696067125
2024-01-29,DOTUSDT,0.000250570000,-0.000373971625,-0.000426961326,-0.000052989701,-1,0.000250570000,0.000052989701,0.000303559701,-0.000696440299
2024-01-23,UNIUSDT,0.000300000000,-0.000188732653,-0.000192267674,-0.000003535021,-1,0.000300000000,0.000003535021,0.000303535021,-0.000696464979
2024-02-02,LTCUSDT,0.000300000000,-0.000105213514,-0.000108604403,-0.000003390889,-1,0.000300000000,0.000003390889,0.000303390889,-0.000696609111
2024-03-25,OPUSDT,0.000476900000,0.000703076562,0.000877090819,0.000174014257,-1,0.000476900000,-0.000174014257,0.000302885743,-0.000697114257
2024-01-12,UNIUSDT,0.000300000000,0.000144441604,0.000141673486,-0.000002768118,-1,0.000300000000,0.000002768118,0.000302768118,-0.000697231882
2024-01-30,ADAUSDT,0.000300000000,-0.000026355549,-0.000029084431,-0.000002728882,-1,0.000300000000,0.000002728882,0.000302728882,-0.000697271118
2024-03-25,ETCUSDT,0.000451620000,0.000691134639,0.000840115062,0.000148980423,-1,0.000451620000,-0.000148980423,0.000302639577,-0.000697360423
2024-01-22,BTCUSDT,0.000300000000,-0.000059108062,-0.000061743181,-0.000002635119,-1,0.000300000000,0.000002635119,0.000302635119,-0.000697364881
2024-01-07,BCHUSDT,-0.000296110000,-0.000583555778,-0.000578976868,0.000004578910,1,0.000296110000,0.000004578910,0.000300688910,-0.000699311090
2024-01-09,OPUSDT,0.000300000000,0.000229220493,0.000228559125,-0.000000661368,-1,0.000300000000,0.000000661368,0.000300661368,-0.000699338632
2024-01-27,UNIUSDT,0.000300000000,-0.000060993771,-0.000061583708,-0.000000589937,-1,0.000300000000,0.000000589937,0.000300589937,-0.000699410063
2024-01-24,ADAUSDT,0.000300000000,-0.000046711563,-0.000047049389,-0.000000337826,-1,0.000300000000,0.000000337826,0.000300337826,-0.000699662174
2024-01-22,BCHUSDT,0.000094530000,-0.000535416618,-0.000740923132,-0.000205506514,-1,0.000094530000,0.000205506514,0.000300036514,-0.000699963486
2024-02-08,XRPUSDT,0.000300000000,-0.000140261035,-0.000140193153,0.000000067882,-1,0.000300000000,-0.000000067882,0.000299932118,-0.000700067882
2024-02-10,ETHUSDT,0.000274480000,-0.000380612653,-0.000405793951,-0.000025181298,-1,0.000274480000,0.000025181298,0.000299661298,-0.000700338702
2024-02-08,ETCUSDT,0.000300000000,-0.000029990236,-0.000029396715,0.000000593521,-1,0.000300000000,-0.000000593521,0.000299406479,-0.000700593521
2024-01-11,SOLUSDT,0.000300000000,0.000274985326,0.000275958840,0.000000973514,-1,0.000300000000,-0.000000973514,0.000299026486,-0.000700973514
2024-02-21,ETHUSDT,0.000421210000,0.000432658431,0.000555061542,0.000122403111,-1,0.000421210000,-0.000122403111,0.000298806889,-0.000701193111
2024-02-01,ETHUSDT,0.000233980000,-0.000363277194,-0.000427728924,-0.000064451730,-1,0.000233980000,0.000064451730,0.000298431730,-0.000701568270
2024-01-05,DOTUSDT,0.000300000000,-0.000091330285,-0.000089761972,0.000001568313,-1,0.000300000000,-0.000001568313,0.000298431687,-0.000701568313
2024-01-24,UNIUSDT,0.000300000000,-0.000192267674,-0.000190166847,0.000002100827,-1,0.000300000000,-0.000002100827,0.000297899173,-0.000702100827
2024-02-10,AVAXUSDT,0.000300000000,0.000035702431,0.000037924799,0.000002222368,-1,0.000300000000,-0.000002222368,0.000297777632,-0.000702222368
2024-01-19,BTCUSDT,0.000300000000,0.000004084257,0.000006726444,0.000002642187,-1,0.000300000000,-0.000002642187,0.000297357813,-0.000702642187
2024-02-02,ADAUSDT,0.000300000000,-0.000086726188,-0.000083665208,0.000003060980,-1,0.000300000000,-0.000003060980,0.000296939020,-0.000703060980
2024-02-04,ARBUSDT,0.000300000000,-0.000226582042,-0.000223268479,0.000003313563,-1,0.000300000000,-0.000003313563,0.000296686437,-0.000703313563
2024-02-07,FILUSDT,0.000300000000,0.000016108618,0.000019965326,0.000003856708,-1,0.000300000000,-0.000003856708,0.000296143292,-0.000703856708
2024-03-17,ADAUSDT,0.000378060000,0.000612351972,0.000694359840,0.000082007868,-1,0.000378060000,-0.000082007868,0.000296052132,-0.000703947868
2024-01-15,SOLUSDT,0.000300000000,0.000186406708,0.000190950000,0.000004543292,-1,0.000300000000,-0.000004543292,0.000295456708,-0.000704543292
2024-01-13,DOGEUSDT,0.000300000000,0.000201867021,0.000206818104,0.000004951083,-1,0.000300000000,-0.000004951083,0.000295048917,-0.000704951083
2024-01-14,XRPUSDT,0.000300000000,0.000173914292,0.000179072924,0.000005158632,-1,0.000300000000,-0.000005158632,0.000294841368,-0.000705158632
2024-02-21,LINKUSDT,0.000337040000,0.000592647382,0.000635024382,0.000042377000,-1,0.000337040000,-0.000042377000,0.000294663000,-0.000705337000
2024-02-05,ADAUSDT,0.000300000000,-0.000275285153,-0.000269607667,0.000005677486,-1,0.000300000000,-0.000005677486,0.000294322514,-0.000705677486
2024-01-28,OPUSDT,0.000300000000,-0.000070726139,-0.000064732681,0.000005993458,-1,0.000300000000,-0.000005993458,0.000294006542,-0.000705993458
2024-01-13,NEARUSDT,0.000300000000,0.000236403854,0.000242440771,0.000006036917,-1,0.000300000000,-0.000006036917,0.000293963083,-0.000706036917
2024-01-30,DOGEUSDT,0.000300000000,-0.000273958604,-0.000267903674,0.000006054930,-1,0.000300000000,-0.000006054930,0.000293945070,-0.000706054930
2024-01-14,LTCUSDT,0.000300000000,0.000225167125,0.000231336257,0.000006169132,-1,0.000300000000,-0.000006169132,0.000293830868,-0.000706169132
2024-02-02,LINKUSDT,0.000300000000,-0.000041099306,-0.000034744424,0.000006354882,-1,0.000300000000,-0.000006354882,0.000293645118,-0.000706354882
2024-02-08,LTCUSDT,0.000300000000,-0.000145743944,-0.000139175792,0.000006568152,-1,0.000300000000,-0.000006568152,0.000293431848,-0.000706568152
2024-01-21,OPUSDT,0.000300000000,0.000200593569,0.000207226243,0.000006632674,-1,0.000300000000,-0.000006632674,0.000293367326,-0.000706632674
2024-01-11,XRPUSDT,0.000300000000,0.000283485639,0.000290191431,0.000006705792,-1,0.000300000000,-0.000006705792,0.000293294208,-0.000706705792
2024-01-16,ADAUSDT,0.000300000000,0.000088206639,0.000094995174,0.000006788535,-1,0.000300000000,-0.000006788535,0.000293211465,-0.000706788535
2024-01-04,LINKUSDT,0.000300000000,-0.000132921236,-0.000126095965,0.000006825271,-1,0.000300000000,-0.000006825271,0.000293174729,-0.000706825271
2024-02-02,INJUSDT,0.000300000000,-0.000265001062,-0.000257453632,0.000007547430,-1,0.000300000000,-0.000007547430,0.000292452570,-0.000707547430
2024-02-10,ETCUSDT,0.000300000000,0.000006771167,0.000014673965,0.000007902798,-1,0.000300000000,-0.000007902798,0.000292097202,-0.000707902798
2024-02-11,UNIUSDT,0.000300000000,-0.000055022653,-0.000046437722,0.000008584931,-1,0.000300000000,-0.000008584931,0.000291415069,-0.000708584931
2024-01-10,LINKUSDT,0.000300000000,-0.000044987424,-0.000035935410,0.000009052014,-1,0.000300000000,-0.000009052014,0.000290947986,-0.000709052014
2024-01-21,LTCUSDT,0.000300000000,0.000105435972,0.000114512042,0.000009076070,-1,0.000300000000,-0.000009076070,0.000290923930,-0.000709076070
2024-01-14,AVAXUSDT,0.000300000000,0.000093595361,0.000102709236,0.000009113875,-1,0.000300000000,-0.000009113875,0.000290886125,-0.000709113875
2024-01-28,UNIUSDT,0.000300000000,-0.000061583708,-0.000052022264,0.000009561444,-1,0.000300000000,-0.000009561444,0.000290438556,-0.000709561444
2024-01-16,DOGEUSDT,0.000300000000,0.000147976438,0.000158694118,0.000010717680,-1,0.000300000000,-0.000010717680,0.000289282320,-0.000710717680
2024-02-03,DOTUSDT,0.000300000000,-0.000095624799,-0.000084658597,0.000010966202,-1,0.000300000000,-0.000010966202,0.000289033798,-0.000710966202
2024-02-12,BCHUSDT,0.000300000000,-0.000180614000,-0.000169406701,0.000011207299,-1,0.000300000000,-0.000011207299,0.000288792701,-0.000711207299
2024-01-06,ADAUSDT,0.000300000000,-0.000044347236,-0.000033032083,0.000011315153,-1,0.000300000000,-0.000011315153,0.000288684847,-0.000711315153
2024-03-21,INJUSDT,0.000309760000,0.000683898556,0.000705010861,0.000021112305,-1,0.000309760000,-0.000021112305,0.000288647695,-0.000711352305
2024-02-16,ETHUSDT,0.000327220000,0.000566594056,0.000605514861,0.000038920805,-1,0.000327220000,-0.000038920805,0.000288299195,-0.000711700805
2024-02-04,LINKUSDT,0.000300000000,-0.000094553472,-0.000082530528,0.000012022944,-1,0.000300000000,-0.000012022944,0.000287977056,-0.000712022944
2024-02-05,ETCUSDT,0.000300000000,-0.000145914965,-0.000133824771,0.000012090194,-1,0.000300000000,-0.000012090194,0.000287909806,-0.000712090194
2024-01-26,XRPUSDT,0.000300000000,-0.000197305549,-0.000185070549,0.000012235000,-1,0.000300000000,-0.000012235000,0.000287765000,-0.000712235000
2024-02-11,NEARUSDT,0.000300000000,0.000021857764,0.000034223618,0.000012365854,-1,0.000300000000,-0.000012365854,0.000287634146,-0.000712365854
2024-03-20,AVAXUSDT,0.000325560000,0.000580308514,0.000619099021,0.000038790507,-1,0.000325560000,-0.000038790507,0.000286769493,-0.000713230507
2024-01-29,ARBUSDT,0.000300000000,-0.000188468681,-0.000174730924,0.000013737757,-1,0.000300000000,-0.000013737757,0.000286262243,-0.000713737757
2024-01-26,BTCUSDT,0.000300000000,-0.000371575278,-0.000357656438,0.000013918840,-1,0.000300000000,-0.000013918840,0.000286081160,-0.000713918840
2024-02-03,ETCUSDT,0.000300000000,0.000049405639,0.000063891778,0.000014486139,-1,0.000300000000,-0.000014486139,0.000285513861,-0.000714486139
2024-02-01,ARBUSDT,0.000300000000,-0.000346242424,-0.000331528000,0.000014714424,-1,0.000300000000,-0.000014714424,0.000285285576,-0.000714714424
2024-01-10,ETHUSDT,0.000300000000,0.000254712535,0.000270346778,0.000015634243,-1,0.000300000000,-0.000015634243,0.000284365757,-0.000715634243
2024-02-15,BTCUSDT,0.000300000000,0.000521485007,0.000537180104,0.000015695097,-1,0.000300000000,-0.000015695097,0.000284304903,-0.000715695097
2024-01-04,APTUSDT,0.000300000000,0.000362419278,0.000378421910,0.000016002632,-1,0.000300000000,-0.000016002632,0.000283997368,-0.000716002632
2024-01-31,INJUSDT,0.000300000000,-0.000158703264,-0.000142548312,0.000016154952,-1,0.000300000000,-0.000016154952,0.000283845048,-0.000716154952
2024-01-28,XRPUSDT,0.000300000000,-0.000238663743,-0.000222460153,0.000016203590,-1,0.000300000000,-0.000016203590,0.000283796410,-0.000716203590
2024-01-16,BTCUSDT,0.000300000000,-0.000021483278,-0.000005270944,0.000016212334,-1,0.000300000000,-0.000016212334,0.000283787666,-0.000716212334
2024-01-05,BTCUSDT,0.000300000000,-0.000094164410,-0.000077780347,0.000016384063,-1,0.000300000000,-0.000016384063,0.000283615937,-0.000716384063
2024-01-14,OPUSDT,0.000300000000,0.000238497313,0.000254973604,0.000016476291,-1,0.000300000000,-0.000016476291,0.000283523709,-0.000716476291
2024-02-05,ETHUSDT,0.000300000000,-0.000364899201,-0.000348405771,0.000016493430,-1,0.000300000000,-0.000016493430,0.000283506570,-0.000716493430
2024-01-25,DOTUSDT,0.000300000000,-0.000156500167,-0.000139983618,0.000016516549,-1,0.000300000000,-0.000016516549,0.000283483451,-0.000716516549
2024-02-09,ETHUSDT,0.000277520000,-0.000374874660,-0.000380612653,-0.000005737993,-1,0.000277520000,0.000005737993,0.000283257993,-0.000716742007
2024-02-06,INJUSDT,0.000300000000,-0.000031497521,-0.000014501243,0.000016996278,-1,0.000300000000,-0.000016996278,0.000283003722,-0.000716996278
2024-01-31,FILUSDT,0.000300000000,-0.000104950347,-0.000087615979,0.000017334368,-1,0.000300000000,-0.000017334368,0.000282665632,-0.000717334368
2024-01-20,ADAUSDT,0.000300000000,0.000064907333,0.000082492104,0.000017584771,-1,0.000300000000,-0.000017584771,0.000282415229,-0.000717584771
2024-01-21,UNIUSDT,0.000300000000,-0.000009020076,0.000008913257,0.000017933333,-1,0.000300000000,-0.000017933333,0.000282066667,-0.000717933333
2024-02-03,XRPUSDT,0.000300000000,-0.000196882014,-0.000178905333,0.000017976681,-1,0.000300000000,-0.000017976681,0.000282023319,-0.000717976681
2024-02-03,BCHUSDT,-0.000216260000,-0.000586978132,-0.000521664125,0.000065314007,1,0.000216260000,0.000065314007,0.000281574007,-0.000718425993
2024-01-08,UNIUSDT,0.000300000000,-0.000133136521,-0.000114146708,0.000018989813,-1,0.000300000000,-0.000018989813,0.000281010187,-0.000718989813
2024-02-10,LTCUSDT,0.000300000000,-0.000053248514,-0.000034174229,0.000019074285,-1,0.000300000000,-0.000019074285,0.000280925715,-0.000719074285
2024-02-06,BTCUSDT,0.000267230000,-0.000387160049,-0.000400731979,-0.000013571930,-1,0.000267230000,0.000013571930,0.000280801930,-0.000719198070
2024-03-24,LTCUSDT,0.000387130000,0.000627412368,0.000733886340,0.000106473972,-1,0.000387130000,-0.000106473972,0.000280656028,-0.000719343972
2024-01-26,DOTUSDT,0.000300000000,-0.000139983618,-0.000119924417,0.000020059201,-1,0.000300000000,-0.000020059201,0.000279940799,-0.000720059201
2024-02-10,NEARUSDT,0.000300000000,0.000001663326,0.000021857764,0.000020194438,-1,0.000300000000,-0.000020194438,0.000279805562,-0.000720194438
2024-02-07,XRPUSDT,0.000300000000,-0.000160524431,-0.000140261035,0.000020263396,-1,0.000300000000,-0.000020263396,0.000279736604,-0.000720263396
2024-01-29,AVAXUSDT,0.000298810000,-0.000349917563,-0.000330643174,0.000019274389,-1,0.000298810000,-0.000019274389,0.000279535611,-0.000720464389
2024-01-20,XRPUSDT,0.000300000000,0.000071869708,0.000092476215,0.000020606507,-1,0.000300000000,-0.000020606507,0.000279393493,-0.000720606507
2024-02-19,ETHUSDT,0.000300000000,0.000621451632,0.000642250674,0.000020799042,-1,0.000300000000,-0.000020799042,0.000279200958,-0.000720799042
2024-03-20,LINKUSDT,0.000374480000,0.000589577840,0.000684926632,0.000095348792,-1,0.000374480000,-0.000095348792,0.000279131208,-0.000720868792
2024-01-29,INJUSDT,0.000276060000,-0.000341146097,-0.000344086167,-0.000002940070,-1,0.000276060000,0.000002940070,0.000279000070,-0.000720999930
2024-01-13,AVAXUSDT,0.000300000000,0.000072445500,0.000093595361,0.000021149861,-1,0.000300000000,-0.000021149861,0.000278850139,-0.000721149861
2024-02-05,DOTUSDT,0.000300000000,-0.000234297569,-0.000212868417,0.000021429152,-1,0.000300000000,-0.000021429152,0.000278570848,-0.000721429152
2024-01-24,LTCUSDT,0.000300000000,-0.000104738319,-0.000082989062,0.000021749257,-1,0.000300000000,-0.000021749257,0.000278250743,-0.000721749257
2024-01-06,ETCUSDT,0.000300000000,-0.000210572549,-0.000188107708,0.000022464841,-1,0.000300000000,-0.000022464841,0.000277535159,-0.000722464841
2024-01-10,DOTUSDT,0.000300000000,-0.000097272174,-0.000074711500,0.000022560674,-1,0.000300000000,-0.000022560674,0.000277439326,-0.000722560674
2024-01-06,DOTUSDT,0.000300000000,-0.000089761972,-0.000067076250,0.000022685722,-1,0.000300000000,-0.000022685722,0.000277314278,-0.000722685722
2024-02-12,OPUSDT,0.000415180000,0.000613363583,0.000751299403,0.000137935820,-1,0.000415180000,-0.000137935820,0.000277244180,-0.000722755820
2024-01-31,ETHUSDT,0.000300000000,-0.000386198222,-0.000363277194,0.000022921028,-1,0.000300000000,-0.000022921028,0.000277078972,-0.000722921028
2024-03-20,ETHUSDT,0.000360960000,0.000598009368,0.000682022201,0.000084012833,-1,0.000360960000,-0.000084012833,0.000276947167,-0.000723052833
2024-01-05,LINKUSDT,0.000300000000,-0.000126095965,-0.000102888021,0.000023207944,-1,0.000300000000,-0.000023207944,0.000276792056,-0.000723207944
2024-01-15,DOGEUSDT,0.000300000000,0.000124457299,0.000147976438,0.000023519139,-1,0.000300000000,-0.000023519139,0.000276480861,-0.000723519139
2024-01-14,ARBUSDT,0.000300000000,0.000210455333,0.000234151792,0.000023696459,-1,0.000300000000,-0.000023696459,0.000276303541,-0.000723696459
2024-02-13,DOTUSDT,0.000300000000,0.000513960465,0.000537932243,0.000023971778,-1,0.000300000000,-0.000023971778,0.000276028222,-0.000723971778
2024-01-05,XRPUSDT,0.000300000000,-0.000088995604,-0.000064943431,0.000024052173,-1,0.000300000000,-0.000024052173,0.000275947827,-0.000724052173
2024-03-17,ARBUSDT,0.000452160000,0.000653263035,0.000830012285,0.000176749250,-1,0.000452160000,-0.000176749250,0.000275410750,-0.000724589250
2024-01-09,DOTUSDT,0.000300000000,-0.000122113687,-0.000097272174,0.000024841513,-1,0.000300000000,-0.000024841513,0.000275158487,-0.000724841513
2024-01-14,ADAUSDT,0.000300000000,0.000134208479,0.000159984021,0.000025775542,-1,0.000300000000,-0.000025775542,0.000274224458,-0.000725775542
2024-02-10,ADAUSDT,0.000300000000,0.000069243736,0.000095195583,0.000025951847,-1,0.000300000000,-0.000025951847,0.000274048153,-0.000725951847
2024-02-09,NEARUSDT,0.000300000000,-0.000024612701,0.000001663326,0.000026276027,-1,0.000300000000,-0.000026276027,0.000273723973,-0.000726276027
2024-01-27,BCHUSDT,0.000256330000,-0.000345939743,-0.000363169903,-0.000017230160,-1,0.000256330000,0.000017230160,0.000273560160,-0.000726439840
2024-01-29,ADAUSDT,0.000300000000,-0.000052955556,-0.000026355549,0.000026600007,-1,0.000300000000,-0.000026600007,0.000273399993,-0.000726600007
2024-01-27,ADAUSDT,0.000300000000,-0.000138772806,-0.000111676285,0.000027096521,-1,0.000300000000,-0.000027096521,0.000272903479,-0.000727096521
2024-02-03,LTCUSDT,0.000300000000,-0.000108604403,-0.000081369882,0.000027234521,-1,0.000300000000,-0.000027234521,0.000272765479,-0.000727234521
2024-02-21,AVAXUSDT,0.000372130000,0.000556921375,0.000656369076,0.000099447701,-1,0.000372130000,-0.000099447701,0.000272682299,-0.000727317701
2024-01-21,ADAUSDT,0.000300000000,0.000082492104,0.000110047694,0.000027555590,-1,0.000300000000,-0.000027555590,0.000272444410,-0.000727555590
2024-01-13,LTCUSDT,0.000300000000,0.000196701347,0.000225167125,0.000028465778,-1,0.000300000000,-0.000028465778,0.000271534222,-0.000728465778
2024-02-08,BCHUSDT,0.000277770000,-0.000421634132,-0.000415388403,0.000006245729,-1,0.000277770000,-0.000006245729,0.000271524271,-0.000728475729
2024-01-10,SOLUSDT,0.000300000000,0.000246303354,0.000274985326,0.000028681972,-1,0.000300000000,-0.000028681972,0.000271318028,-0.000728681972
2024-02-06,ADAUSDT,0.000289920000,-0.000269607667,-0.000249691910,0.000019915757,-1,0.000289920000,-0.000019915757,0.000270004243,-0.000729995757
2024-01-10,FILUSDT,0.000300000000,0.000065247431,0.000095557236,0.000030309805,-1,0.000300000000,-0.000030309805,0.000269690195,-0.000730309805
2024-03-17,UNIUSDT,0.000323010000,0.000610871340,0.000664551292,0.000053679952,-1,0.000323010000,-0.000053679952,0.000269330048,-0.000730669952
2024-01-30,BCHUSDT,0.000098520000,-0.000433637111,-0.000603817799,-0.000170180688,-1,0.000098520000,0.000170180688,0.000268700688,-0.000731299312
2024-01-24,OPUSDT,0.000300000000,-0.000084307882,-0.000052861736,0.000031446146,-1,0.000300000000,-0.000031446146,0.000268553854,-0.000731446146
2024-02-01,ADAUSDT,0.000300000000,-0.000118173556,-0.000086726188,0.000031447368,-1,0.000300000000,-0.000031447368,0.000268552632,-0.000731447368
2024-01-19,XRPUSDT,0.000300000000,0.000039016063,0.000071869708,0.000032853645,-1,0.000300000000,-0.000032853645,0.000267146355,-0.000732853645
2024-02-06,FILUSDT,0.000300000000,-0.000017390715,0.000016108618,0.000033499333,-1,0.000300000000,-0.000033499333,0.000266500667,-0.000733499333
2024-01-21,APTUSDT,0.000300000000,0.000088902590,0.000122459361,0.000033556771,-1,0.000300000000,-0.000033556771,0.000266443229,-0.000733556771
2024-01-27,ETHUSDT,0.000268770000,-0.000387207000,-0.000384841674,0.000002365326,-1,0.000268770000,-0.000002365326,0.000266404674,-0.000733595326
2024-01-27,ETCUSDT,0.000300000000,-0.000220792542,-0.000187067250,0.000033725292,-1,0.000300000000,-0.000033725292,0.000266274708,-0.000733725292
2024-02-07,BTCUSDT,0.000212060000,-0.000400731979,-0.000454509444,-0.000053777465,-1,0.000212060000,0.000053777465,0.000265837465,-0.000734162535
2024-02-17,BTCUSDT,0.000360410000,0.000578597486,0.000673372160,0.000094774674,-1,0.000360410000,-0.000094774674,0.000265635326,-0.000734364674
2024-02-05,NEARUSDT,0.000300000000,-0.000054457910,-0.000019776569,0.000034681341,-1,0.000300000000,-0.000034681341,0.000265318659,-0.000734681341
2024-01-28,LTCUSDT,0.000300000000,-0.000186266264,-0.000151313979,0.000034952285,-1,0.000300000000,-0.000034952285,0.000265047715,-0.000734952285
2024-01-16,OPUSDT,0.000300000000,0.000200836479,0.000236087368,0.000035250889,-1,0.000300000000,-0.000035250889,0.000264749111,-0.000735250889
2024-02-06,DOTUSDT,0.000300000000,-0.000212868417,-0.000177573646,0.000035294771,-1,0.000300000000,-0.000035294771,0.000264705229,-0.000735294771
2024-01-28,NEARUSDT,0.000300000000,-0.000229922181,-0.000194456715,0.000035465466,-1,0.000300000000,-0.000035465466,0.000264534534,-0.000735465466
2024-01-31,DOTUSDT,0.000300000000,-0.000226343653,-0.000190253299,0.000036090354,-1,0.000300000000,-0.000036090354,0.000263909646,-0.000736090354
2024-02-09,ETCUSDT,0.000300000000,-0.000029396715,0.000006771167,0.000036167882,-1,0.000300000000,-0.000036167882,0.000263832118,-0.000736167882
2024-01-16,ETCUSDT,0.000300000000,0.000020605410,0.000057919403,0.000037313993,-1,0.000300000000,-0.000037313993,0.000262686007,-0.000737313993
2024-01-10,ARBUSDT,0.000300000000,0.000206196819,0.000243895910,0.000037699091,-1,0.000300000000,-0.000037699091,0.000262300909,-0.000737699091
2024-02-01,DOTUSDT,0.000300000000,-0.000190253299,-0.000151499722,0.000038753577,-1,0.000300000000,-0.000038753577,0.000261246423,-0.000738753577
2024-01-21,ARBUSDT,0.000300000000,-0.000006585465,0.000032409458,0.000038994923,-1,0.000300000000,-0.000038994923,0.000261005077,-0.000738994923
2024-03-21,ETCUSDT,0.000307970000,0.000624272937,0.000671442722,0.000047169785,-1,0.000307970000,-0.000047169785,0.000260800215,-0.000739199785
2024-01-09,BNBUSDT,-0.000085960000,0.000129688479,0.000304071951,0.000174383472,1,0.000085960000,0.000174383472,0.000260343472,-0.000739656528
2024-01-17,DOTUSDT,0.000300000000,-0.000043610750,-0.000003650458,0.000039960292,-1,0.000300000000,-0.000039960292,0.000260039708,-0.000739960292
2024-02-07,ETCUSDT,0.000300000000,-0.000070106347,-0.000029990236,0.000040116111,-1,0.000300000000,-0.000040116111,0.000259883889,-0.000740116111
2024-01-30,ETHUSDT,0.000261950000,-0.000388933806,-0.000386198222,0.000002735584,-1,0.000261950000,-0.000002735584,0.000259214416,-0.000740785584
2024-01-26,ARBUSDT,0.000300000000,-0.000216896208,-0.000176055549,0.000040840659,-1,0.000300000000,-0.000040840659,0.000259159341,-0.000740840659
2024-02-23,ETHUSDT,0.000300000000,0.000408150764,0.000449535757,0.000041384993,-1,0.000300000000,-0.000041384993,0.000258615007,-0.000741384993
2024-02-16,BTCUSDT,0.000300000000,0.000537180104,0.000578597486,0.000041417382,-1,0.000300000000,-0.000041417382,0.000258582618,-0.000741417382
2024-01-10,LTCUSDT,0.000300000000,0.000071233868,0.000113367826,0.000042133958,-1,0.000300000000,-0.000042133958,0.000257866042,-0.000742133958
2024-03-25,LINKUSDT,0.000439940000,0.000726306576,0.000908443431,0.000182136855,-1,0.000439940000,-0.000182136855,0.000257803145,-0.000742196855
2024-01-31,NEARUSDT,0.000300000000,-0.000135594576,-0.000093121188,0.000042473388,-1,0.000300000000,-0.000042473388,0.000257526612,-0.000742473388
2024-01-28,FILUSDT,0.000300000000,-0.000109167375,-0.000066396507,0.000042770868,-1,0.000300000000,-0.000042770868,0.000257229132,-0.000742770868
2024-01-17,FILUSDT,0.000300000000,0.000072416153,0.000115239424,0.000042823271,-1,0.000300000000,-0.000042823271,0.000257176729,-0.000742823271
2024-02-13,BTCUSDT,0.000300000000,0.000337376097,0.000381542910,0.000044166813,-1,0.000300000000,-0.000044166813,0.000255833187,-0.000744166813
2024-01-19,LTCUSDT,0.000300000000,0.000126487000,0.000171336639,0.000044849639,-1,0.000300000000,-0.000044849639,0.000255150361,-0.000744849639
2024-01-29,LTCUSDT,0.000300000000,-0.000151313979,-0.000105777299,0.000045536680,-1,0.000300000000,-0.000045536680,0.000254463320,-0.000745536680
2024-01-13,FILUSDT,0.000300000000,0.000178843514,0.000224591910,0.000045748396,-1,0.000300000000,-0.000045748396,0.000254251604,-0.000745748396
2024-02-03,SOLUSDT,0.000297260000,-0.000313491208,-0.000270343743,0.000043147465,-1,0.000297260000,-0.000043147465,0.000254112535,-0.000745887465
2024-01-05,ADAUSDT,0.000300000000,-0.000090368146,-0.000044347236,0.000046020910,-1,0.000300000000,-0.000046020910,0.000253979090,-0.000746020910
2024-01-19,AVAXUSDT,0.000300000000,-0.000124660069,-0.000078058549,0.000046601520,-1,0.000300000000,-0.000046601520,0.000253398480,-0.000746601520
2024-02-26,BNBUSDT,-0.000501880000,-0.000673324257,-0.000922025590,-0.000248701333,1,0.000501880000,-0.000248701333,0.000253178667,-0.000746821333
2024-01-17,UNIUSDT,0.000300000000,0.000116413458,0.000163356090,0.000046942632,-1,0.000300000000,-0.000046942632,0.000253057368,-0.000746942632
2024-01-23,ETCUSDT,0.000300000000,0.000074690403,0.000122611236,0.000047920833,-1,0.000300000000,-0.000047920833,0.000252079167,-0.000747920833
2024-01-27,INJUSDT,-0.000142570000,-0.000516947951,-0.000407526674,0.000109421277,1,0.000142570000,0.000109421277,0.000251991277,-0.000748008723
2024-01-13,XRPUSDT,0.000300000000,0.000125845319,0.000173914292,0.000048068973,-1,0.000300000000,-0.000048068973,0.000251931027,-0.000748068973
2024-01-21,NEARUSDT,0.000300000000,0.000032943792,0.000081086778,0.000048142986,-1,0.000300000000,-0.000048142986,0.000251857014,-0.000748142986
2024-01-27,ARBUSDT,0.000300000000,-0.000176055549,-0.000127747090,0.000048308459,-1,0.000300000000,-0.000048308459,0.000251691541,-0.000748308459
2024-02-04,APTUSDT,0.000300000000,-0.000083943118,-0.000035495326,0.000048447792,-1,0.000300000000,-0.000048447792,0.000251552208,-0.000748447792
2024-01-09,FILUSDT,0.000300000000,0.000016688937,0.000065247431,0.000048558494,-1,0.000300000000,-0.000048558494,0.000251441506,-0.000748558494
2024-03-21,UNIUSDT,0.000300000000,0.000514910806,0.000564252028,0.000049341222,-1,0.000300000000,-0.000049341222,0.000250658778,-0.000749341222
2024-02-25,LINKUSDT,0.000392650000,0.000689355056,0.000831624854,0.000142269798,-1,0.000392650000,-0.000142269798,0.000250380202,-0.000749619798
2024-03-22,ADAUSDT,0.000370710000,0.000603471549,0.000723825799,0.000120354250,-1,0.000370710000,-0.000120354250,0.000250355750,-0.000749644250
2024-01-11,BCHUSDT,0.000266280000,-0.000327293625,-0.000310992389,0.000016301236,-1,0.000266280000,-0.000016301236,0.000249978764,-0.000750021236
2024-01-04,AVAXUSDT,0.000300000000,-0.000062496819,-0.000011375542,0.000051121277,-1,0.000300000000,-0.000051121277,0.000248878723,-0.000751121277
2024-01-24,DOGEUSDT,0.000300000000,-0.000133163347,-0.000081964653,0.000051198694,-1,0.000300000000,-0.000051198694,0.000248801306,-0.000751198694
2024-01-24,ARBUSDT,0.000300000000,-0.000136582014,-0.000085355042,0.000051226972,-1,0.000300000000,-0.000051226972,0.000248773028,-0.000751226972
2024-01-23,APTUSDT,0.000300000000,-0.000272933215,-0.000221530958,0.000051402257,-1,0.000300000000,-0.000051402257,0.000248597743,-0.000751402257
2024-02-06,APTUSDT,0.000300000000,-0.000119554917,-0.000067676194,0.000051878723,-1,0.000300000000,-0.000051878723,0.000248121277,-0.000751878723
2024-01-21,LINKUSDT,0.000300000000,0.000115802937,0.000167735111,0.000051932174,-1,0.000300000000,-0.000051932174,0.000248067826,-0.000751932174
2024-01-28,BTCUSDT,0.000247250000,-0.000390258986,-0.000390180410,0.000000078576,-1,0.000247250000,-0.000000078576,0.000247171424,-0.000752828576
2024-02-05,LTCUSDT,0.000300000000,-0.000094585083,-0.000040339451,0.000054245632,-1,0.000300000000,-0.000054245632,0.000245754368,-0.000754245632
2024-02-08,UNIUSDT,0.000300000000,-0.000263665840,-0.000209407243,0.000054258597,-1,0.000300000000,-0.000054258597,0.000245741403,-0.000754258597
2024-02-02,DOTUSDT,0.000300000000,-0.000151499722,-0.000095624799,0.000055874923,-1,0.000300000000,-0.000055874923,0.000244125077,-0.000755874923
2024-02-07,ARBUSDT,0.000300000000,-0.000354510563,-0.000298373299,0.000056137264,-1,0.000300000000,-0.000056137264,0.000243862736,-0.000756137264
2024-01-31,OPUSDT,0.000300000000,-0.000172355222,-0.000115783069,0.000056572153,-1,0.000300000000,-0.000056572153,0.000243427847,-0.000756572153
2024-01-28,AVAXUSDT,0.000190180000,-0.000297053271,-0.000349917563,-0.000052864292,-1,0.000190180000,0.000052864292,0.000243044292,-0.000756955708
2024-01-13,INJUSDT,0.000300000000,-0.000185658174,-0.000128543799,0.000057114375,-1,0.000300000000,-0.000057114375,0.000242885625,-0.000757114375
2024-02-02,ARBUSDT,0.000300000000,-0.000331528000,-0.000274142139,0.000057385861,-1,0.000300000000,-0.000057385861,0.000242614139,-0.000757385861
2024-02-04,INJUSDT,0.000300000000,-0.000078528125,-0.000021022750,0.000057505375,-1,0.000300000000,-0.000057505375,0.000242494625,-0.000757505375
2024-03-17,AVAXUSDT,0.000429600000,0.000646634521,0.000834220847,0.000187586326,-1,0.000429600000,-0.000187586326,0.000242013674,-0.000757986326
2024-01-23,ADAUSDT,0.000300000000,-0.000105037069,-0.000046711563,0.000058325506,-1,0.000300000000,-0.000058325506,0.000241674494,-0.000758325506
2024-02-13,SOLUSDT,0.000341660000,0.000599322674,0.000699529306,0.000100206632,-1,0.000341660000,-0.000100206632,0.000241453368,-0.000758546632
2024-01-28,ADAUSDT,0.000300000000,-0.000111676285,-0.000052955556,0.000058720729,-1,0.000300000000,-0.000058720729,0.000241279271,-0.000758720729
2024-02-13,ETHUSDT,0.000300000000,0.000481381854,0.000540273000,0.000058891146,-1,0.000300000000,-0.000058891146,0.000241108854,-0.000758891146
2024-01-09,LINKUSDT,0.000300000000,-0.000104895792,-0.000044987424,0.000059908368,-1,0.000300000000,-0.000059908368,0.000240091632,-0.000759908368
2024-01-25,UNIUSDT,0.000300000000,-0.000190166847,-0.000130042479,0.000060124368,-1,0.000300000000,-0.000060124368,0.000239875632,-0.000760124368
2024-02-08,NEARUSDT,0.000300000000,-0.000084959312,-0.000024612701,0.000060346611,-1,0.000300000000,-0.000060346611,0.000239653389,-0.000760346611
2024-02-18,ETHUSDT,0.000311400000,0.000549673361,0.000621451632,0.000071778271,-1,0.000311400000,-0.000071778271,0.000239621729,-0.000760378271
2024-01-28,LINKUSDT,0.000300000000,-0.000258346562,-0.000197904000,0.000060442562,-1,0.000300000000,-0.000060442562,0.000239557438,-0.000760442562
2024-02-13,ARBUSDT,0.000300000000,0.000509192597,0.000570194736,0.000061002139,-1,0.000300000000,-0.000061002139,0.000238997861,-0.000761002139
2024-02-03,ARBUSDT,0.000285690000,-0.000274142139,-0.000226582042,0.000047560097,-1,0.000285690000,-0.000047560097,0.000238129903,-0.000761870097
2024-02-09,DOGEUSDT,0.000300000000,-0.000080598451,-0.000018364910,0.000062233541,-1,0.000300000000,-0.000062233541,0.000237766459,-0.000762233541
2024-01-28,ETCUSDT,0.000300000000,-0.000187067250,-0.000124674694,0.000062392556,-1,0.000300000000,-0.000062392556,0.000237607444,-0.000762392556
2024-01-19,ADAUSDT,0.000300000000,0.000002482528,0.000064907333,0.000062424805,-1,0.000300000000,-0.000062424805,0.000237575195,-0.000762424805
2024-01-23,XRPUSDT,0.000300000000,-0.000200458347,-0.000137659389,0.000062798958,-1,0.000300000000,-0.000062798958,0.000237201042,-0.000762798958
2024-02-03,NEARUSDT,0.000300000000,-0.000186149125,-0.000123223549,0.000062925576,-1,0.000300000000,-0.000062925576,0.000237074424,-0.000762925576
2024-02-14,ETHUSDT,0.000330820000,0.000540273000,0.000634277438,0.000094004438,-1,0.000330820000,-0.000094004438,0.000236815562,-0.000763184438
2024-01-19,ARBUSDT,0.000300000000,0.000137786611,0.000201449743,0.000063663132,-1,0.000300000000,-0.000063663132,0.000236336868,-0.000763663132
2024-02-06,ETCUSDT,0.000300000000,-0.000133824771,-0.000070106347,0.000063718424,-1,0.000300000000,-0.000063718424,0.000236281576,-0.000763718424
2024-01-08,AVAXUSDT,0.000300000000,-0.000152375007,-0.000088475174,0.000063899833,-1,0.000300000000,-0.000063899833,0.000236100167,-0.000763899833
2024-02-02,APTUSDT,0.000300000000,-0.000085700306,-0.000021305215,0.000064395091,-1,0.000300000000,-0.000064395091,0.000235604909,-0.000764395091
2024-02-08,AVAXUSDT,0.000300000000,-0.000124060931,-0.000058500312,0.000065560619,-1,0.000300000000,-0.000065560619,0.000234439381,-0.000765560619
2024-01-17,XRPUSDT,0.000300000000,0.000035436278,0.000101578708,0.000066142430,-1,0.000300000000,-0.000066142430,0.000233857570,-0.000766142430
2024-02-02,AVAXUSDT,0.000300000000,-0.000116863701,-0.000050664674,0.000066199027,-1,0.000300000000,-0.000066199027,0.000233800973,-0.000766199027
2024-01-17,BTCUSDT,0.000300000000,-0.000005270944,0.000061203333,0.000066474277,-1,0.000300000000,-0.000066474277,0.000233525723,-0.000766474277
2024-01-29,XRPUSDT,0.000300000000,-0.000222460153,-0.000155903417,0.000066556736,-1,0.000300000000,-0.000066556736,0.000233443264,-0.000766556736
2024-01-16,APTUSDT,0.000300000000,0.000138398799,0.000204979507,0.000066580708,-1,0.000300000000,-0.000066580708,0.000233419292,-0.000766580708
2024-01-08,APTUSDT,0.000300000000,-0.000081407882,-0.000014675368,0.000066732514,-1,0.000300000000,-0.000066732514,0.000233267486,-0.000766732514
2024-01-31,UNIUSDT,0.000300000000,-0.000221322674,-0.000154305104,0.000067017570,-1,0.000300000000,-0.000067017570,0.000232982430,-0.000767017570
2024-02-03,DOGEUSDT,0.000300000000,-0.000245856965,-0.000178068556,0.000067788409,-1,0.000300000000,-0.000067788409,0.000232211591,-0.000767788409
2024-01-17,OPUSDT,0.000300000000,0.000236087368,0.000304061986,0.000067974618,-1,0.000300000000,-0.000067974618,0.000232025382,-0.000767974618
2024-01-15,INJUSDT,0.000300000000,0.000132023076,0.000200013069,0.000067989993,-1,0.000300000000,-0.000067989993,0.000232010007,-0.000767989993
2024-01-16,DOTUSDT,0.000300000000,-0.000111773444,-0.000043610750,0.000068162694,-1,0.000300000000,-0.000068162694,0.000231837306,-0.000768162694
2024-01-04,DOGEUSDT,0.000300000000,-0.000133776139,-0.000065087368,0.000068688771,-1,0.000300000000,-0.000068688771,0.000231311229,-0.000768688771
2024-02-04,NEARUSDT,0.000300000000,-0.000123223549,-0.000054457910,0.000068765639,-1,0.000300000000,-0.000068765639,0.000231234361,-0.000768765639
2024-02-03,BTCUSDT,0.000246970000,-0.000406126597,-0.000390381153,0.000015745444,-1,0.000246970000,-0.000015745444,0.000231224556,-0.000768775444
2024-01-26,UNIUSDT,0.000300000000,-0.000130042479,-0.000060993771,0.000069048708,-1,0.000300000000,-0.000069048708,0.000230951292,-0.000769048708
2024-01-08,NEARUSDT,0.000300000000,-0.000176065014,-0.000106956160,0.000069108854,-1,0.000300000000,-0.000069108854,0.000230891146,-0.000769108854
2024-02-10,XRPUSDT,0.000300000000,-0.000058304681,0.000010988931,0.000069293612,-1,0.000300000000,-0.000069293612,0.000230706388,-0.000769293612
2024-02-21,BTCUSDT,0.000312420000,0.000533105840,0.000615147347,0.000082041507,-1,0.000312420000,-0.000082041507,0.000230378493,-0.000769621507
2024-01-09,ADAUSDT,0.000300000000,-0.000059721660,0.000011525903,0.000071247563,-1,0.000300000000,-0.000071247563,0.000228752437,-0.000771247563
2024-01-30,LINKUSDT,0.000300000000,-0.000102150174,-0.000030532958,0.000071617216,-1,0.000300000000,-0.000071617216,0.000228382784,-0.000771617216
2024-01-13,OPUSDT,0.000300000000,0.000166708924,0.000238497313,0.000071788389,-1,0.000300000000,-0.000071788389,0.000228211611,-0.000771788389
2024-01-12,ETCUSDT,0.000300000000,0.000272336882,0.000344706396,0.000072369514,-1,0.000300000000,-0.000072369514,0.000227630486,-0.000772369514
2024-02-11,XRPUSDT,0.000300000000,0.000010988931,0.000084355771,0.000073366840,-1,0.000300000000,-0.000073366840,0.000226633160,-0.000773366840
2024-01-09,UNIUSDT,0.000300000000,-0.000114146708,-0.000040075479,0.000074071229,-1,0.000300000000,-0.000074071229,0.000225928771,-0.000774071229
2024-01-26,LINKUSDT,0.000268050000,-0.000360190333,-0.000318052785,0.000042137548,-1,0.000268050000,-0.000042137548,0.000225912452,-0.000774087548
2024-02-02,ETHUSDT,0.000236780000,-0.000427728924,-0.000416694875,0.000011034049,-1,0.000236780000,-0.000011034049,0.000225745951,-0.000774254049
2024-01-24,XRPUSDT,0.000300000000,-0.000137659389,-0.000063404229,0.000074255160,-1,0.000300000000,-0.000074255160,0.000225744840,-0.000774255160
2024-02-10,UNIUSDT,0.000300000000,-0.000129363771,-0.000055022653,0.000074341118,-1,0.000300000000,-0.000074341118,0.000225658882,-0.000774341118
2024-03-23,BTCUSDT,0.000308060000,0.000598633132,0.000681230854,0.000082597722,-1,0.000308060000,-0.000082597722,0.000225462278,-0.000774537722
2024-02-22,BCHUSDT,0.000300000000,0.000394229576,0.000469004806,0.000074775230,-1,0.000300000000,-0.000074775230,0.000225224770,-0.000774775230
2024-01-30,APTUSDT,0.000300000000,-0.000019675507,0.000055474229,0.000075149736,-1,0.000300000000,-0.000075149736,0.000224850264,-0.000775149736
2024-01-20,BCHUSDT,0.000139580000,-0.000412134632,-0.000497294097,-0.000085159465,-1,0.000139580000,0.000085159465,0.000224739465,-0.000775260535
2024-02-15,DOTUSDT,0.000300000000,0.000636009417,0.000711939000,0.000075929583,-1,0.000300000000,-0.000075929583,0.000224070417,-0.000775929583
2024-01-09,DOGEUSDT,0.000300000000,0.000018246785,0.000094591507,0.000076344722,-1,0.000300000000,-0.000076344722,0.000223655278,-0.000776344722
2024-01-07,INJUSDT,0.000300000000,0.000023742375,0.000100251667,0.000076509292,-1,0.000300000000,-0.000076509292,0.000223490708,-0.000776509292
2024-01-09,APTUSDT,0.000300000000,-0.000014675368,0.000062251681,0.000076927049,-1,0.000300000000,-0.000076927049,0.000223072951,-0.000776927049
2024-02-02,XRPUSDT,0.000300000000,-0.000273809417,-0.000196882014,0.000076927403,-1,0.000300000000,-0.000076927403,0.000223072597,-0.000776927403
2024-02-09,OPUSDT,0.000300000000,-0.000030761035,0.000046875917,0.000077636952,-1,0.000300000000,-0.000077636952,0.000222363048,-0.000777636952
2024-02-05,SOLUSDT,0.000300000000,-0.000397474139,-0.000319626340,0.000077847799,-1,0.000300000000,-0.000077847799,0.000222152201,-0.000777847799
2024-01-31,SOLUSDT,0.000257020000,-0.000369572722,-0.000334481375,0.000035091347,-1,0.000257020000,-0.000035091347,0.000221928653,-0.000778071347
2024-01-16,SOLUSDT,0.000300000000,0.000190950000,0.000269058201,0.000078108201,-1,0.000300000000,-0.000078108201,0.000221891799,-0.000778108201
2024-01-27,LINKUSDT,0.000281320000,-0.000318052785,-0.000258346562,0.000059706223,-1,0.000281320000,-0.000059706223,0.000221613777,-0.000778386223
2024-01-29,NEARUSDT,0.000300000000,-0.000194456715,-0.000116052764,0.000078403951,-1,0.000300000000,-0.000078403951,0.000221596049,-0.000778403951
2024-03-21,ADAUSDT,0.000300000000,0.000524614826,0.000603471549,0.000078856723,-1,0.000300000000,-0.000078856723,0.000221143277,-0.000778856723
2024-02-02,DOGEUSDT,0.000300000000,-0.000325618083,-0.000245856965,0.000079761118,-1,0.000300000000,-0.000079761118,0.000220238882,-0.000779761118
2024-03-17,LINKUSDT,0.000300000000,0.000581112674,0.000661042403,0.000079929729,-1,0.000300000000,-0.000079929729,0.000220070271,-0.000779929729
2024-02-02,ETCUSDT,0.000300000000,-0.000030627306,0.000049405639,0.000080032945,-1,0.000300000000,-0.000080032945,0.000219967055,-0.000780032945
2024-02-09,UNIUSDT,0.000300000000,-0.000209407243,-0.000129363771,0.000080043472,-1,0.000300000000,-0.000080043472,0.000219956528,-0.000780043472
2024-01-10,AVAXUSDT,0.000300000000,-0.000147599424,-0.000067236590,0.000080362834,-1,0.000300000000,-0.000080362834,0.000219637166,-0.000780362834
2024-01-09,LTCUSDT,0.000300000000,-0.000009247049,0.000071233868,0.000080480917,-1,0.000300000000,-0.000080480917,0.000219519083,-0.000780480917
2024-01-24,SOLUSDT,0.000300000000,-0.000215097153,-0.000134555042,0.000080542111,-1,0.000300000000,-0.000080542111,0.000219457889,-0.000780542111
2024-01-19,OPUSDT,0.000300000000,0.000269871472,0.000350497299,0.000080625827,-1,0.000300000000,-0.000080625827,0.000219374173,-0.000780625827
2024-01-19,INJUSDT,0.000300000000,0.000084984049,0.000165884125,0.000080900076,-1,0.000300000000,-0.000080900076,0.000219099924,-0.000780900076
2024-02-08,ETHUSDT,0.000273250000,-0.000429651208,-0.000374874660,0.000054776548,-1,0.000273250000,-0.000054776548,0.000218473452,-0.000781526548
2024-01-14,DOTUSDT,0.000300000000,-0.000027611507,0.000054162278,0.000081773785,-1,0.000300000000,-0.000081773785,0.000218226215,-0.000781773785
2024-02-09,XRPUSDT,0.000300000000,-0.000140193153,-0.000058304681,0.000081888472,-1,0.000300000000,-0.000081888472,0.000218111528,-0.000781888472
2024-01-13,APTUSDT,0.000300000000,0.000176098549,0.000258267736,0.000082169187,-1,0.000300000000,-0.000082169187,0.000217830813,-0.000782169187
2024-01-27,APTUSDT,0.000300000000,-0.000207852111,-0.000124997042,0.000082855069,-1,0.000300000000,-0.000082855069,0.000217144931,-0.000782855069
2024-01-10,NEARUSDT,0.000300000000,0.000003599292,0.000086474049,0.000082874757,-1,0.000300000000,-0.000082874757,0.000217125243,-0.000782874757
2024-01-30,SOLUSDT,0.000243330000,-0.000397406292,-0.000369572722,0.000027833570,-1,0.000243330000,-0.000027833570,0.000215496430,-0.000784503570
2024-02-08,OPUSDT,0.000300000000,-0.000115345292,-0.000030761035,0.000084584257,-1,0.000300000000,-0.000084584257,0.000215415743,-0.000784584257
2024-02-13,AVAXUSDT,0.000363960000,0.000580529354,0.000729138785,0.000148609431,-1,0.000363960000,-0.000148609431,0.000215350569,-0.000784649431
2024-01-10,DOGEUSDT,0.000300000000,0.000094591507,0.000179456951,0.000084865444,-1,0.000300000000,-0.000084865444,0.000215134556,-0.000784865444
2024-02-09,LTCUSDT,0.000300000000,-0.000139175792,-0.000053248514,0.000085927278,-1,0.000300000000,-0.000085927278,0.000214072722,-0.000785927278
2024-02-14,NEARUSDT,0.000345050000,0.000533452271,0.000665851861,0.000132399590,-1,0.000345050000,-0.000132399590,0.000212650410,-0.000787349590
2024-02-10,BCHUSDT,0.000300000000,-0.000294264333,-0.000206775986,0.000087488347,-1,0.000300000000,-0.000087488347,0.000212511653,-0.000787488347
2024-01-05,SOLUSDT,0.000300000000,-0.000092958660,-0.000004726208,0.000088232452,-1,0.000300000000,-0.000088232452,0.000211767548,-0.000788232452
2024-02-08,ARBUSDT,0.000300000000,-0.000298373299,-0.000209374681,0.000088998618,-1,0.000300000000,-0.000088998618,0.000211001382,-0.000788998618
2024-01-18,LINKUSDT,0.000300000000,0.000013681167,0.000102802035,0.000089120868,-1,0.000300000000,-0.000089120868,0.000210879132,-0.000789120868
2024-02-10,SOLUSDT,0.000300000000,-0.000157326215,-0.000067515090,0.000089811125,-1,0.000300000000,-0.000089811125,0.000210188875,-0.000789811125
2024-03-22,UNIUSDT,0.000307370000,0.000564252028,0.000661748062,0.000097496034,-1,0.000307370000,-0.000097496034,0.000209873966,-0.000790126034
2024-01-24,DOTUSDT,0.000300000000,-0.000246822146,-0.000156500167,0.000090321979,-1,0.000300000000,-0.000090321979,0.000209678021,-0.000790321979
2024-02-03,ETHUSDT,0.000226260000,-0.000416694875,-0.000399311931,0.000017382944,-1,0.000226260000,-0.000017382944,0.000208877056,-0.000791122944
2024-02-08,INJUSDT,0.000300000000,-0.000070003347,0.000021646208,0.000091649555,-1,0.000300000000,-0.000091649555,0.000208350445,-0.000791649555
2024-01-06,APTUSDT,0.000300000000,0.000079407535,0.000171185667,0.000091778132,-1,0.000300000000,-0.000091778132,0.000208221868,-0.000791778132
2024-02-08,APTUSDT,0.000300000000,-0.000099011674,-0.000006912549,0.000092099125,-1,0.000300000000,-0.000092099125,0.000207900875,-0.000792099125
2024-03-20,OPUSDT,0.000354370000,0.000637505549,0.000784193792,0.000146688243,-1,0.000354370000,-0.000146688243,0.000207681757,-0.000792318243
2024-02-03,OPUSDT,0.000300000000,-0.000005880403,0.000086974847,0.000092855250,-1,0.000300000000,-0.000092855250,0.000207144750,-0.000792855250
2024-02-21,DOTUSDT,0.000369360000,0.000489873222,0.000653199743,0.000163326521,-1,0.000369360000,-0.000163326521,0.000206033479,-0.000793966521
2024-02-10,FILUSDT,0.000300000000,0.000129484486,0.000223575743,0.000094091257,-1,0.000300000000,-0.000094091257,0.000205908743,-0.000794091257
2024-02-09,AVAXUSDT,0.000300000000,-0.000058500312,0.000035702431,0.000094202743,-1,0.000300000000,-0.000094202743,0.000205797257,-0.000794202743
2024-01-26,DOGEUSDT,0.000300000000,-0.000211823611,-0.000117617549,0.000094206062,-1,0.000300000000,-0.000094206062,0.000205793938,-0.000794206062
2024-01-04,DOTUSDT,0.000300000000,-0.000186002847,-0.000091330285,0.000094672562,-1,0.000300000000,-0.000094672562,0.000205327438,-0.000794672562
2024-01-11,ADAUSDT,0.000300000000,0.000124841146,0.000219554236,0.000094713090,-1,0.000300000000,-0.000094713090,0.000205286910,-0.000794713090
2024-02-13,ETCUSDT,0.000390990000,0.000661113868,0.000846847625,0.000185733757,-1,0.000390990000,-0.000185733757,0.000205256243,-0.000794743757
2024-03-24,AVAXUSDT,0.000379250000,0.000596156375,0.000770413750,0.000174257375,-1,0.000379250000,-0.000174257375,0.000204992625,-0.000795007375
2024-01-19,APTUSDT,0.000300000000,0.000050372208,0.000145482708,0.000095110500,-1,0.000300000000,-0.000095110500,0.000204889500,-0.000795110500
2024-01-29,LINKUSDT,0.000300000000,-0.000197904000,-0.000102150174,0.000095753826,-1,0.000300000000,-0.000095753826,0.000204246174,-0.000795753826
2024-01-08,ETCUSDT,0.000284130000,-0.000315684424,-0.000235634236,0.000080050188,-1,0.000284130000,-0.000080050188,0.000204079812,-0.000795920188
2024-01-31,BTCUSDT,0.000221540000,-0.000325515042,-0.000306316854,0.000019198188,-1,0.000221540000,-0.000019198188,0.000202341812,-0.000797658188
2024-02-14,DOTUSDT,0.000300000000,0.000537932243,0.000636009417,0.000098077174,-1,0.000300000000,-0.000098077174,0.000201922826,-0.000798077174
2024-02-07,AVAXUSDT,0.000300000000,-0.000222946028,-0.000124060931,0.000098885097,-1,0.000300000000,-0.000098885097,0.000201114903,-0.000798885097
2024-02-02,UNIUSDT,0.000300000000,-0.000240093472,-0.000140561222,0.000099532250,-1,0.000300000000,-0.000099532250,0.000200467750,-0.000799532250
2024-02-09,DOTUSDT,0.000300000000,-0.000315172306,-0.000215258042,0.000099914264,-1,0.000300000000,-0.000099914264,0.000200085736,-0.000799914264
2024-02-14,LINKUSDT,0.000300000000,0.000572885507,0.000673592472,0.000100706965,-1,0.000300000000,-0.000100706965,0.000199293035,-0.000800706965
2024-01-16,UNIUSDT,0.000300000000,0.000014905799,0.000116413458,0.000101507659,-1,0.000300000000,-0.000101507659,0.000198492341,-0.000801507659
2024-01-21,AVAXUSDT,0.000300000000,-0.000101657014,0.000000189083,0.000101846097,-1,0.000300000000,-0.000101846097,0.000198153903,-0.000801846097
2024-01-27,AVAXUSDT,0.000288080000,-0.000387038660,-0.000297053271,0.000089985389,-1,0.000288080000,-0.000089985389,0.000198094611,-0.000801905389
2024-01-12,APTUSDT,0.000300000000,0.000073527042,0.000176098549,0.000102571507,-1,0.000300000000,-0.000102571507,0.000197428493,-0.000802571507
2024-02-01,LTCUSDT,0.000300000000,-0.000208275361,-0.000105213514,0.000103061847,-1,0.000300000000,-0.000103061847,0.000196938153,-0.000803061847
2024-01-30,AVAXUSDT,0.000300000000,-0.000330643174,-0.000227494507,0.000103148667,-1,0.000300000000,-0.000103148667,0.000196851333,-0.000803148667
2024-01-19,NEARUSDT,0.000300000000,-0.000022677910,0.000081141375,0.000103819285,-1,0.000300000000,-0.000103819285,0.000196180715,-0.000803819285
2024-02-01,SOLUSDT,0.000226010000,-0.000334481375,-0.000303243097,0.000031238278,-1,0.000226010000,-0.000031238278,0.000194771722,-0.000805228278
2024-01-10,XRPUSDT,0.000300000000,0.000177882243,0.000283485639,0.000105603396,-1,0.000300000000,-0.000105603396,0.000194396604,-0.000805603396
2024-03-20,INJUSDT,0.000315450000,0.000560835972,0.000683898556,0.000123062584,-1,0.000315450000,-0.000123062584,0.000192387416,-0.000807612584
2024-03-20,BCHUSDT,0.000283700000,-0.000208384438,-0.000116740035,0.000091644403,-1,0.000283700000,-0.000091644403,0.000192055597,-0.000807944403
2024-02-12,INJUSDT,0.000362390000,0.000674983243,0.000845405222,0.000170421979,-1,0.000362390000,-0.000170421979,0.000191968021,-0.000808031979
2024-01-17,LTCUSDT,0.000300000000,0.000069441493,0.000177600139,0.000108158646,-1,0.000300000000,-0.000108158646,0.000191841354,-0.000808158646
2024-02-10,DOTUSDT,0.000289060000,-0.000215258042,-0.000118038451,0.000097219591,-1,0.000289060000,-0.000097219591,0.000191840409,-0.000808159591
2024-01-26,NEARUSDT,0.000300000000,-0.000228945139,-0.000120076458,0.000108868681,-1,0.000300000000,-0.000108868681,0.000191131319,-0.000808868681
2024-01-07,ETHUSDT,0.000300000000,-0.000190708257,-0.000081730576,0.000108977681,-1,0.000300000000,-0.000108977681,0.000191022319,-0.000808977681
2024-02-05,FILUSDT,0.000300000000,-0.000126437111,-0.000017390715,0.000109046396,-1,0.000300000000,-0.000109046396,0.000190953604,-0.000809046396
2024-02-14,ARBUSDT,0.000409350000,0.000570194736,0.000790026917,0.000219832181,-1,0.000409350000,-0.000219832181,0.000189517819,-0.000810482181
2024-01-09,NEARUSDT,0.000300000000,-0.000106956160,0.000003599292,0.000110555452,-1,0.000300000000,-0.000110555452,0.000189444548,-0.000810555452
2024-02-11,DOTUSDT,0.000300000000,-0.000118038451,-0.000006783931,0.000111254520,-1,0.000300000000,-0.000111254520,0.000188745480,-0.000811254520
2024-01-24,FILUSDT,0.000300000000,-0.000129849389,-0.000018528674,0.000111320715,-1,0.000300000000,-0.000111320715,0.000188679285,-0.000811320715
2024-03-19,NEARUSDT,0.000300000000,0.000370336611,0.000481936444,0.000111599833,-1,0.000300000000,-0.000111599833,0.000188400167,-0.000811599833
2024-02-04,ETHUSDT,0.000222740000,-0.000399311931,-0.000364899201,0.000034412730,-1,0.000222740000,-0.000034412730,0.000188327270,-0.000811672730
2024-01-09,SOLUSDT,0.000300000000,0.000134600618,0.000246303354,0.000111702736,-1,0.000300000000,-0.000111702736,0.000188297264,-0.000811702736
2024-01-11,APTUSDT,0.000300000000,-0.000038209382,0.000073527042,0.000111736424,-1,0.000300000000,-0.000111736424,0.000188263576,-0.000811736424
2024-01-08,ADAUSDT,0.000300000000,-0.000171574271,-0.000059721660,0.000111852611,-1,0.000300000000,-0.000111852611,0.000188147389,-0.000811852611
2024-01-09,BTCUSDT,0.000300000000,0.000102082194,0.000214400319,0.000112318125,-1,0.000300000000,-0.000112318125,0.000187681875,-0.000812318125
2024-03-21,APTUSDT,0.000309600000,0.000633276729,0.000755442701,0.000122165972,-1,0.000309600000,-0.000122165972,0.000187434028,-0.000812565972
2024-01-10,ADAUSDT,0.000300000000,0.000011525903,0.000124841146,0.000113315243,-1,0.000300000000,-0.000113315243,0.000186684757,-0.000813315243
2024-01-08,ETHUSDT,0.000300000000,-0.000081730576,0.000031722993,0.000113453569,-1,0.000300000000,-0.000113453569,0.000186546431,-0.000813453569
2024-01-20,FILUSDT,0.000300000000,0.000174701708,0.000289697368,0.000114995660,-1,0.000300000000,-0.000114995660,0.000185004340,-0.000814995660
2024-01-08,DOTUSDT,0.000300000000,-0.000237822139,-0.000122113687,0.000115708452,-1,0.000300000000,-0.000115708452,0.000184291548,-0.000815708452
2024-01-05,BCHUSDT,0.000060120000,-0.000523756854,-0.000647829944,-0.000124073090,-1,0.000060120000,0.000124073090,0.000184193090,-0.000815806910
2024-01-09,ETCUSDT,0.000300000000,-0.000235634236,-0.000119178514,0.000116455722,-1,0.000300000000,-0.000116455722,0.000183544278,-0.000816455722
2024-02-01,AVAXUSDT,0.000300000000,-0.000233413861,-0.000116863701,0.000116550160,-1,0.000300000000,-0.000116550160,0.000183449840,-0.000816550160
2024-02-14,BTCUSDT,0.000322830000,0.000381542910,0.000521485007,0.000139942097,-1,0.000322830000,-0.000139942097,0.000182887903,-0.000817112097
2024-02-04,BTCUSDT,0.000271530000,-0.000390381153,-0.000301239743,0.000089141410,-1,0.000271530000,-0.000089141410,0.000182388590,-0.000817611410
2024-01-31,LINKUSDT,0.000300000000,-0.000030532958,0.000087290090,0.000117823048,-1,0.000300000000,-0.000117823048,0.000182176952,-0.000817823048
2024-01-16,AVAXUSDT,0.000300000000,0.000035730465,0.000154414590,0.000118684125,-1,0.000300000000,-0.000118684125,0.000181315875,-0.000818684125
2024-02-07,ADAUSDT,0.000300000000,-0.000249691910,-0.000130776201,0.000118915709,-1,0.000300000000,-0.000118915709,0.000181084291,-0.000818915709
2024-02-02,BCHUSDT,0.000088600000,-0.000494694597,-0.000586978132,-0.000092283535,-1,0.000088600000,0.000092283535,0.000180883535,-0.000819116465
2024-02-01,BCHUSDT,-0.000174200000,-0.000501176958,-0.000494694597,0.000006482361,1,0.000174200000,0.000006482361,0.000180682361,-0.000819317639
2024-03-16,BCHUSDT,0.000201230000,-0.000073979965,-0.000053299576,0.000020680389,-1,0.000201230000,-0.000020680389,0.000180549611,-0.000819450389
2024-01-08,LTCUSDT,0.000300000000,-0.000128809347,-0.000009247049,0.000119562298,-1,0.000300000000,-0.000119562298,0.000180437702,-0.000819562298
2024-03-23,INJUSDT,0.000300000000,0.000591958972,0.000711582444,0.000119623472,-1,0.000300000000,-0.000119623472,0.000180376528,-0.000819623472
2024-02-12,APTUSDT,0.000300000000,0.000708260431,0.000828595250,0.000120334819,-1,0.000300000000,-0.000120334819,0.000179665181,-0.000820334819
2024-01-11,INJUSDT,0.000300000000,-0.000058892104,0.000062113424,0.000121005528,-1,0.000300000000,-0.000121005528,0.000178994472,-0.000821005528
2024-02-10,APTUSDT,0.000300000000,0.000217213722,0.000338346319,0.000121132597,-1,0.000300000000,-0.000121132597,0.000178867403,-0.000821132597
2024-01-19,ETCUSDT,0.000300000000,0.000234601014,0.000355833715,0.000121232701,-1,0.000300000000,-0.000121232701,0.000178767299,-0.000821232701
2024-01-19,SOLUSDT,0.000300000000,0.000062541729,0.000185154660,0.000122612931,-1,0.000300000000,-0.000122612931,0.000177387069,-0.000822612931
2024-02-05,DOGEUSDT,0.000300000000,-0.000288815167,-0.000161763764,0.000127051403,-1,0.000300000000,-0.000127051403,0.000172948597,-0.000827051403
2024-01-11,ETHUSDT,0.000300000000,0.000270346778,0.000397533285,0.000127186507,-1,0.000300000000,-0.000127186507,0.000172813493,-0.000827186507
2024-03-25,DOTUSDT,0.000337510000,0.000665832861,0.000831230806,0.000165397945,-1,0.000337510000,-0.000165397945,0.000172112055,-0.000827887945
2024-02-09,INJUSDT,0.000300000000,0.000021646208,0.000150330285,0.000128684077,-1,0.000300000000,-0.000128684077,0.000171315923,-0.000828684077
2024-02-10,DOGEUSDT,0.000300000000,-0.000018364910,0.000110378083,0.000128742993,-1,0.000300000000,-0.000128742993,0.000171257007,-0.000828742993
2024-01-19,DOGEUSDT,0.000300000000,0.000051098229,0.000181536021,0.000130437792,-1,0.000300000000,-0.000130437792,0.000169562208,-0.000830437792
2024-02-10,ARBUSDT,0.000300000000,-0.000072055535,0.000058395660,0.000130451195,-1,0.000300000000,-0.000130451195,0.000169548805,-0.000830451195
2024-02-24,BTCUSDT,0.000300000000,0.000539411632,0.000669868743,0.000130457111,-1,0.000300000000,-0.000130457111,0.000169542889,-0.000830457111
2024-01-13,ETHUSDT,0.000300000000,0.000190917729,0.000321888549,0.000130970820,-1,0.000300000000,-0.000130970820,0.000169029180,-0.000830970820
2024-01-08,BTCUSDT,0.000300000000,-0.000030385486,0.000102082194,0.000132467680,-1,0.000300000000,-0.000132467680,0.000167532320,-0.000832467680
2024-02-07,BCHUSDT,-0.000108110000,-0.000480441285,-0.000421634132,0.000058807153,1,0.000108110000,0.000058807153,0.000166917153,-0.000833082847
2024-02-09,FILUSDT,0.000300000000,-0.000003657826,0.000129484486,0.000133142312,-1,0.000300000000,-0.000133142312,0.000166857688,-0.000833142312
2024-02-07,ETHUSDT,0.000168510000,-0.000432194604,-0.000429651208,0.000002543396,-1,0.000168510000,-0.000002543396,0.000165966604,-0.000834033396
2024-01-17,INJUSDT,0.000300000000,0.000051151639,0.000186622174,0.000135470535,-1,0.000300000000,-0.000135470535,0.000164529465,-0.000835470535
2024-02-14,UNIUSDT,0.000300000000,0.000488094819,0.000623930056,0.000135835237,-1,0.000300000000,-0.000135835237,0.000164164763,-0.000835835237
2024-02-01,ETCUSDT,0.000300000000,-0.000168591410,-0.000030627306,0.000137964104,-1,0.000300000000,-0.000137964104,0.000162035896,-0.000837964104
2024-01-17,ARBUSDT,0.000300000000,0.000106660882,0.000245760076,0.000139099194,-1,0.000300000000,-0.000139099194,0.000160900806,-0.000839099194
2024-01-26,OPUSDT,0.000300000000,-0.000160402854,-0.000021164965,0.000139237889,-1,0.000300000000,-0.000139237889,0.000160762111,-0.000839237889
2024-02-10,INJUSDT,0.000300000000,0.000150330285,0.000290407313,0.000140077028,-1,0.000300000000,-0.000140077028,0.000159922972,-0.000840077028
2024-02-21,ADAUSDT,0.000382140000,0.000481144694,0.000704756042,0.000223611348,-1,0.000382140000,-0.000223611348,0.000158528652,-0.000841471348
2024-01-06,DOGEUSDT,0.000300000000,-0.000094304201,0.000047903743,0.000142207944,-1,0.000300000000,-0.000142207944,0.000157792056,-0.000842207944
2024-01-23,NEARUSDT,0.000300000000,-0.000169544521,-0.000027260972,0.000142283549,-1,0.000300000000,-0.000142283549,0.000157716451,-0.000842283549
2024-01-28,SOLUSDT,0.000214700000,-0.000385790076,-0.000328597049,0.000057193027,-1,0.000214700000,-0.000057193027,0.000157506973,-0.000842493027
2024-01-28,ETHUSDT,0.000209580000,-0.000384841674,-0.000331874549,0.000052967125,-1,0.000209580000,-0.000052967125,0.000156612875,-0.000843387125
2024-01-29,APTUSDT,0.000300000000,-0.000163224576,-0.000019675507,0.000143549069,-1,0.000300000000,-0.000143549069,0.000156450931,-0.000843549069
2024-01-11,BTCUSDT,0.000300000000,0.000143628354,0.000289061861,0.000145433507,-1,0.000300000000,-0.000145433507,0.000154566493,-0.000845433507
2024-02-08,BTCUSDT,0.000191250000,-0.000454509444,-0.000417436292,0.000037073152,-1,0.000191250000,-0.000037073152,0.000154176848,-0.000845823152
2024-02-06,DOGEUSDT,0.000300000000,-0.000161763764,-0.000015931174,0.000145832590,-1,0.000300000000,-0.000145832590,0.000154167410,-0.000845832590
2024-03-23,BNBUSDT,0.000312910000,0.000545436243,0.000707719819,0.000162283576,-1,0.000312910000,-0.000162283576,0.000150626424,-0.000849373576
2024-02-02,OPUSDT,0.000300000000,-0.000158795194,-0.000005880403,0.000152914791,-1,0.000300000000,-0.000152914791,0.000147085209,-0.000852914791
2024-02-12,ARBUSDT,0.000300000000,0.000355913368,0.000509192597,0.000153279229,-1,0.000300000000,-0.000153279229,0.000146720771,-0.000853279229
2024-02-04,FILUSDT,0.000300000000,-0.000279868139,-0.000126437111,0.000153431028,-1,0.000300000000,-0.000153431028,0.000146568972,-0.000853431028
2024-02-11,ETCUSDT,0.000300000000,0.000014673965,0.000168111618,0.000153437653,-1,0.000300000000,-0.000153437653,0.000146562347,-0.000853437653
2024-01-29,ETCUSDT,0.000300000000,-0.000124674694,0.000029287292,0.000153961986,-1,0.000300000000,-0.000153961986,0.000146038014,-0.000853961986
2024-03-21,BNBUSDT,0.000156680000,0.000611181653,0.000622552500,0.000011370847,-1,0.000156680000,-0.000011370847,0.000145309153,-0.000854690847
2024-01-26,BCHUSDT,0.000233380000,-0.000434478681,-0.000345939743,0.000088538938,-1,0.000233380000,-0.000088538938,0.000144841062,-0.000855158938
2024-03-20,NEARUSDT,0.000300000000,0.000481936444,0.000637344708,0.000155408264,-1,0.000300000000,-0.000155408264,0.000144591736,-0.000855408264
2024-01-24,AVAXUSDT,0.000281800000,-0.000293274229,-0.000156007347,0.000137266882,-1,0.000281800000,-0.000137266882,0.000144533118,-0.000855466882
2024-01-10,BCHUSDT,0.000215140000,-0.000398276451,-0.000327293625,0.000070982826,-1,0.000215140000,-0.000070982826,0.000144157174,-0.000855842826
2024-01-30,BTCUSDT,0.000246410000,-0.000427911944,-0.000325515042,0.000102396902,-1,0.000246410000,-0.000102396902,0.000144013098,-0.000855986902
2024-01-08,XRPUSDT,0.000300000000,-0.000225842236,-0.000069609979,0.000156232257,-1,0.000300000000,-0.000156232257,0.000143767743,-0.000856232257
2024-02-09,BTCUSDT,0.000229610000,-0.000417436292,-0.000331026611,0.000086409681,-1,0.000229610000,-0.000086409681,0.000143200319,-0.000856799681
2024-02-06,AVAXUSDT,0.000265350000,-0.000346460549,-0.000222946028,0.000123514521,-1,0.000265350000,-0.000123514521,0.000141835479,-0.000858164521
2024-03-15,BNBUSDT,0.000246460000,0.000587591833,0.000694391444,0.000106799611,-1,0.000246460000,-0.000106799611,0.000139660389,-0.000860339611
2024-01-11,ETCUSDT,0.000300000000,0.000111624507,0.000272336882,0.000160712375,-1,0.000300000000,-0.000160712375,0.000139287625,-0.000860712375
2024-01-23,DOTUSDT,0.000247000000,-0.000355155181,-0.000246822146,0.000108333035,-1,0.000247000000,-0.000108333035,0.000138666965,-0.000861333035
2024-02-15,BCHUSDT,0.000288770000,0.000058484903,0.000209322625,0.000150837722,-1,0.000288770000,-0.000150837722,0.000137932278,-0.000862067722
2024-01-19,FILUSDT,0.000300000000,0.000011099653,0.000174701708,0.000163602055,-1,0.000300000000,-0.000163602055,0.000136397945,-0.000863602055
2024-01-13,LINKUSDT,0.000300000000,0.000072074507,0.000237086257,0.000165011750,-1,0.000300000000,-0.000165011750,0.000134988250,-0.000865011750
2024-01-11,LINKUSDT,0.000300000000,-0.000035935410,0.000130727604,0.000166663014,-1,0.000300000000,-0.000166663014,0.000133336986,-0.000866663014
2024-02-13,ADAUSDT,0.000386280000,0.000448658514,0.000702294646,0.000253636132,-1,0.000386280000,-0.000253636132,0.000132643868,-0.000867356132
2024-02-12,LINKUSDT,0.000300000000,0.000189154951,0.000356737486,0.000167582535,-1,0.000300000000,-0.000167582535,0.000132417465,-0.000867582535
2024-02-11,ADAUSDT,0.000300000000,0.000095195583,0.000263812181,0.000168616598,-1,0.000300000000,-0.000168616598,0.000131383402,-0.000868616598
2024-01-17,ETHUSDT,0.000300000000,-0.000018021743,0.000150624750,0.000168646493,-1,0.000300000000,-0.000168646493,0.000131353507,-0.000868646493
2024-02-13,NEARUSDT,0.000300000000,0.000363860271,0.000533452271,0.000169592000,-1,0.000300000000,-0.000169592000,0.000130408000,-0.000869592000
2024-01-01,LINKUSDT,0.000331790000,0.000600670528,0.000802178215,0.000201507687,-1,0.000331790000,-0.000201507687,0.000130282313,-0.000869717687
2024-02-06,BCHUSDT,-0.000115570000,-0.000495099667,-0.000480441285,0.000014658382,1,0.000115570000,0.000014658382,0.000130228382,-0.000869771618
2024-01-16,BCHUSDT,-0.000018610000,-0.000463353174,-0.000353061479,0.000110291695,1,0.000018610000,0.000110291695,0.000128901695,-0.000871098305
2024-01-07,BTCUSDT,0.000300000000,-0.000202162049,-0.000030385486,0.000171776563,-1,0.000300000000,-0.000171776563,0.000128223437,-0.000871776563
2024-01-21,DOTUSDT,0.000300000000,-0.000299919278,-0.000127691292,0.000172227986,-1,0.000300000000,-0.000172227986,0.000127772014,-0.000872227986
2024-01-12,BNBUSDT,0.000084460000,0.000537470625,0.000494711660,-0.000042758965,-1,0.000084460000,0.000042758965,0.000127218965,-0.000872781035
2024-02-07,UNIUSDT,0.000261000000,-0.000398569229,-0.000263665840,0.000134903389,-1,0.000261000000,-0.000134903389,0.000126096611,-0.000873903389
2024-03-09,BCHUSDT,0.000030890000,-0.000478914729,-0.000573382604,-0.000094467875,-1,0.000030890000,0.000094467875,0.000125357875,-0.000874642125
2024-02-09,ARBUSDT,0.000261510000,-0.000209374681,-0.000072055535,0.000137319146,-1,0.000261510000,-0.000137319146,0.000124190854,-0.000875809146
2024-02-11,SOLUSDT,0.000300000000,-0.000067515090,0.000109029965,0.000176545055,-1,0.000300000000,-0.000176545055,0.000123454945,-0.000876545055
2024-02-05,XRPUSDT,0.000300000000,-0.000316801625,-0.000140241431,0.000176560194,-1,0.000300000000,-0.000176560194,0.000123439806,-0.000876560194
2024-02-03,INJUSDT,0.000300000000,-0.000257453632,-0.000078528125,0.000178925507,-1,0.000300000000,-0.000178925507,0.000121074493,-0.000878925507
2024-01-16,LINKUSDT,0.000300000000,0.000017823722,0.000197466993,0.000179643271,-1,0.000300000000,-0.000179643271,0.000120356729,-0.000879643271
2024-02-21,LTCUSDT,0.000300000000,0.000535548340,0.000715260333,0.000179711993,-1,0.000300000000,-0.000179711993,0.000120288007,-0.000879711993
2024-01-08,FILUSDT,0.000300000000,-0.000163353535,0.000016688937,0.000180042472,-1,0.000300000000,-0.000180042472,0.000119957528,-0.000880042472
2024-01-09,BCHUSDT,0.000123470000,-0.000405986535,-0.000398276451,0.000007710084,-1,0.000123470000,-0.000007710084,0.000115759916,-0.000884240084
2024-01-08,ARBUSDT,0.000300000000,-0.000190308778,-0.000005543701,0.000184765077,-1,0.000300000000,-0.000184765077,0.000115234923,-0.000884765077
2024-02-12,ADAUSDT,0.000300000000,0.000263812181,0.000448658514,0.000184846333,-1,0.000300000000,-0.000184846333,0.000115153667,-0.000884846333
2024-02-22,DOTUSDT,0.000300000000,0.000653199743,0.000841015382,0.000187815639,-1,0.000300000000,-0.000187815639,0.000112184361,-0.000887815639
2024-01-11,LTCUSDT,0.000300000000,0.000113367826,0.000302523139,0.000189155313,-1,0.000300000000,-0.000189155313,0.000110844687,-0.000889155313
2024-02-21,XRPUSDT,0.000329640000,0.000581221750,0.000801172618,0.000219950868,-1,0.000329640000,-0.000219950868,0.000109689132,-0.000890310868
2024-03-23,BCHUSDT,0.000300000000,0.000414935944,0.000605307458,0.000190371514,-1,0.000300000000,-0.000190371514,0.000109628486,-0.000890371514
2024-03-24,NEARUSDT,0.000300000000,0.000586626090,0.000777047750,0.000190421660,-1,0.000300000000,-0.000190421660,0.000109578340,-0.000890421660
2024-02-13,UNIUSDT,0.000300000000,0.000294368833,0.000488094819,0.000193725986,-1,0.000300000000,-0.000193725986,0.000106274014,-0.000893725986
2024-03-18,BNBUSDT,0.000157080000,0.000593952590,0.000645386403,0.000051433813,-1,0.000157080000,-0.000051433813,0.000105646187,-0.000894353813
2024-02-10,BTCUSDT,0.000280410000,-0.000331026611,-0.000148083104,0.000182943507,-1,0.000280410000,-0.000182943507,0.000097466493,-0.000902533507
2024-01-31,XRPUSDT,0.000217510000,-0.000329892306,-0.000207295931,0.000122596375,-1,0.000217510000,-0.000122596375,0.000094913625,-0.000905086375
2024-01-17,ETCUSDT,0.000300000000,0.000057919403,0.000263250347,0.000205330944,-1,0.000300000000,-0.000205330944,0.000094669056,-0.000905330944
2024-02-11,AVAXUSDT,0.000300000000,0.000037924799,0.000244596007,0.000206671208,-1,0.000300000000,-0.000206671208,0.000093328792,-0.000906671208
2024-02-09,ADAUSDT,0.000300000000,-0.000137504667,0.000069243736,0.000206748403,-1,0.000300000000,-0.000206748403,0.000093251597,-0.000906748403
2024-01-29,BCHUSDT,0.000133720000,-0.000478966771,-0.000433637111,0.000045329660,-1,0.000133720000,-0.000045329660,0.000088390340,-0.000911609660
2024-01-09,ARBUSDT,0.000300000000,-0.000005543701,0.000206196819,0.000211740520,-1,0.000300000000,-0.000211740520,0.000088259480,-0.000911740520
2024-01-30,INJUSDT,0.000272970000,-0.000344086167,-0.000158703264,0.000185382903,-1,0.000272970000,-0.000185382903,0.000087587097,-0.000912412903
2024-02-11,FILUSDT,0.000300000000,0.000223575743,0.000436603007,0.000213027264,-1,0.000300000000,-0.000213027264,0.000086972736,-0.000913027264
2024-01-11,NEARUSDT,0.000300000000,0.000086474049,0.000300126951,0.000213652902,-1,0.000300000000,-0.000213652902,0.000086347098,-0.000913652902
2024-03-25,APTUSDT,0.000410530000,0.000738713764,0.001063861347,0.000325147583,-1,0.000410530000,-0.000325147583,0.000085382417,-0.000914617583
2024-02-14,XRPUSDT,0.000300000000,0.000528163243,0.000743724965,0.000215561722,-1,0.000300000000,-0.000215561722,0.000084438278,-0.000915561722
2024-02-13,LINKUSDT,0.000300000000,0.000356737486,0.000572885507,0.000216148021,-1,0.000300000000,-0.000216148021,0.000083851979,-0.000916148021
2024-02-11,LTCUSDT,0.000300000000,-0.000034174229,0.000182876792,0.000217051021,-1,0.000300000000,-0.000217051021,0.000082948979,-0.000917051021
2024-01-11,UNIUSDT,0.000300000000,-0.000072941354,0.000144441604,0.000217382958,-1,0.000300000000,-0.000217382958,0.000082617042,-0.000917382958
2024-03-10,BNBUSDT,0.000300550000,0.000391848444,0.000613622347,0.000221773903,-1,0.000300550000,-0.000221773903,0.000078776097,-0.000921223903
2024-01-11,ARBUSDT,0.000300000000,0.000243895910,0.000465724396,0.000221828486,-1,0.000300000000,-0.000221828486,0.000078171514,-0.000921828486
2024-01-09,ETHUSDT,0.000300000000,0.000031722993,0.000254712535,0.000222989542,-1,0.000300000000,-0.000222989542,0.000077010458,-0.000922989542
2024-02-09,APTUSDT,0.000300000000,-0.000006912549,0.000217213722,0.000224126271,-1,0.000300000000,-0.000224126271,0.000075873729,-0.000924126271
2024-03-20,DOTUSDT,0.000300000000,0.000416042451,0.000640845931,0.000224803480,-1,0.000300000000,-0.000224803480,0.000075196520,-0.000924803480
2024-01-08,DOGEUSDT,0.000300000000,-0.000207578021,0.000018246785,0.000225824806,-1,0.000300000000,-0.000225824806,0.000074175194,-0.000925824806
2024-02-11,BCHUSDT,0.000099810000,-0.000206775986,-0.000180614000,0.000026161986,-1,0.000099810000,-0.000026161986,0.000073648014,-0.000926351986
2024-02-05,BNBUSDT,-0.000053720000,-0.000424672556,-0.000405843278,0.000018829278,1,0.000053720000,0.000018829278,0.000072549278,-0.000927450722
2024-02-14,LTCUSDT,0.000300000000,0.000474832215,0.000702868333,0.000228036118,-1,0.000300000000,-0.000228036118,0.000071963882,-0.000928036118
2024-01-11,FILUSDT,0.000300000000,0.000095557236,0.000323802576,0.000228245340,-1,0.000300000000,-0.000228245340,0.000071754660,-0.000928245340
2024-02-12,BTCUSDT,0.000300000000,0.000107271153,0.000337376097,0.000230104944,-1,0.000300000000,-0.000230104944,0.000069895056,-0.000930104944
2024-01-10,ETCUSDT,0.000300000000,-0.000119178514,0.000111624507,0.000230803021,-1,0.000300000000,-0.000230803021,0.000069196979,-0.000930803021
2024-01-11,DOGEUSDT,0.000300000000,0.000179456951,0.000411962757,0.000232505806,-1,0.000300000000,-0.000232505806,0.000067494194,-0.000932505806
2024-02-06,SOLUSDT,0.000256160000,-0.000319626340,-0.000128819306,0.000190807034,-1,0.000256160000,-0.000190807034,0.000065352966,-0.000934647034
2024-02-23,BCHUSDT,0.000300000000,0.000469004806,0.000713596014,0.000244591208,-1,0.000300000000,-0.000244591208,0.000055408792,-0.000944591208
2024-01-08,LINKUSDT,0.000297960000,-0.000347898451,-0.000104895792,0.000243002659,-1,0.000297960000,-0.000243002659,0.000054957341,-0.000945042659
2024-01-04,BNBUSDT,-0.000681250000,-0.000862034014,-0.001489427861,-0.000627393847,1,0.000681250000,-0.000627393847,0.000053856153,-0.000946143847
2024-01-09,XRPUSDT,0.000300000000,-0.000069609979,0.000177882243,0.000247492222,-1,0.000300000000,-0.000247492222,0.000052507778,-0.000947492222
2024-02-21,DOGEUSDT,0.000300000000,0.000480538875,0.000728654465,0.000248115590,-1,0.000300000000,-0.000248115590,0.000051884410,-0.000948115590
2024-03-07,BCHUSDT,0.000300000000,0.000095440556,0.000344505097,0.000249064541,-1,0.000300000000,-0.000249064541,0.000050935459,-0.000949064541
2024-03-15,BCHUSDT,0.000300000000,-0.000328117396,-0.000073979965,0.000254137431,-1,0.000300000000,-0.000254137431,0.000045862569,-0.000954137431
2024-02-11,BTCUSDT,0.000300000000,-0.000148083104,0.000107271153,0.000255354257,-1,0.000300000000,-0.000255354257,0.000044645743,-0.000955354257
2024-01-11,OPUSDT,0.000300000000,0.000132624632,0.000388596542,0.000255971910,-1,0.000300000000,-0.000255971910,0.000044028090,-0.000955971910
2024-01-19,LINKUSDT,0.000300000000,0.000102802035,0.000360923243,0.000258121208,-1,0.000300000000,-0.000258121208,0.000041878792,-0.000958121208
2024-02-11,ETHUSDT,0.000247920000,-0.000405793951,-0.000199362931,0.000206431020,-1,0.000247920000,-0.000206431020,0.000041488980,-0.000958511020
2024-01-14,INJUSDT,0.000300000000,-0.000128543799,0.000132023076,0.000260566875,-1,0.000300000000,-0.000260566875,0.000039433125,-0.000960566875
2024-02-09,SOLUSDT,0.000201440000,-0.000325800431,-0.000157326215,0.000168474216,-1,0.000201440000,-0.000168474216,0.000032965784,-0.000967034216
2024-01-08,OPUSDT,0.000300000000,-0.000039107750,0.000229220493,0.000268328243,-1,0.000300000000,-0.000268328243,0.000031671757,-0.000968328243
2024-02-10,OPUSDT,0.000300000000,0.000046875917,0.000316242354,0.000269366437,-1,0.000300000000,-0.000269366437,0.000030633563,-0.000969366437
2024-01-13,BNBUSDT,0.000083840000,0.000494711660,0.000549743375,0.000055031715,-1,0.000083840000,-0.000055031715,0.000028808285,-0.000971191715
2024-01-28,INJUSDT,0.000091190000,-0.000407526674,-0.000341146097,0.000066380577,-1,0.000091190000,-0.000066380577,0.000024809423,-0.000975190577
2024-01-21,BCHUSDT,-0.000062820000,-0.000497294097,-0.000535416618,-0.000038122521,1,0.000062820000,-0.000038122521,0.000024697479,-0.000975302521
2024-03-17,DOTUSDT,0.000300000000,0.000240529764,0.000518599146,0.000278069382,-1,0.000300000000,-0.000278069382,0.000021930618,-0.000978069382
2024-02-04,BCHUSDT,-0.000120010000,-0.000521664125,-0.000624368229,-0.000102704104,1,0.000120010000,-0.000102704104,0.000017305896,-0.000982694104
2024-02-09,BCHUSDT,0.000138200000,-0.000415388403,-0.000294264333,0.000121124070,-1,0.000138200000,-0.000121124070,0.000017075930,-0.000982924070
2024-01-25,BCHUSDT,-0.000005140000,-0.000440841319,-0.000434478681,0.000006362638,1,0.000005140000,0.000006362638,0.000011502638,-0.000988497362
2024-01-08,INJUSDT,0.000300000000,0.000100251667,0.000389987660,0.000289735993,-1,0.000300000000,-0.000289735993,0.000010264007,-0.000989735993
2024-02-11,OPUSDT,0.000300000000,0.000316242354,0.000613363583,0.000297121229,-1,0.000300000000,-0.000297121229,0.000002878771,-0.000997121229
2024-02-11,ARBUSDT,0.000300000000,0.000058395660,0.000355913368,0.000297517708,-1,0.000300000000,-0.000297517708,0.000002482292,-0.000997517708
2024-03-13,BCHUSDT,0.000300000000,0.000115417104,0.000413779785,0.000298362681,-1,0.000300000000,-0.000298362681,0.000001637319,-0.000998362681
2024-01-08,SOLUSDT,0.000300000000,-0.000166100028,0.000134600618,0.000300700646,-1,0.000300000000,-0.000300700646,-0.000000700646,-0.001000700646
2024-02-19,BCHUSDT,0.000300000000,0.000111744313,0.000413789007,0.000302044694,-1,0.000300000000,-0.000302044694,-0.000002044694,-0.001002044694
2024-02-12,LTCUSDT,0.000300000000,0.000182876792,0.000486310819,0.000303434027,-1,0.000300000000,-0.000303434027,-0.000003434027,-0.001003434027
2024-01-24,INJUSDT,0.000235810000,-0.000439410674,-0.000198814868,0.000240595806,-1,0.000235810000,-0.000240595806,-0.000004785806,-0.001004785806
2024-01-17,BCHUSDT,0.000144710000,-0.000353061479,-0.000190869507,0.000162191972,-1,0.000144710000,-0.000162191972,-0.000017481972,-0.001017481972
2024-02-12,FILUSDT,0.000300000000,0.000436603007,0.000761892326,0.000325289319,-1,0.000300000000,-0.000325289319,-0.000025289319,-0.001025289319
2024-01-11,DOTUSDT,0.000300000000,-0.000074711500,0.000252967076,0.000327678576,-1,0.000300000000,-0.000327678576,-0.000027678576,-0.001027678576
2024-02-12,NEARUSDT,0.000300000000,0.000034223618,0.000363860271,0.000329636653,-1,0.000300000000,-0.000329636653,-0.000029636653,-0.001029636653
2024-02-16,BNBUSDT,-0.000116090000,-0.000314435597,-0.000466149806,-0.000151714209,1,0.000116090000,-0.000151714209,-0.000035624209,-0.001035624209
2024-02-12,AVAXUSDT,0.000300000000,0.000244596007,0.000580529354,0.000335933347,-1,0.000300000000,-0.000335933347,-0.000035933347,-0.001035933347
2024-02-12,UNIUSDT,0.000300000000,-0.000046437722,0.000294368833,0.000340806555,-1,0.000300000000,-0.000340806555,-0.000040806555,-0.001040806555
2024-02-10,LINKUSDT,0.000300000000,-0.000082356444,0.000259066174,0.000341422618,-1,0.000300000000,-0.000341422618,-0.000041422618,-0.001041422618
2024-01-13,SOLUSDT,0.000300000000,0.000005580764,0.000347838208,0.000342257444,-1,0.000300000000,-0.000342257444,-0.000042257444,-0.001042257444
2024-02-24,ETHUSDT,0.000300000000,0.000449535757,0.000795059792,0.000345524035,-1,0.000300000000,-0.000345524035,-0.000045524035,-0.001045524035
2024-02-17,BNBUSDT,-0.000107310000,-0.000466149806,-0.000621303965,-0.000155154159,1,0.000107310000,-0.000155154159,-0.000047844159,-0.001047844159
2024-02-21,BCHUSDT,0.000300000000,0.000043283743,0.000394229576,0.000350945833,-1,0.000300000000,-0.000350945833,-0.000050945833,-0.001050945833
2024-01-13,BCHUSDT,0.000013930000,-0.000493633347,-0.000426983028,0.000066650319,-1,0.000013930000,-0.000066650319,-0.000052720319,-0.001052720319
2024-01-14,BCHUSDT,0.000011780000,-0.000426983028,-0.000362178715,0.000064804313,-1,0.000011780000,-0.000064804313,-0.000053024313,-0.001053024313
2024-01-04,ETCUSDT,0.000191370000,-0.000386199458,-0.000140173986,0.000246025472,-1,0.000191370000,-0.000246025472,-0.000054655472,-0.001054655472
2024-02-09,LINKUSDT,0.000205610000,-0.000350066549,-0.000082356444,0.000267710105,-1,0.000205610000,-0.000267710105,-0.000062100105,-0.001062100105
2024-01-30,DOTUSDT,0.000137920000,-0.000426961326,-0.000226343653,0.000200617673,-1,0.000137920000,-0.000200617673,-0.000062697673,-0.001062697673
2024-03-11,BCHUSDT,-0.000127360000,-0.000278470528,-0.000468586285,-0.000190115757,1,0.000127360000,-0.000190115757,-0.000062755757,-0.001062755757
2024-02-11,APTUSDT,0.000300000000,0.000338346319,0.000708260431,0.000369914112,-1,0.000300000000,-0.000369914112,-0.000069914112,-0.001069914112
2024-01-02,BNBUSDT,-0.000063560000,-0.000564166764,-0.000700768750,-0.000136601986,1,0.000063560000,-0.000136601986,-0.000073041986,-0.001073041986
2024-02-11,INJUSDT,0.000300000000,0.000290407313,0.000674983243,0.000384575930,-1,0.000300000000,-0.000384575930,-0.000084575930,-0.001084575930
2024-01-11,AVAXUSDT,0.000300000000,-0.000067236590,0.000320806514,0.000388043104,-1,0.000300000000,-0.000388043104,-0.000088043104,-0.001088043104
2024-01-24,APTUSDT,0.000054440000,-0.000221530958,-0.000074029722,0.000147501236,-1,0.000054440000,-0.000147501236,-0.000093061236,-0.001093061236
2024-02-14,BCHUSDT,0.000280030000,-0.000342799215,0.000058484903,0.000401284118,-1,0.000280030000,-0.000401284118,-0.000121254118,-0.001121254118
2024-02-12,XRPUSDT,0.000300000000,0.000084355771,0.000521717549,0.000437361778,-1,0.000300000000,-0.000437361778,-0.000137361778,-0.001137361778
2024-03-11,BNBUSDT,0.000097170000,0.000613622347,0.000861160333,0.000247537986,-1,0.000097170000,-0.000247537986,-0.000150367986,-0.001150367986
2024-03-08,BNBUSDT,-0.000011130000,-0.000495525799,-0.000690816514,-0.000195290715,1,0.000011130000,-0.000195290715,-0.000184160715,-0.001184160715
2024-02-12,SOLUSDT,0.000300000000,0.000109029965,0.000599322674,0.000490292709,-1,0.000300000000,-0.000490292709,-0.000190292709,-0.001190292709
2024-02-12,ETCUSDT,0.000300000000,0.000168111618,0.000661113868,0.000493002250,-1,0.000300000000,-0.000493002250,-0.000193002250,-0.001193002250
2024-02-18,BCHUSDT,0.000187950000,-0.000273167604,0.000111744313,0.000384911917,-1,0.000187950000,-0.000384911917,-0.000196961917,-0.001196961917
2024-02-12,DOTUSDT,0.000300000000,-0.000006783931,0.000513960465,0.000520744396,-1,0.000300000000,-0.000520744396,-0.000220744396,-0.001220744396
2024-03-17,BNBUSDT,0.000095570000,0.000191942910,0.000593952590,0.000402009680,-1,0.000095570000,-0.000402009680,-0.000306439680,-0.001306439680
2024-02-12,DOGEUSDT,0.000300000000,0.000017506674,0.000683379813,0.000665873139,-1,0.000300000000,-0.000665873139,-0.000365873139,-0.001365873139
2024-02-12,ETHUSDT,0.000250470000,-0.000199362931,0.000481381854,0.000680744785,-1,0.000250470000,-0.000680744785,-0.000430274785,-0.001430274785
2024-02-21,BNBUSDT,-0.000343740000,-0.000433308757,-0.001364766549,-0.000931457792,1,0.000343740000,-0.000931457792,-0.000587717792,-0.001587717792
