date,symbol,metrics_rows,premium_rows,funding_rate_rows,close,oi_value_change,next_return,mean_open_interest_value,mean_funding_rate,sum_funding_rate,mean_count_top_long_short_ratio,mean_sum_top_long_short_ratio,mean_count_long_short_ratio,mean_sum_taker_long_short_vol_ratio,mean_premium_close,max_abs_premium_close
2026-04-01,ADAUSDT,288,1440,3,0.24840000,0.00000000,-0.037037037037,79839062.38914134,-0.000042783333,-0.000128350000,2.24246378,1.07729952,1.96851619,1.13776472,-0.000407707410,0.001897300000
2026-04-01,APTUSDT,288,1440,3,0.89000000,0.00000000,-0.035168539326,30497044.93689264,-0.000331383333,-0.000994150000,1.03456643,1.69246987,0.91134372,1.22447595,-0.000825603417,0.002658260000
2026-04-01,ARBUSDT,288,1440,3,0.09440000,0.00000000,-0.039194915254,20239498.43763287,0.000037486667,0.000112460000,1.49582252,1.10893211,1.23625232,1.32468526,-0.000333522514,0.002715500000
2026-04-01,AVAXUSDT,288,1440,3,9.12300000,0.00000000,-0.041324125836,74645713.27306290,0.000065326667,0.000195980000,1.76473862,1.50297777,1.47536310,1.20553633,-0.000377959694,0.003108900000
2026-04-01,BCHUSDT,288,1440,3,454.99000000,0.00000000,-0.024374162069,180803043.67161208,0.000100000000,0.000300000000,0.93514539,2.70346943,0.87484263,1.18934619,-0.000384331986,0.001119900000
2026-04-01,BNBUSDT,288,1440,3,611.18000000,0.00000000,-0.044798586341,323536325.22758174,0.000028120000,0.000084360000,2.55878587,1.01285098,2.56004479,1.14563222,0.000519159715,0.003364440000
2026-04-01,BTCUSDT,288,1440,3,68086.50000000,0.00000000,-0.017889008834,6173638186.14564323,-0.000011110000,-0.000033330000,1.55732722,0.86473547,1.48026962,1.12989442,-0.000495590972,0.001719250000
2026-04-01,DOGEUSDT,288,1440,3,0.09214000,0.00000000,-0.019426958975,176778716.75389975,0.000065923333,0.000197770000,2.95848222,1.66918701,2.49431587,1.13552243,-0.000390619549,0.001229490000
2026-04-01,DOTUSDT,288,1440,3,1.25400000,0.00000000,-0.014354066986,43311490.00168042,-0.000160286667,-0.000480860000,1.84823815,1.27736870,1.59272860,1.50383329,-0.000745886063,0.002450630000
2026-04-01,ETCUSDT,288,1440,3,8.18700000,0.00000000,-0.039452791010,16445396.41938272,0.000056036667,0.000168110000,1.48085359,2.18886538,1.14294881,1.24254030,-0.000455542347,0.001680640000
2026-04-01,ETHUSDT,288,1440,3,2138.80000000,0.00000000,-0.038731999252,4891506716.88927364,0.000029843333,0.000089530000,1.25661608,1.08362364,1.22906678,1.05709799,-0.000490897444,0.001293470000
2026-04-01,FILUSDT,288,1440,3,0.83700000,0.00000000,-0.025089605735,36782794.65172207,0.000054773333,0.000164320000,1.17907425,2.32863416,1.03018187,1.54167524,-0.000400927493,0.002127430000
2026-04-01,INJUSDT,288,1440,3,2.86900000,0.00000000,-0.044963401882,10528946.66388022,-0.000044336667,-0.000133010000,1.33434845,1.63046984,1.15056181,1.44531891,-0.000560982417,0.002039850000
2026-04-01,LINKUSDT,288,1440,3,8.93900000,0.00000000,-0.034903233024,82448526.38719262,0.000100000000,0.000300000000,2.15063493,1.61320786,1.64845417,1.14471743,-0.000372047819,0.001783710000
2026-04-01,LTCUSDT,288,1440,3,53.78000000,0.00000000,-0.028635180364,62474705.99362538,0.000057430000,0.000172290000,2.36688712,3.79043122,1.80620163,1.38282023,-0.000506474951,0.001261020000
2026-04-01,NEARUSDT,288,1440,3,1.19000000,0.00000000,-0.023529411765,66174646.39754459,0.000019196667,0.000057590000,1.23211665,1.40692922,0.98273428,1.67712000,-0.000503324653,0.001844180000
2026-04-01,OPUSDT,288,1440,3,0.11010000,0.00000000,-0.035422343324,14954116.54438980,-0.000141390000,-0.000424170000,1.30601540,1.54606659,1.15828349,1.45906478,-0.000496184833,0.002809640000
2026-04-01,SOLUSDT,288,1440,3,81.14000000,0.00000000,-0.027483362090,788479160.73322177,-0.000003036667,-0.000009110000,3.18828270,1.08339461,2.91445769,1.06217319,-0.000526870333,0.001595620000
2026-04-01,UNIUSDT,288,1440,3,3.56500000,0.00000000,-0.110518934081,76120415.40665902,0.000059340000,0.000178020000,1.71426269,3.04962777,1.31599379,1.19151098,-0.000430537979,0.001412290000
2026-04-01,XRPUSDT,288,1440,3,1.34710000,0.00000000,-0.020711157301,348610169.21771693,0.000066083333,0.000198250000,2.85876841,1.22451161,2.53311497,1.12654765,-0.000429635472,0.001279740000
2026-04-02,ADAUSDT,288,1440,3,0.23920000,-0.08399330,0.029264214047,73133116.11537802,-0.000075880000,-0.000227640000,2.41476104,1.08341975,2.13681967,1.00736922,-0.000573536069,0.001837310000
2026-04-02,APTUSDT,288,1440,3,0.85870000,-0.02488585,-0.012693606615,29738099.97378654,-0.000149546667,-0.000448640000,1.00903031,1.57254008,0.87975827,1.21339699,-0.000661688021,0.001904130000
2026-04-02,ARBUSDT,288,1440,3,0.09070000,-0.01589129,0.017640573319,19917866.68808354,0.000031020000,0.000093060000,1.57704448,1.09907781,1.30869922,1.36368471,-0.000423496736,0.002142690000
2026-04-02,AVAXUSDT,288,1440,3,8.74600000,-0.10707145,0.018751429225,66653288.54373620,-0.000108430000,-0.000325290000,1.85668690,1.60615649,1.56956642,1.20538766,-0.000594435924,0.001654150000
2026-04-02,BCHUSDT,288,1440,3,443.90000000,-0.01964307,-0.002500563190,177251516.73824516,0.000015620000,0.000046860000,1.01682710,2.76272538,0.89208057,1.17908903,-0.000496159597,0.002319590000
2026-04-02,BNBUSDT,288,1440,3,583.80000000,0.00885484,0.007879410757,326401188.85108095,0.000002476667,0.000007430000,2.89043260,1.03160675,2.89061789,1.07005655,0.000323646812,0.001691280000
2026-04-02,BTCUSDT,288,1440,3,66868.50000000,-0.03414724,0.000919715561,5962825462.01232529,-0.000010106667,-0.000030320000,2.06674654,0.91318184,1.95685733,1.07098570,-0.000531843486,0.001387930000
2026-04-02,DOGEUSDT,288,1440,3,0.09035000,-0.01402668,0.012728278915,174299098.45842466,-0.000019930000,-0.000059790000,2.87368173,1.77250136,2.54118981,1.13434038,-0.000549848417,0.002162800000
2026-04-02,DOTUSDT,288,1440,3,1.23600000,-0.01206933,0.000809061489,42788749.49646895,-0.000448506667,-0.001345520000,1.84651511,1.22708859,1.56635739,1.35746890,-0.000841457521,0.002524210000
2026-04-02,ETCUSDT,288,1440,3,7.86400000,-0.02325679,0.027466937945,16062929.20662932,-0.000126373333,-0.000379120000,1.46406058,2.01120622,1.12790442,0.90787505,-0.000695288562,0.002338680000
2026-04-02,ETHUSDT,288,1440,3,2055.96000000,-0.07895694,-0.001478627989,4505288323.58316517,-0.000098703333,-0.000296110000,1.96138055,1.05827312,1.80597612,1.05177661,-0.000586149146,0.001694740000
2026-04-02,FILUSDT,288,1440,3,0.81600000,-0.04561155,0.022058823529,35105074.24495342,-0.000069103333,-0.000207310000,1.32267441,2.47081477,1.13955283,1.41870358,-0.000541247514,0.002334100000
2026-04-02,INJUSDT,288,1440,3,2.74000000,0.03216905,0.018978102190,10867652.91979961,-0.000120313333,-0.000360940000,1.14479273,1.72519073,0.99444807,1.16259514,-0.000684675931,0.002147700000
2026-04-02,LINKUSDT,288,1440,3,8.62700000,-0.06101260,0.003129709053,77418127.81323117,-0.000030120000,-0.000090360000,2.41171370,1.82306061,1.84075643,1.07183259,-0.000562973111,0.002216550000
2026-04-02,LTCUSDT,288,1440,3,52.24000000,-0.01926226,0.018376722818,61271301.84670694,-0.000067093333,-0.000201280000,2.50095612,3.67514939,1.85922042,1.05858972,-0.000573813771,0.001906600000
2026-04-02,NEARUSDT,288,1440,3,1.16200000,-0.02877032,0.039586919105,64270780.96204102,0.000046916667,0.000140750000,1.20265469,1.30017599,0.96397669,1.43823952,-0.000448878833,0.002244550000
2026-04-02,OPUSDT,288,1440,3,0.10620000,-0.08030339,0.035781544256,13753250.33959953,0.000063253333,0.000189760000,1.32363919,1.54892415,1.15029180,1.35871389,-0.000411065451,0.002625980000
2026-04-02,SOLUSDT,288,1440,3,78.91000000,-0.01046483,0.018248637689,780227857.85034037,-0.000095793333,-0.000287380000,3.95037968,1.19180222,3.71027161,1.05489996,-0.000597123861,0.002197520000
2026-04-02,UNIUSDT,288,1440,3,3.17100000,-0.15532004,-0.000630715863,64297389.75882009,-0.000104246667,-0.000312740000,1.71685409,2.67220928,1.29856348,0.94195288,-0.000597442500,0.007910310000
2026-04-02,XRPUSDT,288,1440,3,1.31920000,-0.01823982,-0.001137052759,342251583.10898560,-0.000115406667,-0.000346220000,3.00337369,1.16751887,2.66108239,1.01204476,-0.000631358826,0.001829590000
2026-04-03,ADAUSDT,288,1440,3,0.24620000,0.01710186,0.006092607636,74383828.28379585,0.000100000000,0.000300000000,2.22995740,1.15323475,2.01015027,1.12561982,-0.000277339368,0.001844260000
2026-04-03,APTUSDT,288,1440,3,0.84780000,0.00716522,0.001769285209,29951180.13469233,-0.000155540000,-0.000466620000,0.99899189,1.59006305,0.87767748,1.11597608,-0.000731099722,0.002025460000
2026-04-03,ARBUSDT,288,1440,3,0.09230000,0.04899547,0.003250270856,20893752.01802140,0.000082536667,0.000247610000,1.54902206,1.11885864,1.27368906,1.78945182,-0.000321859542,0.002108290000
2026-04-03,AVAXUSDT,288,1440,3,8.91000000,0.04942036,0.008417508418,69947318.37864409,0.000045696667,0.000137090000,1.80544556,1.48455118,1.55649658,1.21068463,-0.000308935542,0.001344170000
2026-04-03,BCHUSDT,288,1440,3,442.79000000,0.00074412,-0.004494229770,177383413.35096487,-0.000068153333,-0.000204460000,1.06462333,2.77114608,0.92320145,1.20558201,-0.000553513222,0.001993480000
2026-04-03,BNBUSDT,288,1440,3,588.40000000,-0.00553223,0.008871515976,324595461.10985953,0.000000000000,0.000000000000,2.86865927,1.04498769,2.84878487,1.11584492,0.000263181000,0.001007600000
2026-04-03,BTCUSDT,288,1440,3,66930.00000000,0.01248937,0.005094875243,6037297373.59591579,-0.000003596667,-0.000010790000,1.86841929,0.88800909,1.79531786,1.21765663,-0.000487680132,0.001352340000
2026-04-03,DOGEUSDT,288,1440,3,0.09150000,0.00756459,0.005683060109,175617600.36288232,0.000072536667,0.000217610000,2.64900752,1.71751270,2.33702813,1.16908906,-0.000356878493,0.001098430000
2026-04-03,DOTUSDT,288,1440,3,1.23700000,-0.00360141,0.012934518998,42634649.72716146,0.000008950000,0.000026850000,1.83459707,1.26825822,1.58381386,1.86520413,-0.000528892174,0.002065080000
2026-04-03,ETCUSDT,288,1440,3,8.08000000,0.03485869,0.066955445545,16622861.92928746,-0.000069670000,-0.000209010000,1.37697759,1.85681163,1.06675353,1.48413509,-0.000527885535,0.001839450000
2026-04-03,ETHUSDT,288,1440,3,2052.92000000,-0.01091450,0.005606648091,4456115348.15915585,-0.000011030000,-0.000033090000,1.76591178,1.04030356,1.70632873,1.11879688,-0.000506488576,0.001706960000
2026-04-03,FILUSDT,288,1440,3,0.83400000,0.03186162,0.004796163070,36223578.89613300,0.000100000000,0.000300000000,1.34410786,2.57767319,1.17706784,2.39413456,-0.000297019958,0.001430890000
2026-04-03,INJUSDT,288,1440,3,2.79200000,0.02304273,0.006805157593,11118073.30815803,-0.000102146667,-0.000306440000,1.02667870,1.68961157,0.89241275,1.46134770,-0.000518787486,0.002031430000
2026-04-03,LINKUSDT,288,1440,3,8.65400000,-0.00153494,0.004044372544,77299295.86293741,0.000054803333,0.000164410000,2.23460965,1.86710476,1.73077004,1.44904277,-0.000401849000,0.002089040000
2026-04-03,LTCUSDT,288,1440,3,53.20000000,-0.00469427,0.006578947368,60983678.04942899,0.000029100000,0.000087300000,2.31463107,3.40481968,1.76731254,1.41830691,-0.000474380125,0.001241180000
2026-04-03,NEARUSDT,288,1440,3,1.20800000,0.03979510,0.038079470199,66828443.42883612,0.000053050000,0.000159150000,1.23067407,1.32936905,1.03417780,1.51636340,-0.000434118792,0.001972610000
2026-04-03,OPUSDT,288,1440,3,0.11000000,-0.00099534,0.004545454545,13739561.16055238,0.000082513333,0.000247540000,1.36644843,1.69623118,1.20226246,1.50564630,-0.000363803708,0.002567990000
2026-04-03,SOLUSDT,288,1440,3,80.35000000,0.02290709,0.005476042315,798100604.59451997,0.000003556667,0.000010670000,3.58582190,1.12095511,3.35246851,1.09448394,-0.000514374590,0.001502110000
2026-04-03,UNIUSDT,288,1440,3,3.16900000,-0.06647024,-0.014200063111,60023527.10781895,-0.000014713333,-0.000044140000,1.42940945,2.16928084,1.08278092,1.14671638,-0.000576794292,0.001612300000
2026-04-03,XRPUSDT,288,1440,3,1.31770000,0.02206790,-0.002428473856,349804357.81820828,0.000002570000,0.000007710000,2.85886754,1.14090589,2.53590559,1.12578188,-0.000471061674,0.001557740000
2026-04-04,ADAUSDT,288,1440,3,0.24770000,0.01882491,0.012111425111,75784097.09600648,0.000097876667,0.000293630000,2.17132261,1.24714931,1.95189313,1.24144372,-0.000305358299,0.001637040000
2026-04-04,APTUSDT,288,1440,3,0.84930000,-0.00889190,0.000588720122,29684857.25715541,-0.000479146667,-0.001437440000,1.04002059,1.61454083,0.91454183,1.26928764,-0.000973514590,0.002191140000
2026-04-04,ARBUSDT,288,1440,3,0.09260000,-0.00366757,0.017278617711,20817122.78001474,-0.000033920000,-0.000101760000,1.57421621,1.11433252,1.29793758,3.07869894,-0.000548012181,0.002257010000
2026-04-04,AVAXUSDT,288,1440,3,8.98500000,0.00018985,0.008903728436,69960597.92076093,0.000013986667,0.000041960000,1.94186589,1.54414634,1.66823784,1.33779380,-0.000444379514,0.001330890000
2026-04-04,BCHUSDT,288,1440,3,440.80000000,0.01006974,-0.028289473684,179169618.96729249,-0.000028183333,-0.000084550000,1.04817669,2.73614345,0.91861368,1.33715166,-0.000528442868,0.001318930000
2026-04-04,BNBUSDT,288,1440,3,593.62000000,-0.01252072,0.013796704963,320531292.49739355,0.000000000000,0.000000000000,2.68609817,1.02720339,2.72719159,1.10708942,0.000243680854,0.000963560000
2026-04-04,BTCUSDT,288,1440,3,67271.00000000,0.01006432,0.025670794250,6098058646.02950478,0.000031756667,0.000095270000,1.71935441,0.86524245,1.65107189,1.20179442,-0.000472686528,0.001061830000
2026-04-04,DOGEUSDT,288,1440,3,0.09202000,0.00864841,0.003586176918,177136412.68947610,0.000005923333,0.000017770000,2.79314290,1.87743548,2.37311001,1.01327596,-0.000449581139,0.001032710000
2026-04-04,DOTUSDT,288,1440,3,1.25300000,-0.02112725,-0.007182761373,41733896.93178840,-0.000064553333,-0.000193660000,1.87994219,1.25422232,1.62110045,2.66038557,-0.000494970757,0.001705000000
2026-04-04,ETCUSDT,288,1440,3,8.62100000,0.13445847,0.012179561536,18857946.52143567,0.000090640000,0.000271920000,1.50060645,1.74377850,1.19508166,1.37989625,-0.000211140118,0.001499340000
2026-04-04,ETHUSDT,288,1440,3,2064.43000000,-0.00828967,0.021759032760,4419175605.65986919,0.000018733333,0.000056200000,2.01164721,1.05410008,1.90802199,1.15914598,-0.000478584618,0.001162230000
2026-04-04,FILUSDT,288,1440,3,0.83800000,0.00198922,0.005966587112,36295635.60585226,0.000076576667,0.000229730000,1.69025035,2.58323489,1.47590004,3.03008161,-0.000415920222,0.001921800000
2026-04-04,INJUSDT,288,1440,3,2.81100000,0.03712549,0.004624688723,11530837.19599273,-0.000042520000,-0.000127560000,1.11914070,1.81507252,0.96015064,2.02896670,-0.000554254188,0.002033710000
2026-04-04,LINKUSDT,288,1440,3,8.68900000,0.01042919,0.015076533548,78105464.87326789,0.000034390000,0.000103170000,2.21511548,1.81930783,1.73093346,1.27026506,-0.000452322764,0.001396740000
2026-04-04,LTCUSDT,288,1440,3,53.55000000,-0.00373334,0.009897292250,60756005.13447038,0.000033230000,0.000099690000,2.36444316,3.65227438,1.79748795,1.34172502,-0.000464210306,0.000999180000
2026-04-04,NEARUSDT,288,1440,3,1.25400000,0.02135007,-0.006379585327,68255235.40562275,0.000066656667,0.000199970000,1.59724980,1.45013347,1.41056046,2.44585726,-0.000405604986,0.001849850000
2026-04-04,OPUSDT,288,1440,3,0.11050000,0.00092809,-0.001809954751,13752312.65020475,-0.000008610000,-0.000025830000,1.66543261,1.76412642,1.45480648,2.08973970,-0.000343353757,0.002050160000
2026-04-04,SOLUSDT,288,1440,3,80.79000000,-0.01279713,0.013120435697,787887207.30631065,-0.000050700000,-0.000152100000,3.31054964,1.13390307,3.05118821,1.12022156,-0.000554327785,0.003746220000
2026-04-04,UNIUSDT,288,1440,3,3.12400000,-0.02232296,0.007042253521,58683624.36982256,-0.000025886667,-0.000077660000,1.46231363,2.13413347,1.12813515,1.46743838,-0.000545475139,0.001518010000
2026-04-04,XRPUSDT,288,1440,3,1.31450000,-0.01483337,0.008672499049,344615579.31869215,-0.000044863333,-0.000134590000,2.86384417,1.17782524,2.53821253,1.09267899,-0.000589689417,0.001346560000
2026-04-05,ADAUSDT,288,1440,3,0.25070000,-0.00145040,-0.019545273235,75674179.50666569,0.000058120000,0.000174360000,2.18597185,1.37439562,1.93752058,1.06488268,-0.000427141076,0.001559500000
2026-04-05,APTUSDT,288,1440,3,0.84980000,-0.01176839,-0.014591668628,29335514.29498207,-0.000480550000,-0.001441650000,1.06642315,1.58090864,0.92825490,1.38997354,-0.000966440653,0.002289840000
2026-04-05,ARBUSDT,288,1440,3,0.09420000,-0.00455557,-0.006369426752,20722288.93962948,-0.000051603333,-0.000154810000,1.46964006,1.06990914,1.22420923,2.29619659,-0.000640558514,0.002188380000
2026-04-05,AVAXUSDT,288,1440,3,9.06500000,-0.00614498,-0.019084390513,69530691.31233178,0.000041530000,0.000124590000,1.95463181,1.49529356,1.65366458,1.26158478,-0.000441071840,0.001622190000
2026-04-05,BCHUSDT,288,1440,3,428.33000000,-0.02098672,0.015175215371,175409435.83209768,-0.000056830000,-0.000170490000,1.11937070,2.62682407,0.99930118,1.11429227,-0.000576015986,0.001756530000
2026-04-05,BNBUSDT,288,1440,3,601.81000000,-0.01554422,-0.002259849454,315548882.52308303,0.000000000000,0.000000000000,2.59000649,1.00872685,2.51680962,1.06709830,0.000338908722,0.001083450000
2026-04-05,BTCUSDT,288,1440,3,68997.90000000,-0.00459788,-0.002608775050,6070020526.26839447,0.000027026667,0.000081080000,1.65331034,0.85577197,1.56705804,1.21440078,-0.000466508299,0.001249440000
2026-04-05,DOGEUSDT,288,1440,3,0.09235000,0.00766970,-0.019707634001,178494995.53048295,-0.000016120000,-0.000048360000,2.54980792,1.89647934,2.28679773,1.22475566,-0.000505858833,0.001743870000
2026-04-05,DOTUSDT,288,1440,3,1.24400000,-0.01920076,-0.003215434084,40932574.42395780,-0.000091803333,-0.000275410000,1.98648062,1.29254856,1.72759633,1.79369533,-0.000773407479,0.002428830000
2026-04-05,ETCUSDT,288,1440,3,8.72600000,0.19979308,-0.034723813890,22625633.67382115,0.000100000000,0.000300000000,1.88980775,1.95721481,1.54014704,1.36959075,-0.000278814236,0.001791020000
2026-04-05,ETHUSDT,288,1440,3,2109.35000000,-0.00621705,-0.001521795814,4391701357.76930523,-0.000004250000,-0.000012750000,2.08413858,1.07767608,1.95176114,1.15361046,-0.000500728299,0.001313440000
2026-04-05,FILUSDT,288,1440,3,0.84300000,-0.00602081,0.017793594306,36077106.47681414,-0.000029480000,-0.000088440000,1.69629737,2.42745632,1.42784637,1.75258204,-0.000562183097,0.002381100000
2026-04-05,INJUSDT,288,1440,3,2.82400000,0.00183737,0.007436260623,11552023.59988366,-0.000179643333,-0.000538930000,1.13616664,1.77961727,1.00453655,1.93703046,-0.000706939389,0.002194530000
2026-04-05,LINKUSDT,288,1440,3,8.82000000,-0.01091392,-0.002947845805,77253028.15996574,-0.000006756667,-0.000020270000,2.17113733,1.70541058,1.72094729,1.39557796,-0.000503311743,0.001727210000
2026-04-05,LTCUSDT,288,1440,3,54.08000000,0.01159247,-0.010909763314,61460317.25009713,-0.000012403333,-0.000037210000,2.22802255,3.75402309,1.76093702,1.34221920,-0.000530182743,0.001163600000
2026-04-05,NEARUSDT,288,1440,3,1.24600000,-0.02247875,0.001605136437,66720943.15943594,0.000051450000,0.000154350000,1.75548781,1.57825706,1.56544643,1.77866653,-0.000471028347,0.001711240000
2026-04-05,OPUSDT,288,1440,3,0.11030000,-0.02304057,-0.005439709882,13435451.56112292,0.000023530000,0.000070590000,1.56541908,1.79174783,1.34965031,1.37367570,-0.000539046597,0.002009040000
2026-04-05,SOLUSDT,288,1440,3,81.85000000,-0.01569174,-0.023091020159,775523887.96803880,-0.000071280000,-0.000213840000,3.38912073,1.08804621,3.04670205,1.09364853,-0.000569787278,0.001432740000
2026-04-05,UNIUSDT,288,1440,3,3.14600000,-0.00931883,-0.016528925620,58136761.38979964,-0.000074860000,-0.000224580000,1.48431179,2.06951868,1.13864210,1.42231999,-0.000557650799,0.001674470000
2026-04-05,XRPUSDT,288,1440,3,1.32590000,0.05449275,-0.004298966740,363394629.25669813,-0.000135176667,-0.000405530000,2.88141230,1.12167177,2.60858063,1.09544168,-0.000618902569,0.002761380000
2026-04-06,ADAUSDT,288,1440,3,0.24580000,0.11899386,0.068755085435,84678942.41729888,0.000100000000,0.000300000000,2.08256375,1.46209645,1.79138488,1.09294051,-0.000329707451,0.001550060000
2026-04-06,APTUSDT,288,1440,3,0.83740000,0.01740068,0.040482445665,29845972.24716011,-0.000230263333,-0.000690790000,1.08816934,1.58880582,0.92581977,1.27521817,-0.000707864958,0.002283550000
2026-04-06,ARBUSDT,288,1440,3,0.09360000,0.06329913,0.089743589744,22033991.75134278,0.000035020000,0.000105060000,1.66734507,1.00448419,1.40547676,1.51914115,-0.000159491653,0.001987720000
2026-04-06,AVAXUSDT,288,1440,3,8.89200000,0.24095614,0.060278902384,86284538.05139200,0.000091893333,0.000275680000,2.01353882,1.61299134,1.68540538,1.16023713,-0.000169908736,0.002987890000
2026-04-06,BCHUSDT,288,1440,3,434.83000000,-0.01469247,0.024768300255,172832238.76007694,-0.000004666667,-0.000014000000,1.22575313,2.14072455,1.04449864,1.22599816,-0.000484875514,0.001350740000
2026-04-06,BNBUSDT,288,1440,3,600.45000000,-0.00137128,0.033574818886,315116177.00762671,0.000010830000,0.000032490000,2.16872164,1.02991369,2.14797903,1.14737806,0.000502812243,0.000894680000
2026-04-06,BTCUSDT,288,1440,3,68817.90000000,0.07254913,0.044643908053,6510395233.07995987,0.000043466667,0.000130400000,1.15599548,0.88363649,1.08363532,1.08253035,-0.000479920604,0.001220610000
2026-04-06,DOGEUSDT,288,1440,3,0.09053000,0.06587031,0.048381751905,190252515.62505478,0.000093533333,0.000280600000,2.36941389,1.73638768,2.07048092,1.12385435,-0.000350973597,0.001118880000
2026-04-06,DOTUSDT,288,1440,3,1.24000000,0.03256421,0.059677419355,42265511.40941130,-0.000099783333,-0.000299350000,1.92245407,1.28434860,1.63253929,1.38927338,-0.000375363833,0.002410020000
2026-04-06,ETCUSDT,288,1440,3,8.42300000,-0.00544504,0.050813249436,22502436.29635008,0.000094456667,0.000283370000,2.01479106,2.14243925,1.58360324,1.04943057,-0.000410777750,0.002420590000
2026-04-06,ETHUSDT,288,1440,3,2106.14000000,0.10027356,0.063148698567,4832072875.89444542,0.000035300000,0.000105900000,1.18012905,1.02688828,1.23575659,1.07747267,-0.000472151062,0.001270210000
2026-04-06,FILUSDT,288,1440,3,0.85800000,0.02876798,0.066433566434,37114972.03879847,0.000075043333,0.000225130000,1.44698011,2.14194053,1.29621458,1.45604056,-0.000329711944,0.002235870000
2026-04-06,INJUSDT,288,1440,3,2.84500000,0.01095110,0.060105448155,11678530.94807416,0.000042796667,0.000128390000,1.22107772,1.67335048,1.06589638,1.35964899,-0.000401206333,0.001812730000
2026-04-06,LINKUSDT,288,1440,3,8.79400000,0.09540299,0.055833522856,84623198.35057077,0.000092110000,0.000276330000,1.90141698,1.58136167,1.54076989,1.24282804,-0.000132953479,0.001567710000
2026-04-06,LTCUSDT,288,1440,3,53.49000000,0.02702226,0.034585903907,63121113.64988034,0.000060690000,0.000182070000,2.00432692,3.93120575,1.66887825,1.34440768,-0.000430925049,0.001081200000
2026-04-06,NEARUSDT,288,1440,3,1.24800000,-0.00302994,0.048878205128,66518782.88559626,0.000014550000,0.000043650000,1.78436602,1.60984045,1.61115198,1.53018136,-0.000402969722,0.001929200000
2026-04-06,OPUSDT,288,1440,3,0.10970000,0.04062865,0.082953509572,13981315.87975399,0.000013273333,0.000039820000,1.53947479,1.80223570,1.31495989,1.50243902,-0.000302491264,0.002427370000
2026-04-06,SOLUSDT,288,1440,3,79.96000000,0.00887573,0.069784892446,782407232.17288315,0.000015930000,0.000047790000,2.70629042,1.08920572,2.41619296,1.04187591,-0.000488152604,0.001306890000
2026-04-06,UNIUSDT,288,1440,3,3.09400000,0.00547482,0.061409179056,58455049.75010566,-0.000039876667,-0.000119630000,1.43414318,2.06961147,1.09271064,1.13099740,-0.000541506229,0.001537430000
2026-04-06,XRPUSDT,288,1440,3,1.32020000,0.02735422,0.043781245266,373335004.89002836,0.000049740000,0.000149220000,2.65644493,1.09276646,2.26229836,1.06570490,-0.000419238840,0.001196290000
2026-04-07,ADAUSDT,288,1440,3,0.26270000,-0.09642021,-0.046440807004,76514181.25977641,-0.000097110000,-0.000291330000,2.38783011,1.43958549,2.12626924,1.29148951,-0.000534560646,0.001948740000
2026-04-07,APTUSDT,288,1440,3,0.87130000,-0.03053167,-0.046367496844,28934724.92808001,-0.000366190000,-0.001098570000,1.11170842,1.68452183,0.93942928,1.28071415,-0.000774509896,0.002558020000
2026-04-07,ARBUSDT,288,1440,3,0.10200000,0.01924893,0.033333333333,22458122.54641752,0.000070526667,0.000211580000,2.02919823,1.06319941,1.80958844,1.55726233,-0.000333849063,0.002098480000
2026-04-07,AVAXUSDT,288,1440,3,9.42800000,-0.15104537,-0.040199406025,73251658.48482989,-0.000231520000,-0.000694560000,1.96106891,1.43387914,1.64752734,1.05366842,-0.000787000312,0.002124730000
2026-04-07,BCHUSDT,288,1440,3,445.60000000,-0.01906654,-0.010166068223,169536926.19852251,-0.000030660000,-0.000091980000,1.20419107,2.76392843,1.02217889,1.35227044,-0.000508012347,0.001301970000
2026-04-07,BNBUSDT,288,1440,3,620.61000000,-0.01653817,-0.030937303621,309904732.81153399,0.000001523333,0.000004570000,2.22890420,1.04152239,2.20911926,1.15642795,0.000391220035,0.001367620000
2026-04-07,BTCUSDT,288,1440,3,71890.20000000,-0.04564839,-0.011852797739,6213206154.41283703,0.000035936667,0.000107810000,1.34943428,0.92679086,1.27118170,1.12175730,-0.000452498583,0.001426780000
2026-04-07,DOGEUSDT,288,1440,3,0.09491000,-0.02149186,-0.026972921715,186163634.31565553,-0.000058186667,-0.000174560000,2.51432308,2.01738225,2.23104766,1.09041363,-0.000479160562,0.001177430000
2026-04-07,DOTUSDT,288,1440,3,1.31400000,-0.02767263,-0.035768645358,41095913.52708382,-0.000188696667,-0.000566090000,1.97504603,1.32683287,1.72375228,1.23106935,-0.000743395493,0.002394990000
2026-04-07,ETCUSDT,288,1440,3,8.85100000,-0.14873246,-0.049598915377,19155593.61731353,-0.000012910000,-0.000038730000,2.06516200,2.23253592,1.57268724,1.29890777,-0.000483116653,0.003381170000
2026-04-07,ETHUSDT,288,1440,3,2239.14000000,-0.04258248,-0.022450583706,4626311234.74583149,-0.000019590000,-0.000058770000,1.65864180,1.09348931,1.67822851,1.10365974,-0.000480779132,0.001495320000
2026-04-07,FILUSDT,288,1440,3,0.91500000,-0.03162764,-0.034972677596,35941113.17447764,0.000008693333,0.000026080000,2.06703355,2.30286211,1.93830435,1.39257734,-0.000456820812,0.002056040000
2026-04-07,INJUSDT,288,1440,3,3.01600000,-0.07407377,-0.037798408488,10813458.14201289,-0.000133766667,-0.000401300000,1.47855101,1.64130346,1.35518070,1.24954881,-0.000661333819,0.002176110000
2026-04-07,LINKUSDT,288,1440,3,9.28500000,-0.04917831,-0.046742057081,80461572.16189815,0.000062820000,0.000188460000,2.68073973,1.61985872,2.10500483,1.06882604,-0.000451068333,0.001527840000
2026-04-07,LTCUSDT,288,1440,3,55.34000000,-0.01143194,-0.025840260210,62399516.81393845,-0.000002706667,-0.000008120000,2.31825032,4.25881963,1.88970830,1.32336968,-0.000427210799,0.001286910000
2026-04-07,NEARUSDT,288,1440,3,1.30900000,-0.01749858,0.015278838808,65354798.31830797,0.000049030000,0.000147090000,1.77922620,1.55783459,1.60439228,1.61208288,-0.000451002076,0.001978880000
2026-04-07,OPUSDT,288,1440,3,0.11880000,-0.02542397,-0.033670033670,13625855.36888064,-0.000011413333,-0.000034240000,1.62701435,1.85304327,1.40580134,1.52826786,-0.000412191743,0.002603310000
2026-04-07,SOLUSDT,288,1440,3,85.54000000,-0.02746465,-0.035305120412,760918692.27726483,-0.000127736667,-0.000383210000,3.21943446,1.22917065,2.97631159,1.07487675,-0.000529897785,0.002492340000
2026-04-07,UNIUSDT,288,1440,3,3.28400000,-0.02961805,-0.050852618758,56723725.23061755,-0.000082203333,-0.000246610000,1.47619044,2.02230680,1.11337654,1.17198535,-0.000519751104,0.001597180000
2026-04-07,XRPUSDT,288,1440,3,1.37800000,-0.05664276,-0.026197387518,352188280.65364617,-0.000026040000,-0.000078120000,2.83354355,1.21113201,2.47400023,1.06735428,-0.000526815111,0.001187540000
2026-04-08,ADAUSDT,288,1440,3,0.25050000,0.13280312,0.014371257485,86675503.47016531,0.000100000000,0.000300000000,2.15712763,1.41767489,1.79179435,1.14032367,-0.000153883632,0.001329460000
2026-04-08,APTUSDT,288,1440,3,0.83090000,0.02744582,0.017932362498,29728862.15692227,-0.000083376667,-0.000250130000,1.15585077,1.82468549,0.94626012,1.20796478,-0.000736279583,0.002809140000
2026-04-08,ARBUSDT,288,1440,3,0.10540000,0.15752035,0.022770398482,25995733.89321859,0.000100000000,0.000300000000,2.10911056,1.16961880,1.85814621,1.23453030,-0.000152204194,0.002237250000
2026-04-08,AVAXUSDT,288,1440,3,9.04900000,0.03686394,0.034478947950,75952003.31049468,0.000100000000,0.000300000000,1.94234832,1.58973949,1.51511531,1.16037111,0.000028110319,0.001914210000
2026-04-08,BCHUSDT,288,1440,3,441.07000000,-0.00084096,0.004103657016,169394353.03178445,-0.000005346667,-0.000016040000,1.20359184,2.76110341,1.00584657,1.29682893,-0.000528301708,0.001234470000
2026-04-08,BNBUSDT,288,1440,3,601.41000000,0.04192983,0.003292263182,322898984.69541240,0.000065666667,0.000197000000,2.06384426,1.09425535,2.05534983,1.21243131,0.000573341542,0.001097130000
2026-04-08,BTCUSDT,288,1440,3,71038.10000000,0.03852222,0.010027013673,6452552648.35799694,0.000038770000,0.000116310000,1.06819176,0.99486431,0.96899656,1.14657569,-0.000479118701,0.001286410000
2026-04-08,DOGEUSDT,288,1440,3,0.09235000,0.13360930,0.002165674066,211036827.98716265,0.000100000000,0.000300000000,2.48766925,2.05231941,2.03776006,1.17739653,-0.000319834861,0.001337280000
2026-04-08,DOTUSDT,288,1440,3,1.26700000,0.04426729,0.025256511444,42915118.09226485,0.000078963333,0.000236890000,1.95113866,1.35060460,1.61686769,1.42498987,-0.000269016208,0.001614350000
2026-04-08,ETCUSDT,288,1440,3,8.41200000,-0.02092422,0.002496433666,18754777.77876890,0.000084823333,0.000254470000,2.15342912,2.21531701,1.53726683,1.18344129,-0.000422121632,0.002467680000
2026-04-08,ETHUSDT,288,1440,3,2188.87000000,0.12455041,0.000022842837,5202520173.41965008,0.000075150000,0.000225450000,1.07796005,1.11610398,1.17596426,1.06306105,-0.000439779188,0.001717030000
2026-04-08,FILUSDT,288,1440,3,0.88300000,0.01852060,0.023782559456,36606764.26121667,0.000037176667,0.000111530000,2.09895014,2.28325551,1.89616883,1.31117842,-0.000466498604,0.002128030000
2026-04-08,INJUSDT,288,1440,3,2.90200000,0.03591785,0.020675396278,11201854.32227487,0.000018183333,0.000054550000,1.72575998,1.71947273,1.49823346,1.21344714,-0.000537134826,0.002215910000
2026-04-08,LINKUSDT,288,1440,3,8.85100000,0.06742135,0.010394305728,85886399.75513241,0.000074316667,0.000222950000,2.53528047,1.75686812,1.92857646,1.11998982,-0.000418347618,0.002058290000
2026-04-08,LTCUSDT,288,1440,3,53.91000000,0.04274497,0.011315154888,65066782.57425269,0.000062456667,0.000187370000,2.26365341,4.26082702,1.79830302,1.22181313,-0.000437247076,0.001476950000
2026-04-08,NEARUSDT,288,1440,3,1.32900000,0.04697655,0.027840481565,68424941.45013860,0.000074306667,0.000222920000,1.71031828,1.62909846,1.57550214,1.42856707,-0.000450193542,0.001841530000
2026-04-08,OPUSDT,288,1440,3,0.11480000,0.09983336,-0.006968641115,14986170.26921066,0.000076226667,0.000228680000,1.61180487,1.81244689,1.35870871,1.48108430,-0.000468803743,0.002765260000
2026-04-08,SOLUSDT,288,1440,3,82.52000000,-0.00168338,0.009331071255,759637779.34749782,0.000100000000,0.000300000000,2.14712036,1.62992110,1.93066865,1.04575060,-0.000333433646,0.001296410000
2026-04-08,UNIUSDT,288,1440,3,3.11700000,0.03474307,-0.003849855630,58694481.43729203,0.000032806667,0.000098420000,1.49998368,2.23217541,1.08574270,1.23252779,-0.000476537174,0.001953210000
2026-04-08,XRPUSDT,288,1440,3,1.34190000,0.06937460,0.000819733214,376621202.48617768,0.000084730000,0.000254190000,2.51282353,1.25176023,2.16684117,1.06800661,-0.000396136167,0.001034220000
2026-04-09,ADAUSDT,288,1440,3,0.25410000,-0.03066094,0.000000000000,84017950.85523267,0.000017713333,0.000053140000,2.44700038,1.48006708,2.09493948,1.29197491,-0.000435182882,0.001788640000
2026-04-09,APTUSDT,288,1440,3,0.84580000,-0.00899286,0.025892646016,29461514.79126754,-0.000647570000,-0.001942710000,1.17465567,1.79410084,0.99561221,1.15629462,-0.001003537722,0.002619070000
2026-04-09,ARBUSDT,288,1440,3,0.10780000,0.04805736,0.080705009276,27245020.24670988,0.000087946667,0.000263840000,2.15410273,1.21413371,1.89175449,1.11428444,-0.000362865639,0.003292520000
2026-04-09,AVAXUSDT,288,1440,3,9.36100000,-0.05001677,0.003097959620,72153129.21167745,0.000100000000,0.000300000000,2.21499134,1.60216585,1.77969400,1.31660970,-0.000318278347,0.001460910000
2026-04-09,BCHUSDT,288,1440,3,442.88000000,-0.00733615,0.001354768786,168151650.50321031,0.000021133333,0.000063400000,1.19400570,2.83609372,1.00340054,1.23860365,-0.000479744847,0.001454170000
2026-04-09,BNBUSDT,288,1440,3,603.39000000,0.00055065,0.004242695437,323076789.38409704,0.000019590000,0.000058770000,2.22557099,1.12440239,2.30294900,1.19466564,0.000535322556,0.001303360000
2026-04-09,BTCUSDT,288,1440,3,71750.40000000,0.01785266,0.016264717688,6567747907.20976734,0.000010353333,0.000031060000,1.04344577,1.05525194,0.97390986,1.11727836,-0.000485809257,0.001283700000
2026-04-09,DOGEUSDT,288,1440,3,0.09255000,-0.06929253,0.011885467315,196413552.67827335,-0.000015673333,-0.000047020000,2.79531824,2.35367045,2.34698156,1.05870150,-0.000472156104,0.001033590000
2026-04-09,DOTUSDT,288,1440,3,1.29900000,-0.04466455,0.004618937644,40998333.55914939,-0.000198220000,-0.000594660000,2.03295141,1.37200853,1.71185063,1.35729734,-0.000732725208,0.002274770000
2026-04-09,ETCUSDT,288,1440,3,8.43300000,-0.07023889,0.006640578679,17437462.92528760,0.000021220000,0.000063660000,2.19793894,2.34345012,1.53218270,1.53087928,-0.000473563604,0.001790040000
2026-04-09,ETHUSDT,288,1440,3,2188.92000000,-0.05049799,0.025117409499,4939803337.03165150,0.000012480000,0.000037440000,1.33605796,1.12545466,1.48366769,1.07087727,-0.000494461757,0.001323990000
2026-04-09,FILUSDT,288,1440,3,0.90400000,-0.04246492,0.009955752212,35052260.99932206,0.000056410000,0.000169230000,2.22880985,2.38565847,2.06152135,1.67643106,-0.000406484083,0.001841800000
2026-04-09,INJUSDT,288,1440,3,2.96200000,-0.04458690,0.029372045915,10702398.39966931,-0.000211660000,-0.000634980000,2.03981777,1.73509259,1.79706059,1.63091326,-0.000710061632,0.002102860000
2026-04-09,LINKUSDT,288,1440,3,8.94300000,-0.05498926,0.015319244102,81163569.79071090,-0.000076300000,-0.000228900000,2.74392281,1.78457655,2.10987469,1.07727121,-0.000558110813,0.001884460000
2026-04-09,LTCUSDT,288,1440,3,54.52000000,-0.02382544,0.007703595011,63516537.73277909,-0.000015470000,-0.000046410000,2.69590669,4.28349070,2.10342811,1.31527827,-0.000492999722,0.001110610000
2026-04-09,NEARUSDT,288,1440,3,1.36600000,0.02137757,-0.004392386530,69887700.42450361,0.000026916667,0.000080750000,1.72565554,1.51160818,1.64728364,1.41513007,-0.000442845368,0.002440100000
2026-04-09,OPUSDT,288,1440,3,0.11400000,-0.04098097,0.009649122807,14372022.46712318,-0.000012340000,-0.000037020000,1.80125500,1.88973801,1.52667736,1.32726523,-0.000385104743,0.002144410000
2026-04-09,SOLUSDT,288,1440,3,83.29000000,-0.04409651,0.017889302437,726140403.56044161,0.000018093333,0.000054280000,2.40724768,1.71345668,2.26664138,1.18305200,-0.000462630361,0.000937900000
2026-04-09,UNIUSDT,288,1440,3,3.10500000,-0.02950918,0.018679549114,56962455.60507713,-0.000086873333,-0.000260620000,1.57471410,2.24515147,1.16448443,1.07789986,-0.000533960139,0.001870510000
2026-04-09,XRPUSDT,288,1440,3,1.34300000,-0.04288099,0.009009679821,360471311.51400512,-0.000036086667,-0.000108260000,2.79787191,1.31262611,2.43543550,1.04029170,-0.000530088681,0.002224200000
2026-04-10,ADAUSDT,288,1440,3,0.25410000,0.01123853,-0.018496654860,84962188.91091479,0.000095150000,0.000285450000,2.24721361,1.46798287,1.95829553,1.16301741,-0.000330254924,0.001467660000
2026-04-10,APTUSDT,288,1440,3,0.86770000,0.01213589,-0.005762360263,29819056.41580250,-0.000035773333,-0.000107320000,1.16139641,1.77027083,0.97561846,1.26611155,-0.000541220882,0.002282060000
2026-04-10,ARBUSDT,288,1440,3,0.11650000,0.11103039,-0.007725321888,30270045.47205817,0.000031110000,0.000093330000,1.97131155,1.06407838,1.79034358,1.08579468,-0.000412298576,0.002765050000
2026-04-10,AVAXUSDT,288,1440,3,9.39000000,0.10059791,-0.002023429180,79411583.45852323,0.000072323333,0.000216970000,2.29605063,1.55459618,1.92646178,1.13308578,-0.000442451569,0.001678060000
2026-04-10,BCHUSDT,288,1440,3,443.48000000,0.00023043,-0.013822494814,168190397.28053692,0.000053643333,0.000160930000,1.22561341,2.83895750,1.00436085,1.16405653,-0.000461302611,0.001235420000
2026-04-10,BNBUSDT,288,1440,3,605.95000000,0.00181270,0.002590972853,323662429.58554381,0.000018736667,0.000056210000,2.40593475,1.07598636,2.48197396,1.19807648,0.000513134056,0.001051790000
2026-04-10,BTCUSDT,288,1440,3,72917.40000000,0.04748521,0.001316558188,6879618797.76955509,0.000002273333,0.000006820000,0.87268983,1.03532267,0.83155810,1.12824842,-0.000527196674,0.001311080000
2026-04-10,DOGEUSDT,288,1440,3,0.09365000,0.05120793,-0.006620395088,206471483.29324955,0.000038106667,0.000114320000,2.70949251,2.11598860,2.26944975,1.16463657,-0.000422174424,0.001260160000
2026-04-10,DOTUSDT,288,1440,3,1.30500000,-0.01690643,-0.014559386973,40305198.23909407,0.000063306667,0.000189920000,1.94637651,1.30854249,1.66499426,1.42640104,-0.000439230826,0.001949400000
2026-04-10,ETCUSDT,288,1440,3,8.48900000,0.00983507,-0.006950170809,17608961.57145523,0.000059183333,0.000177550000,1.92814002,2.31036984,1.35281509,1.33334726,-0.000438403354,0.001987580000
2026-04-10,ETHUSDT,288,1440,3,2243.90000000,0.01306350,0.017803823700,5004334452.92747116,0.000003616667,0.000010850000,1.22366953,1.09743676,1.39180076,1.08511891,-0.000524530931,0.001386990000
2026-04-10,FILUSDT,288,1440,3,0.91300000,0.01375316,-0.015334063527,35534340.24980617,0.000093273333,0.000279820000,2.18189275,2.54375174,1.98630945,1.83025250,-0.000478495583,0.002074540000
2026-04-10,INJUSDT,288,1440,3,3.04900000,0.04231020,-0.011807149885,11155219.02882638,-0.000116093333,-0.000348280000,2.01404304,1.68823863,1.81863225,1.24148367,-0.000631967222,0.002145140000
2026-04-10,LINKUSDT,288,1440,3,9.08000000,-0.01144686,-0.001651982379,80234501.51169915,0.000035966667,0.000107900000,2.53000216,1.69100842,1.96333644,1.18363067,-0.000449730590,0.001381790000
2026-04-10,LTCUSDT,288,1440,3,54.94000000,0.00657100,0.001638150710,63933904.78064408,0.000036260000,0.000108780000,2.68894659,4.23483585,2.08635210,1.33443300,-0.000464161875,0.001438830000
2026-04-10,NEARUSDT,288,1440,3,1.36000000,0.03183406,0.030882352941,72112509.40745078,0.000038586667,0.000115760000,1.69029329,1.53013092,1.64483398,1.27650834,-0.000513759764,0.001910920000
2026-04-10,OPUSDT,288,1440,3,0.11510000,0.01141173,-0.006081668115,14536032.10420534,0.000092596667,0.000277790000,1.72730188,1.87887594,1.41809344,1.52730537,-0.000449720847,0.002396550000
2026-04-10,SOLUSDT,288,1440,3,84.78000000,-0.00118593,0.001297475820,725279253.94064081,0.000061460000,0.000184380000,2.17116094,1.65830895,2.07194155,1.16982778,-0.000458569542,0.001190900000
2026-04-10,UNIUSDT,288,1440,3,3.16300000,-0.00118899,-0.005058488776,56894727.62559714,0.000087920000,0.000263760000,1.58865641,2.18567664,1.16021980,1.26484180,-0.000444274056,0.003049110000
2026-04-10,XRPUSDT,288,1440,3,1.35510000,-0.00362782,-0.000885543502,359163585.94429517,0.000033173333,0.000099520000,2.73740164,1.26045744,2.42558410,1.11863114,-0.000466540035,0.001196360000
2026-04-11,ADAUSDT,288,1440,3,0.24940000,0.00363339,-0.054129911788,85270889.55552350,-0.000048423333,-0.000145270000,2.27708672,1.44548771,1.98540012,1.29979227,-0.000554727833,0.002501880000
2026-04-11,APTUSDT,288,1440,3,0.86270000,-0.00636147,-0.060855453808,29629363.24618971,-0.000118693333,-0.000356080000,1.20565253,1.94658145,0.98586166,1.24120615,-0.000623395840,0.004182730000
2026-04-11,ARBUSDT,288,1440,3,0.11560000,0.08856040,-0.040657439446,32950772.95530630,0.000067600000,0.000202800000,1.99964398,0.99195161,1.83159016,1.10114449,-0.000416443451,0.002994210000
2026-04-11,AVAXUSDT,288,1440,3,9.37100000,-0.00142422,-0.036922420233,79298484.17072658,-0.000033836667,-0.000101510000,2.48950400,1.52105007,2.13091396,1.28147305,-0.000540284931,0.002519980000
2026-04-11,BCHUSDT,288,1440,3,437.35000000,-0.00529531,-0.037361381045,167299777.20377553,0.000011416667,0.000034250000,1.23691461,2.87829369,1.02158024,1.37031140,-0.000510148799,0.001883190000
2026-04-11,BNBUSDT,288,1440,3,607.52000000,0.01118107,-0.024855148802,327281322.11069947,0.000031036667,0.000093110000,2.47890436,1.08536047,2.49421028,1.19191318,0.000529814382,0.001325810000
2026-04-11,BTCUSDT,288,1440,3,73013.40000000,0.03166724,-0.031532567994,7097477345.01796913,-0.000066876667,-0.000200630000,0.79290915,0.96667403,0.74949465,1.28767490,-0.000567464896,0.002019300000
2026-04-11,DOGEUSDT,288,1440,3,0.09303000,0.02685238,-0.024185746533,212015733.43735680,-0.000003190000,-0.000009570000,2.81842570,2.11411598,2.38437858,1.08610124,-0.000492473903,0.002256450000
2026-04-11,DOTUSDT,288,1440,3,1.28600000,-0.03084051,-0.048989113530,39062165.43394890,-0.000160000000,-0.000480000000,2.08045587,1.35295114,1.77944907,2.19590970,-0.000636369771,0.002667040000
2026-04-11,ETCUSDT,288,1440,3,8.43000000,-0.02090641,-0.036417556346,17240821.39946404,-0.000007193333,-0.000021580000,1.79451463,2.22984468,1.28726871,1.38395859,-0.000496540278,0.002644510000
2026-04-11,ETHUSDT,288,1440,3,2283.85000000,0.04591525,-0.040821419971,5234109721.59791088,-0.000058406667,-0.000175220000,0.99683835,0.98936601,1.14394343,1.13514783,-0.000517666444,0.002391150000
2026-04-11,FILUSDT,288,1440,3,0.89900000,-0.01028748,-0.047830923248,35168781.51045253,-0.000009840000,-0.000029520000,2.24765705,2.56867389,1.98323510,1.97147476,-0.000391913799,0.002261260000
2026-04-11,INJUSDT,288,1440,3,3.01300000,0.01471226,-0.041154995022,11319337.54793293,-0.000090580000,-0.000271740000,2.05728196,1.69410660,1.85163798,1.33555308,-0.000572254625,0.002140500000
2026-04-11,LINKUSDT,288,1440,3,9.06500000,0.00809208,-0.037065637066,80883765.70296043,0.000005876667,0.000017630000,2.75562347,1.71482717,2.13194389,1.19965984,-0.000511298250,0.001806150000
2026-04-11,LTCUSDT,288,1440,3,55.03000000,-0.00985659,-0.028711611848,63303734.54830396,-0.000018233333,-0.000054700000,2.97450399,4.32143784,2.29231818,1.62705474,-0.000522732090,0.001859760000
2026-04-11,NEARUSDT,288,1440,3,1.40200000,0.00302720,-0.040656205421,72330808.06943288,-0.000105063333,-0.000315190000,1.65279052,1.45755582,1.57298501,1.73948565,-0.000481656257,0.002198220000
2026-04-11,OPUSDT,288,1440,3,0.11440000,-0.00413403,-0.064685314685,14475939.66041525,-0.000105103333,-0.000315310000,1.57882420,1.96580314,1.27848851,1.32238967,-0.000486231146,0.002555490000
2026-04-11,SOLUSDT,288,1440,3,84.89000000,0.01892174,-0.040051831782,739002802.20440829,0.000004126667,0.000012380000,1.99285621,1.62195142,1.88247056,1.19776132,-0.000473606069,0.001966880000
2026-04-11,UNIUSDT,288,1440,3,3.14700000,-0.02104911,-0.041626946298,55697144.24175338,-0.000004426667,-0.000013280000,1.61493084,2.29987490,1.17534082,1.19488477,-0.000507151292,0.002184140000
2026-04-11,XRPUSDT,288,1440,3,1.35390000,0.01535349,-0.022158209617,364678001.15531898,-0.000006300000,-0.000018900000,2.75694595,1.27912158,2.41915808,1.20510001,-0.000504710687,0.001693820000
2026-04-12,ADAUSDT,288,1440,3,0.23590000,-0.05935621,0.053836371344,80209532.73062089,-0.000164473333,-0.000493420000,2.36449198,1.25526943,2.08907082,1.21127893,-0.000759100125,0.001787360000
2026-04-12,APTUSDT,288,1440,3,0.81020000,-0.03358603,0.077511725500,28634230.70875599,-0.000561350000,-0.001684050000,1.29687367,2.11730810,1.04807473,0.99202567,-0.001246157424,0.002621300000
2026-04-12,ARBUSDT,288,1440,3,0.11090000,-0.06349858,0.022542831380,30858445.64994713,0.000034083333,0.000102250000,2.09945429,1.02366927,1.80314790,1.30265833,-0.000469192132,0.002278200000
2026-04-12,AVAXUSDT,288,1440,3,9.02500000,-0.06024502,0.070249307479,74521145.42813605,-0.000009303333,-0.000027910000,2.32650975,1.52354381,1.94115936,1.22448983,-0.000574334653,0.001978630000
2026-04-12,BCHUSDT,288,1440,3,421.01000000,-0.02597228,0.040711622052,162954620.74720624,-0.000094623333,-0.000283870000,1.33781298,2.88896635,1.14443451,1.13654677,-0.000594445264,0.001416660000
2026-04-12,BNBUSDT,288,1440,3,592.42000000,-0.02233446,0.038435569360,319971669.44037479,0.000021923333,0.000065770000,2.74671724,1.10791807,2.69676900,1.14582192,0.000247317903,0.001003820000
2026-04-12,BTCUSDT,288,1440,3,70711.10000000,-0.05490088,0.051956482080,6707819568.30449486,-0.000040443333,-0.000121330000,1.05973383,0.96865179,0.97842491,1.16787250,-0.000528212035,0.001160160000
2026-04-12,DOGEUSDT,288,1440,3,0.09078000,-0.01582381,0.036461775722,208660836.55612537,-0.000027073333,-0.000081220000,3.00156506,2.07720315,2.56501634,1.23712707,-0.000604033778,0.001373340000
2026-04-12,DOTUSDT,288,1440,3,1.22300000,0.05714610,0.002452984464,41294415.74571820,-0.000873310000,-0.002619930000,2.08093190,1.37648347,1.78793541,1.32486293,-0.001585449535,0.003866750000
2026-04-12,ETCUSDT,288,1440,3,8.12300000,-0.02274607,0.059337683122,16848660.43966879,-0.000077130000,-0.000231390000,1.45790453,2.07091185,1.06424269,1.28934112,-0.000647762056,0.002075160000
2026-04-12,ETHUSDT,288,1440,3,2190.62000000,-0.04296662,0.081337703481,5009217743.53745461,-0.000002606667,-0.000007820000,1.46812638,1.03324676,1.60612569,1.18054821,-0.000539503924,0.001421370000
2026-04-12,FILUSDT,288,1440,3,0.85600000,-0.04371856,0.073598130841,33631252.90558754,0.000061736667,0.000185210000,2.10327424,2.35063017,1.84878130,1.81774885,-0.000493585840,0.002162780000
2026-04-12,INJUSDT,288,1440,3,2.88900000,-0.03159977,0.057459328487,10961649.05595103,-0.000077170000,-0.000231510000,2.05409852,1.77885841,1.81220020,1.54124200,-0.000599002840,0.001958510000
2026-04-12,LINKUSDT,288,1440,3,8.72900000,-0.03069267,0.072173215718,78401227.08267412,-0.000041130000,-0.000123390000,2.75975626,1.71059516,2.09224183,1.32134158,-0.000585254035,0.001759690000
2026-04-12,LTCUSDT,288,1440,3,53.45000000,-0.03060593,0.021328344247,61366265.11700314,-0.000039543333,-0.000118630000,2.89424898,4.02543972,2.22473656,1.27422303,-0.000580272292,0.001284930000
2026-04-12,NEARUSDT,288,1440,3,1.34500000,-0.06545643,0.053531598513,67596291.34468853,0.000100000000,0.000300000000,1.68439722,1.55930614,1.59565089,1.70362671,-0.000307149167,0.001880950000
2026-04-12,OPUSDT,288,1440,3,0.10700000,-0.02420813,0.086915887850,14125504.18759151,-0.000098486667,-0.000295460000,1.29139340,1.84554863,1.03946014,1.14318302,-0.000774345021,0.002772020000
2026-04-12,SOLUSDT,288,1440,3,81.49000000,-0.01964782,0.061479936188,724483008.79057789,-0.000027566667,-0.000082700000,2.93128391,1.62508746,2.65324256,1.26106793,-0.000551905194,0.001293510000
2026-04-12,UNIUSDT,288,1440,3,3.01600000,-0.02221069,0.071949602122,54460071.97684982,-0.000068923333,-0.000206770000,1.53721903,2.19365563,1.14241570,1.32304006,-0.000624941611,0.001640070000
2026-04-12,XRPUSDT,288,1440,3,1.32390000,-0.02024731,0.038749150238,357294250.90313292,-0.000050010000,-0.000150030000,2.91847687,1.23115802,2.56350179,1.23338151,-0.000612927417,0.001105560000
2026-04-13,ADAUSDT,288,1440,3,0.24860000,0.06838244,-0.037409493162,85694456.02799356,-0.000085500000,-0.000256500000,2.30812341,1.08979761,2.13031668,1.19815168,-0.000569416667,0.001445140000
2026-04-13,APTUSDT,288,1440,3,0.87300000,0.01998037,-0.015922107675,29206353.13518947,-0.000515790000,-0.001547370000,1.20871284,2.07737291,1.02518683,1.18973085,-0.000827884993,0.002642440000
2026-04-13,ARBUSDT,288,1440,3,0.11340000,-0.00780765,-0.029100529101,30617513.85854439,0.000010603333,0.000031810000,2.00976328,1.00129681,1.75095734,1.40468667,-0.000510091104,0.002662490000
2026-04-13,AVAXUSDT,288,1440,3,9.65900000,0.00983591,-0.037581530179,75254128.89538938,0.000052860000,0.000158580000,2.11107331,1.44557795,1.79861922,1.26003927,-0.000388182257,0.001420260000
2026-04-13,BCHUSDT,288,1440,3,438.15000000,0.00932053,-0.004724409449,164473443.41074893,-0.000055370000,-0.000166110000,1.30885937,2.25930026,1.12551495,1.31525508,-0.000514498299,0.001305110000
2026-04-13,BNBUSDT,288,1440,3,615.19000000,-0.00321501,-0.001674279491,318942958.90959501,0.000000000000,0.000000000000,2.56170865,1.10742056,2.61144594,1.15839547,0.000508794583,0.001459860000
2026-04-13,BTCUSDT,288,1440,3,74385.00000000,-0.01369108,-0.003738656987,6615982268.12175179,-0.000019420000,-0.000058260000,1.14670940,1.01880045,1.10729513,1.13714637,-0.000550190278,0.001483990000
2026-04-13,DOGEUSDT,288,1440,3,0.09409000,0.03689258,-0.012647465193,216358874.01658455,-0.000008813333,-0.000026440000,2.75809181,1.80348953,2.44485625,1.20359767,-0.000433631479,0.001321920000
2026-04-13,DOTUSDT,288,1440,3,1.22600000,0.19646854,-0.053017944535,49407469.45431273,-0.001185273333,-0.003555820000,1.89680897,1.17062691,1.64057840,1.26939629,-0.002276147576,0.007128050000
2026-04-13,ETCUSDT,288,1440,3,8.60500000,0.01505269,-0.034747239977,17102278.04372296,0.000014996667,0.000044990000,1.27425700,1.90593347,0.99074222,1.62949039,-0.000452784958,0.002233810000
2026-04-13,ETHUSDT,288,1440,3,2368.80000000,-0.03543884,-0.020107227288,4831696886.15613461,0.000016853333,0.000050560000,1.53622637,1.09398672,1.73555339,1.09527911,-0.000439664681,0.001445030000
2026-04-13,FILUSDT,288,1440,3,0.91900000,0.00200207,-0.040261153428,33698584.92493935,0.000065660000,0.000196980000,1.83321598,2.40916369,1.57635876,1.71949276,-0.000434300257,0.001912070000
2026-04-13,INJUSDT,288,1440,3,3.05500000,0.02310007,-0.024877250409,11214863.86616652,-0.000010296667,-0.000030890000,1.93696712,1.83475082,1.71816324,1.35524979,-0.000464838278,0.002201770000
2026-04-13,LINKUSDT,288,1440,3,9.35900000,0.02773337,-0.036862912704,80575557.25432189,0.000004486667,0.000013460000,2.40647993,1.65183447,1.86481777,1.28201728,-0.000379622840,0.001453460000
2026-04-13,LTCUSDT,288,1440,3,54.59000000,-0.01887815,-0.006228246932,60207783.66405641,-0.000034216667,-0.000102650000,2.68081743,3.83593310,2.04590387,1.20666363,-0.000525152292,0.001205070000
2026-04-13,NEARUSDT,288,1440,3,1.41700000,0.00030834,-0.040931545519,67617134.06948894,0.000069033333,0.000207100000,1.67004862,1.62453929,1.60705048,1.31701955,-0.000462260111,0.002683940000
2026-04-13,OPUSDT,288,1440,3,0.11630000,0.02838315,-0.044711951849,14526430.46596495,-0.000114680000,-0.000344040000,1.08147281,1.80682783,0.89044393,1.25880389,-0.000443751792,0.002383150000
2026-04-13,SOLUSDT,288,1440,3,86.50000000,0.01212238,-0.032832369942,733265468.78324831,0.000042970000,0.000128910000,3.05019683,1.60264862,2.79448564,1.17744684,-0.000381508493,0.001118550000
2026-04-13,UNIUSDT,288,1440,3,3.23300000,0.00739974,-0.032477575008,54863062.59072156,-0.000045956667,-0.000137870000,1.48511840,2.17951867,1.12605690,1.29315939,-0.000495076729,0.001363750000
2026-04-13,XRPUSDT,288,1440,3,1.37520000,0.02631776,-0.010471204188,366697436.91715372,0.000008330000,0.000024990000,2.76821572,1.14653104,2.53181592,1.17652404,-0.000441574271,0.001111380000
2026-04-14,ADAUSDT,288,1440,3,0.23930000,-0.05171139,0.027998328458,81263076.68858904,0.000022493333,0.000067480000,2.24826970,1.04935153,1.97648260,1.04364549,-0.000478780722,0.001492330000
2026-04-14,APTUSDT,288,1440,3,0.85910000,0.00525009,0.041787917588,29359689.21072058,0.000020723333,0.000062170000,1.23240386,2.09079024,1.00407092,1.20578304,-0.000476381306,0.002116900000
2026-04-14,ARBUSDT,288,1440,3,0.11010000,-0.01307791,0.043596730245,30217100.84218817,0.000009400000,0.000028200000,1.78050875,1.06186348,1.50855125,1.23183859,-0.000394029785,0.002151080000
2026-04-14,AVAXUSDT,288,1440,3,9.29600000,0.07806232,0.014414802065,81128640.80630970,0.000059603333,0.000178810000,2.45548640,1.46030282,2.08926127,1.19021002,-0.000457522882,0.001674290000
2026-04-14,BCHUSDT,288,1440,3,436.08000000,0.02096991,0.010342139057,167922437.18976873,0.000083950000,0.000251850000,1.13895745,2.90391243,0.91724457,1.33953518,-0.000441612007,0.001318250000
2026-04-14,BNBUSDT,288,1440,3,614.16000000,0.03630381,0.014523902566,330521803.22013503,0.000081040000,0.000243120000,2.02099229,1.07734140,2.04246314,1.14406844,0.000559251118,0.001020760000
2026-04-14,BTCUSDT,288,1440,3,74106.90000000,0.09398445,0.009031547670,7237781750.20146465,-0.000027853333,-0.000083560000,0.73091447,0.88869797,0.66647796,1.20452968,-0.000537313215,0.001319170000
2026-04-14,DOGEUSDT,288,1440,3,0.09290000,0.06950944,0.020990312164,231397858.67292622,0.000081516667,0.000244550000,2.37622950,1.77945269,2.00424363,1.06249809,-0.000376217799,0.003100800000
2026-04-14,DOTUSDT,288,1440,3,1.16100000,0.06569725,0.016365202412,52653404.22397543,-0.001473233333,-0.004419700000,1.93796199,1.24055984,1.66302980,1.35813406,-0.002295267889,0.005430210000
2026-04-14,ETCUSDT,288,1440,3,8.30600000,0.02675138,0.016975680231,17559787.64058407,0.000100000000,0.000300000000,1.35213405,1.84499337,1.00149765,1.14800750,-0.000346720667,0.002275190000
2026-04-14,ETHUSDT,288,1440,3,2321.17000000,0.13488362,0.016241809088,5483413674.75459576,0.000078300000,0.000234900000,0.87464209,1.28989411,1.00869629,1.17241412,-0.000408676104,0.001612430000
2026-04-14,FILUSDT,288,1440,3,0.88200000,0.03407746,0.039682539683,34846947.19691639,0.000100000000,0.000300000000,1.93575740,2.29808204,1.63999412,2.21089005,-0.000412121806,0.002139110000
2026-04-14,INJUSDT,288,1440,3,2.97900000,0.03075305,0.089963074857,11559755.14730109,0.000028603333,0.000085810000,2.14909096,1.92957955,1.81804101,1.32186952,-0.000544010847,0.002754460000
2026-04-14,LINKUSDT,288,1440,3,9.01400000,0.04533088,0.027069003772,84228118.13088222,0.000073490000,0.000220470000,2.35713309,1.54824184,1.78723910,1.20513372,-0.000436678431,0.001580190000
2026-04-14,LTCUSDT,288,1440,3,54.25000000,0.00327789,0.016221198157,60405138.05047495,0.000088383333,0.000265150000,2.24540799,4.05757419,1.67043872,1.28323243,-0.000407292944,0.001262320000
2026-04-14,NEARUSDT,288,1440,3,1.35900000,0.00231159,0.036791758646,67773437.22866681,-0.000031460000,-0.000094380000,1.75605946,1.61285494,1.65170257,1.51426513,-0.000458543444,0.002186170000
2026-04-14,OPUSDT,288,1440,3,0.11110000,0.03550177,0.078307830783,15042144.39443649,0.000100000000,0.000300000000,1.24283461,1.96018392,1.00736441,1.60359168,-0.000330787826,0.002433050000
2026-04-14,SOLUSDT,288,1440,3,83.66000000,0.10565206,0.014224240975,810736474.65161133,0.000100000000,0.000300000000,2.06071933,1.73483117,1.77706219,1.12984947,-0.000335832701,0.000973100000
2026-04-14,UNIUSDT,288,1440,3,3.12800000,-0.00095447,0.030051150895,54810697.53374291,0.000100000000,0.000300000000,1.52719479,2.35697123,1.10407509,1.18686020,-0.000395802194,0.001444630000
2026-04-14,XRPUSDT,288,1440,3,1.36080000,0.02548526,0.022560258671,376042818.05660075,0.000074600000,0.000223800000,2.58902296,1.24336813,2.21301502,1.15289784,-0.000443215937,0.001056120000
2026-04-15,ADAUSDT,288,1440,3,0.24600000,-0.01888101,0.052845528455,79728748.05024822,-0.000107370000,-0.000322110000,2.19103083,1.08300452,1.97761668,1.17158241,-0.000502945625,0.001843130000
2026-04-15,APTUSDT,288,1440,3,0.89500000,-0.00700528,0.117765363128,29154016.44360127,-0.000075653333,-0.000226960000,1.28918731,2.07003775,1.06305700,1.26359550,-0.000576430806,0.002103930000
2026-04-15,ARBUSDT,288,1440,3,0.11490000,0.03829659,0.121845082681,31374312.87165307,0.000100000000,0.000300000000,1.67584795,1.06614400,1.43956124,1.30768845,-0.000388004583,0.002096040000
2026-04-15,AVAXUSDT,288,1440,3,9.43000000,-0.00380756,0.031071049841,80819738.86683747,0.000037546667,0.000112640000,2.56482390,1.45919635,2.24431466,1.28021104,-0.000390155188,0.002573480000
2026-04-15,BCHUSDT,288,1440,3,440.59000000,-0.00990609,0.031889057854,166258982.55851153,-0.000014396667,-0.000043190000,1.12523064,2.93670209,0.91275176,1.20730618,-0.000486356993,0.001165620000
2026-04-15,BNBUSDT,288,1440,3,623.08000000,0.03675919,0.020976439623,342671515.76171619,0.000027266667,0.000081800000,2.03576453,1.12865744,2.03310995,1.19035540,0.000531270715,0.001040230000
2026-04-15,BTCUSDT,288,1440,3,74776.20000000,0.00476480,0.004421192839,7272268332.18123436,-0.000071830000,-0.000215490000,0.80725957,0.88632150,0.76100335,1.10989890,-0.000563318104,0.001132880000
2026-04-15,DOGEUSDT,288,1440,3,0.09485000,-0.06223853,0.045545598313,216995995.02126321,-0.000013723333,-0.000041170000,2.98004201,1.78939211,2.47660088,1.08989724,-0.000434586319,0.001217000000
2026-04-15,DOTUSDT,288,1440,3,1.18000000,0.05156229,0.125423728814,55368334.20869153,-0.001648896667,-0.004946690000,2.05458608,1.30953067,1.81358583,1.49037111,-0.001513579535,0.004232010000
2026-04-15,ETCUSDT,288,1440,3,8.44700000,-0.00091488,0.035278797206,17543722.59648811,0.000011770000,0.000035310000,1.44511641,1.94693032,1.08438787,1.29577441,-0.000346939354,0.001746090000
2026-04-15,ETHUSDT,288,1440,3,2358.87000000,-0.04211515,-0.005065984984,5252478867.74635124,0.000012370000,0.000037110000,1.08531762,1.32639958,1.36046677,1.07160366,-0.000496578687,0.001443560000
2026-04-15,FILUSDT,288,1440,3,0.91700000,-0.00994965,0.087241003272,34500232.24705485,0.000029073333,0.000087220000,1.95222816,2.35768358,1.70342756,1.75545583,-0.000367395257,0.001884910000
2026-04-15,INJUSDT,288,1440,3,3.24700000,0.03507801,0.047428395442,11965248.34466580,-0.000080063333,-0.000240190000,2.14549850,1.72502933,1.85414984,1.28933338,-0.000594587653,0.003155240000
2026-04-15,LINKUSDT,288,1440,3,9.25800000,-0.01808566,0.036508965219,82704796.98349838,-0.000004183333,-0.000012550000,2.61881400,1.51846571,2.05116859,1.18951444,-0.000445271486,0.001694960000
2026-04-15,LTCUSDT,288,1440,3,55.13000000,-0.00675724,0.021585343733,59996965.83112064,0.000025153333,0.000075460000,2.48206546,4.37225001,1.81900913,1.26619491,-0.000461958375,0.001150100000
2026-04-15,NEARUSDT,288,1440,3,1.40900000,-0.00211814,0.015613910575,67629883.32115214,0.000026436667,0.000079310000,1.60084369,1.52000205,1.43419563,1.36367845,-0.000438556937,0.002277340000
2026-04-15,OPUSDT,288,1440,3,0.11980000,0.03141937,0.104340567613,15514759.16000631,0.000056476667,0.000169430000,1.42277453,1.95956682,1.15714843,1.39990470,-0.000447893681,0.003025400000
2026-04-15,SOLUSDT,288,1440,3,84.85000000,-0.01750367,0.049263406011,796545614.85037267,-0.000037476667,-0.000112430000,2.72410174,1.83528918,2.48169120,1.11759607,-0.000488403167,0.001324570000
2026-04-15,UNIUSDT,288,1440,3,3.22200000,0.00086621,0.063625077592,54858175.30860250,0.000063956667,0.000191870000,1.55770147,2.42117717,1.13772332,1.25120955,-0.000402661146,0.001727220000
2026-04-15,XRPUSDT,288,1440,3,1.39150000,-0.00420542,0.043550125764,374461401.12396067,0.000018560000,0.000055680000,2.67077642,1.31283507,2.31563708,1.16741013,-0.000439215493,0.000929170000
2026-04-16,ADAUSDT,288,1440,3,0.25900000,0.10681349,-0.001930501931,88244853.57678987,0.000100000000,0.000300000000,2.12399074,1.14920414,1.84522817,1.23515759,-0.000128111049,0.001739610000
2026-04-16,APTUSDT,288,1440,3,1.00040000,0.03667795,-0.003598560576,30223326.01595509,-0.000012276667,-0.000036830000,1.36132666,1.87759713,1.14712965,1.23608128,-0.000477342382,0.002477950000
2026-04-16,ARBUSDT,288,1440,3,0.12890000,0.05801281,0.018619084562,33194425.03003388,0.000050993333,0.000152980000,1.86053643,1.09638408,1.60657217,1.23463000,-0.000375471417,0.002515520000
2026-04-16,AVAXUSDT,288,1440,3,9.72300000,0.05209152,-0.000822791320,85029761.67046589,0.000077246667,0.000231740000,2.48027397,1.42492809,2.08457060,1.23672679,-0.000374279312,0.002540180000
2026-04-16,BCHUSDT,288,1440,3,454.64000000,0.00861459,-0.003233327468,167691236.11024040,0.000060920000,0.000182760000,1.04403288,2.96197784,0.87444986,1.20105119,-0.000416663167,0.001276710000
2026-04-16,BNBUSDT,288,1440,3,636.15000000,0.01789138,0.011585317928,348802383.12142020,0.000036350000,0.000109050000,2.10430984,1.13079016,2.08022911,1.16452019,0.000521053312,0.001257710000
2026-04-16,BTCUSDT,288,1440,3,75106.80000000,0.01135539,0.025614192057,7354847761.49199009,-0.000028280000,-0.000084840000,0.80895578,0.89289703,0.75989988,1.15690275,-0.000508663271,0.001567380000
2026-04-16,DOGEUSDT,288,1440,3,0.09917000,0.13050527,0.001915901986,245315115.68061569,0.000100000000,0.000300000000,2.79553292,1.78805501,2.33950108,1.20523871,-0.000309867007,0.001343770000
2026-04-16,DOTUSDT,288,1440,3,1.32800000,-0.03108955,0.003012048193,53646957.77003968,-0.000173463333,-0.000520390000,1.86501375,1.29171041,1.59881340,1.15948898,-0.000353967236,0.002978570000
2026-04-16,ETCUSDT,288,1440,3,8.74500000,0.02841054,0.002630074328,18042149.28844191,0.000100000000,0.000300000000,1.53048357,1.93474851,1.09991516,1.26689570,-0.000221053326,0.001793940000
2026-04-16,ETHUSDT,288,1440,3,2346.92000000,-0.02338676,0.030141632437,5129640428.22264194,-0.000035500000,-0.000106500000,1.14048489,1.29180270,1.44618943,1.09188766,-0.000529459278,0.002269510000
2026-04-16,FILUSDT,288,1440,3,0.99700000,0.12550922,-0.016048144433,38830329.37711024,0.000039596667,0.000118790000,1.91797254,2.12132769,1.73604759,1.21415198,-0.000427333826,0.002609470000
2026-04-16,INJUSDT,288,1440,3,3.40100000,0.12171160,-0.011467215525,13421557.81546619,-0.000037846667,-0.000113540000,1.99716553,1.55066254,1.83869568,1.25547368,-0.000466968257,0.002413250000
2026-04-16,LINKUSDT,288,1440,3,9.59600000,0.04614691,0.001146310963,86521368.02288353,0.000100000000,0.000300000000,2.63592131,1.53068344,2.07642399,1.18311526,-0.000304809354,0.003602000000
2026-04-16,LTCUSDT,288,1440,3,56.32000000,0.02598541,0.000532670455,61556011.77923801,0.000041496667,0.000124490000,2.73098878,4.26220127,2.08598105,1.23823497,-0.000423093611,0.002103020000
2026-04-16,NEARUSDT,288,1440,3,1.43100000,-0.01346057,-0.017470300489,66719546.33117284,0.000085506667,0.000256520000,1.63411224,1.62752978,1.41284263,1.28010737,-0.000392228076,0.002058290000
2026-04-16,OPUSDT,288,1440,3,0.13230000,0.07263032,0.014361300076,16641601.00898730,0.000071060000,0.000213180000,1.94405943,1.69500171,1.65259441,1.20494379,-0.000389688181,0.002636820000
2026-04-16,SOLUSDT,288,1440,3,89.03000000,0.04846776,-0.003594294058,835152394.52262759,0.000091016667,0.000273050000,2.24420274,1.78531268,2.00999513,1.08141382,-0.000375945243,0.001539630000
2026-04-16,UNIUSDT,288,1440,3,3.42700000,0.05054293,0.006711409396,57630867.96230198,0.000085260000,0.000255780000,1.59023783,2.49028651,1.16208045,1.11157433,-0.000405040049,0.001782480000
2026-04-16,XRPUSDT,288,1440,3,1.45210000,0.11184953,0.015701397975,416344732.80731481,0.000038393333,0.000115180000,2.42204864,1.28536081,2.16100931,1.02060481,-0.000466926771,0.002205740000
2026-04-17,ADAUSDT,288,1440,3,0.25850000,0.11558598,-0.036750483559,98444721.84034464,0.000100000000,0.000300000000,2.21721494,1.25871216,1.87056178,1.28737998,-0.000142783604,0.001632280000
2026-04-17,APTUSDT,288,1440,3,0.99680000,0.03737912,-0.061797752809,31353047.29106642,0.000023033333,0.000069100000,1.55761731,1.96043159,1.30630708,1.20251759,-0.000475021639,0.002407850000
2026-04-17,ARBUSDT,288,1440,3,0.13130000,0.10317441,-0.017517136329,36619240.26985872,0.000027403333,0.000082210000,2.00793274,1.25104794,1.76864418,1.17183132,-0.000469184257,0.002914260000
2026-04-17,AVAXUSDT,288,1440,3,9.71500000,0.08188727,-0.039835306227,91992616.45862640,0.000072023333,0.000216070000,2.57116040,1.51870627,2.12649471,1.18025863,-0.000408176347,0.002097460000
2026-04-17,BCHUSDT,288,1440,3,453.17000000,0.04874048,-0.021669572125,175864586.93900129,0.000093913333,0.000281740000,0.88798266,2.96181367,0.75619858,1.18274195,-0.000377607007,0.001363860000
2026-04-17,BNBUSDT,288,1440,3,643.52000000,0.00658885,-0.020667578319,351100589.47355276,0.000033410000,0.000100230000,2.04076090,1.12632541,2.00507227,1.24117913,0.000497056403,0.000938030000
2026-04-17,BTCUSDT,288,1440,3,77030.60000000,0.06045133,-0.017873416538,7799458101.72869396,-0.000015703333,-0.000047110000,0.71048797,0.86372552,0.67003426,1.18018317,-0.000553168035,0.002238810000
2026-04-17,DOGEUSDT,288,1440,3,0.09936000,0.04146399,-0.046598228663,255486859.97774789,0.000062880000,0.000188640000,2.99754475,1.85405942,2.45843651,1.07699578,-0.000413145771,0.001633460000
2026-04-17,DOTUSDT,288,1440,3,1.33200000,-0.06577181,-0.045795795796,50118500.35877434,0.000077530000,0.000232590000,2.04783884,1.33682431,1.72517464,1.24859199,-0.000386605292,0.002479740000
2026-04-17,ETCUSDT,288,1440,3,8.76800000,0.04189044,-0.030907846715,18797942.86432314,0.000100000000,0.000300000000,1.75162924,2.09878114,1.25345262,1.18452957,-0.000336644854,0.002626640000
2026-04-17,ETHUSDT,288,1440,3,2417.66000000,0.03234038,-0.028403497597,5295534964.74585438,0.000011673333,0.000035020000,1.01783451,1.25294933,1.36813266,1.14622338,-0.000502178951,0.001710320000
2026-04-17,FILUSDT,288,1440,3,0.98100000,0.03556501,-0.040774719674,40211330.33439099,0.000054206667,0.000162620000,2.21648402,2.52458976,1.94690305,1.22227204,-0.000362074993,0.002813780000
2026-04-17,INJUSDT,288,1440,3,3.36200000,-0.00915761,-0.047888161808,13298648.45959232,0.000053683333,0.000161050000,2.17364560,1.69916978,2.00120941,1.26096353,-0.000482893764,0.002177200000
2026-04-17,LINKUSDT,288,1440,3,9.60700000,0.03968600,-0.034349953159,89955055.06226909,0.000079413333,0.000238240000,2.64636577,1.64113892,2.13150662,1.23667900,-0.000376335319,0.001953140000
2026-04-17,LTCUSDT,288,1440,3,56.35000000,0.05377002,-0.013132209406,64865879.88902111,0.000066006667,0.000198020000,3.24556859,4.21702057,2.44719658,1.38966704,-0.000456487819,0.001512770000
2026-04-17,NEARUSDT,288,1440,3,1.40600000,0.01209875,-0.044807965861,67526769.68747997,0.000047560000,0.000142680000,1.67336929,1.81137812,1.37325061,1.30734137,-0.000393417833,0.003034490000
2026-04-17,OPUSDT,288,1440,3,0.13420000,0.02185359,-0.062593144560,17005279.73635326,0.000049373333,0.000148120000,2.16370929,1.68947458,1.81307378,1.26348898,-0.000423651521,0.002622540000
2026-04-17,SOLUSDT,288,1440,3,88.71000000,0.07218604,-0.029308984331,895438739.48328328,0.000047003333,0.000141010000,1.95219833,1.80222009,1.67487483,1.19965761,-0.000465926139,0.001892230000
2026-04-17,UNIUSDT,288,1440,3,3.45000000,0.02351794,-0.029855072464,58986227.37610421,0.000076050000,0.000228150000,1.68766750,2.71646774,1.23343630,1.18503076,-0.000430497924,0.002021520000
2026-04-17,XRPUSDT,288,1440,3,1.47490000,0.03921092,-0.029425723778,432669994.50729072,0.000036840000,0.000110520000,2.20872064,1.28526298,2.07689308,1.10168010,-0.000438811194,0.001733010000
2026-04-18,ADAUSDT,288,1440,3,0.24900000,-0.02718985,-0.026907630522,95768024.71691349,0.000031136667,0.000093410000,2.49213541,1.37343766,2.08606328,1.30406605,-0.000450822715,0.001677590000
2026-04-18,APTUSDT,288,1440,3,0.93520000,-0.04794800,-0.026732249786,29849731.36962729,0.000081186667,0.000243560000,1.61764192,1.93507984,1.32373024,1.62779773,-0.000308917611,0.002110650000
2026-04-18,ARBUSDT,288,1440,3,0.12900000,-0.04037698,-0.058139534884,35140665.81356407,0.000060640000,0.000181920000,1.94082982,1.29502035,1.69099280,1.30712568,-0.000397064903,0.001956300000
2026-04-18,AVAXUSDT,288,1440,3,9.32800000,-0.01891087,-0.035270154374,90252956.12681824,-0.000040106667,-0.000120320000,2.52561239,1.58184496,2.09600588,1.19477938,-0.000579638021,0.002364040000
2026-04-18,BCHUSDT,288,1440,3,443.35000000,0.00335709,-0.019059433856,176454980.14419666,0.000025620000,0.000076860000,0.91249935,2.93941330,0.80853317,1.21148655,-0.000468130174,0.001277250000
2026-04-18,BNBUSDT,288,1440,3,630.22000000,-0.00008806,-0.021960585192,351069671.33749658,0.000005596667,0.000016790000,2.06004135,1.16331433,2.05830030,1.14896567,0.000488083000,0.001431840000
2026-04-18,BTCUSDT,288,1440,3,75653.80000000,0.00777068,-0.025053599423,7860065227.34491253,-0.000065886667,-0.000197660000,0.73732073,0.81226138,0.69669560,1.26887665,-0.000570244153,0.001382880000
2026-04-18,DOGEUSDT,288,1440,3,0.09473000,-0.07412658,-0.018473556424,236548492.29087612,0.000019603333,0.000058810000,3.23305087,2.14482597,2.60823491,1.03450308,-0.000527817160,0.001552930000
2026-04-18,DOTUSDT,288,1440,3,1.27100000,-0.04738711,-0.025177025964,47743529.67127298,0.000047590000,0.000142770000,2.14610917,1.46823389,1.83649273,1.30579309,-0.000444925118,0.002031190000
2026-04-18,ETCUSDT,288,1440,3,8.49700000,-0.02580830,-0.031658232317,18312799.92786269,0.000028650000,0.000085950000,2.10181335,2.19545006,1.45881369,1.24531418,-0.000469036847,0.002359700000
2026-04-18,ETHUSDT,288,1440,3,2348.99000000,-0.00964749,-0.036947794584,5244446327.25976753,-0.000061553333,-0.000184660000,1.15057771,1.12202285,1.54247078,1.12505890,-0.000583119208,0.001895860000
2026-04-18,FILUSDT,288,1440,3,0.94100000,-0.06306736,-0.037194473964,37675307.82090691,0.000063546667,0.000190640000,2.17648821,2.60529619,1.90625677,1.85535331,-0.000445817410,0.001836810000
2026-04-18,INJUSDT,288,1440,3,3.20100000,-0.06314774,-0.007497656982,12458868.90580450,0.000044436667,0.000133310000,2.17044733,1.94991632,1.85809208,1.29227340,-0.000448758014,0.002175740000
2026-04-18,LINKUSDT,288,1440,3,9.27700000,-0.03027075,-0.023606769430,87232047.66406366,0.000040193333,0.000120580000,2.63076615,1.83595386,2.10504673,1.08743300,-0.000455335569,0.001664550000
2026-04-18,LTCUSDT,288,1440,3,55.61000000,0.02224315,-0.028771803632,66308701.62984286,0.000015490000,0.000046470000,3.16818071,4.12379430,2.49165317,1.43761405,-0.000515768993,0.001538740000
2026-04-18,NEARUSDT,288,1440,3,1.34300000,-0.00774610,-0.013402829486,67003700.83255354,0.000021213333,0.000063640000,1.54677218,1.75321386,1.25724147,1.36255073,-0.000542194576,0.002260860000
2026-04-18,OPUSDT,288,1440,3,0.12580000,-0.02031364,-0.042925278219,16659840.62320809,0.000100000000,0.000300000000,2.13673262,1.71728997,1.74982402,1.29596631,-0.000378616458,0.002897770000
2026-04-18,SOLUSDT,288,1440,3,86.11000000,-0.07943435,-0.031355243293,824310141.70066977,-0.000053073333,-0.000159220000,2.33216610,1.76517858,1.98237578,1.11111971,-0.000573497285,0.001726420000
2026-04-18,UNIUSDT,288,1440,3,3.34700000,-0.01869428,-0.035255452644,57883522.12791006,0.000050206667,0.000150620000,1.76528937,3.13847969,1.33027745,1.27411427,-0.000454393778,0.001737840000
2026-04-18,XRPUSDT,288,1440,3,1.43150000,-0.02626039,-0.026545581558,421307909.91897297,0.000037966667,0.000113900000,2.35533665,1.54631565,2.15527846,1.16102747,-0.000464877618,0.002409210000
2026-04-19,ADAUSDT,288,1440,3,0.24230000,-0.08556404,0.022699133306,87573725.48445526,0.000003406667,0.000010220000,2.52917053,1.50591336,2.12332072,1.09646522,-0.000545155986,0.001651700000
2026-04-19,APTUSDT,288,1440,3,0.91020000,-0.06059412,0.027246758954,28041013.19936228,0.000082956667,0.000248870000,1.64195043,1.97066931,1.36188264,1.32996262,-0.000330208840,0.002108940000
2026-04-19,ARBUSDT,288,1440,3,0.12150000,-0.03756783,0.046090534979,33820507.09977901,0.000023056667,0.000069170000,2.02396651,1.21674416,1.77819074,1.17120915,-0.000488021646,0.002325970000
2026-04-19,AVAXUSDT,288,1440,3,8.99900000,-0.05325045,0.030003333704,85446945.26430033,-0.000044863333,-0.000134590000,2.21294911,1.54090302,1.79743493,1.09953719,-0.000582511111,0.002036900000
2026-04-19,BCHUSDT,288,1440,3,434.90000000,-0.00429897,0.019429753966,175696406.10515836,0.000024486667,0.000073460000,1.16576901,2.82944915,0.95038223,1.11875341,-0.000488511472,0.002145190000
2026-04-19,BNBUSDT,288,1440,3,616.38000000,-0.03687524,0.021382913138,338123892.90939391,0.000004203333,0.000012610000,2.33783833,1.16697354,2.36211063,1.27776446,0.000414773431,0.001294460000
2026-04-19,BTCUSDT,288,1440,3,73758.40000000,-0.06850228,0.027545337209,7321632845.71337509,-0.000092966667,-0.000278900000,0.88050994,0.78218464,0.86658925,1.22657723,-0.000582022458,0.001629090000
2026-04-19,DOGEUSDT,288,1440,3,0.09298000,-0.06240039,0.023338352334,221787773.97829643,-0.000042006667,-0.000126020000,3.59908157,2.34576125,2.85346523,1.13058547,-0.000508612896,0.001784400000
2026-04-19,DOTUSDT,288,1440,3,1.23900000,-0.05040828,0.032284100081,45336860.62305052,-0.000005516667,-0.000016550000,2.26102705,1.77605488,1.97198916,1.65619624,-0.000504855083,0.002491510000
2026-04-19,ETCUSDT,288,1440,3,8.22800000,-0.03609191,0.019445794847,17651855.99840559,0.000015060000,0.000045180000,1.99573515,2.33641265,1.37731094,1.20550378,-0.000568672222,0.002020550000
2026-04-19,ETHUSDT,288,1440,3,2262.20000000,-0.04522183,0.022274776766,5007282859.57974434,-0.000149303333,-0.000447910000,1.47709531,1.06256170,1.92580354,1.08978025,-0.000611494611,0.002037530000
2026-04-19,FILUSDT,288,1440,3,0.90600000,-0.08863197,0.017660044150,34336070.89973214,0.000015216667,0.000045650000,2.20565212,2.93508225,1.90367610,1.48342878,-0.000549427160,0.002042600000
2026-04-19,INJUSDT,288,1440,3,3.17700000,-0.08586734,0.032420522506,11389058.97495617,-0.000126393333,-0.000379180000,2.30975589,2.24193046,1.93898805,1.23381945,-0.000618502632,0.002227500000
2026-04-19,LINKUSDT,288,1440,3,9.05800000,-0.05415162,0.024729520866,82508291.22610277,0.000002526667,0.000007580000,2.76484964,2.14602541,2.20987115,1.18264807,-0.000499535632,0.001651380000
2026-04-19,LTCUSDT,288,1440,3,54.01000000,-0.00329732,0.018144788002,66090060.45536924,-0.000013020000,-0.000039060000,2.84176170,4.26580772,2.29642530,1.26379775,-0.000489561417,0.001553960000
2026-04-19,NEARUSDT,288,1440,3,1.32500000,-0.02715581,0.027169811321,65184161.09993335,-0.000012283333,-0.000036850000,1.30937332,1.75905442,1.07634100,1.72567074,-0.000382602403,0.001928180000
2026-04-19,OPUSDT,288,1440,3,0.12040000,-0.03069239,0.029069767442,16148510.32372624,-0.000009293333,-0.000027880000,2.27680699,1.58754956,1.85097318,1.26063684,-0.000568423597,0.002544860000
2026-04-19,SOLUSDT,288,1440,3,83.41000000,-0.05299616,0.021939815370,780624866.67068529,-0.000077303333,-0.000231910000,2.63010540,1.71998876,2.38137301,1.13745283,-0.000579082417,0.001711020000
2026-04-19,UNIUSDT,288,1440,3,3.22900000,-0.02043697,0.000309693404,56700558.29077806,0.000059630000,0.000178890000,1.81953486,3.52655167,1.36943755,1.20563379,-0.000420997792,0.001524540000
2026-04-19,XRPUSDT,288,1440,3,1.39350000,-0.03309321,0.021600287047,407365480.22184002,0.000009576667,0.000028730000,2.57993825,1.57526772,2.35491600,1.03106253,-0.000487585542,0.004510330000
2026-04-20,ADAUSDT,288,1440,3,0.24780000,-0.06974683,0.007667473769,81465735.98217748,-0.000003793333,-0.000011380000,2.46937506,1.43357775,2.07406068,1.20752849,-0.000469893042,0.001366090000
2026-04-20,APTUSDT,288,1440,3,0.93500000,-0.05794064,0.004064171123,26416298.95305202,0.000033206667,0.000099620000,1.78733006,1.84051702,1.53390621,1.31300654,-0.000456945764,0.002080020000
2026-04-20,ARBUSDT,288,1440,3,0.12710000,0.00411605,-0.014948859166,33959714.12550791,-0.000011700000,-0.000035100000,2.01801055,1.22113714,1.80536038,1.21668177,-0.000468886097,0.002140470000
2026-04-20,AVAXUSDT,288,1440,3,9.26900000,-0.03421604,0.012838493904,82523288.97171441,-0.000006250000,-0.000018750000,1.94629226,1.51991056,1.56788057,1.25642893,-0.000430220160,0.001466480000
2026-04-20,BCHUSDT,288,1440,3,443.35000000,0.00007234,0.010961993910,175709116.66233483,0.000026986667,0.000080960000,1.40369236,2.74847404,1.09384803,1.18003301,-0.000446169556,0.001042530000
2026-04-20,BNBUSDT,288,1440,3,629.56000000,0.00148379,0.003828070398,338625599.28871500,0.000018296667,0.000054890000,2.51744691,1.11281535,2.52236780,1.15486545,0.000533914014,0.000945090000
2026-04-20,BTCUSDT,288,1440,3,75790.10000000,-0.02727805,0.006572098467,7121912990.85722446,-0.000040460000,-0.000121380000,0.92037071,0.77360135,0.94222444,1.12529649,-0.000552581312,0.001085330000
2026-04-20,DOGEUSDT,288,1440,3,0.09515000,-0.01008728,-0.000210194430,219550538.51162532,0.000004136667,0.000012410000,3.48284018,2.31142734,2.79012215,1.10592457,-0.000489929187,0.001311260000
2026-04-20,DOTUSDT,288,1440,3,1.27900000,-0.01366791,-0.000781860829,44717200.31574687,-0.000015593333,-0.000046780000,2.40581528,1.86586298,2.09113041,1.98738268,-0.000468511056,0.001971810000
2026-04-20,ETCUSDT,288,1440,3,8.38800000,0.01040252,0.005245588937,17835479.75774018,-0.000041813333,-0.000125440000,1.81641199,2.35499583,1.28222054,1.16630253,-0.000460138236,0.001973980000
2026-04-20,ETHUSDT,288,1440,3,2312.59000000,-0.01076851,0.005854907268,4953361908.35310555,-0.000005083333,-0.000015250000,1.58006621,1.09220640,2.05695705,1.08174546,-0.000526531785,0.001315610000
2026-04-20,FILUSDT,288,1440,3,0.92200000,-0.01317067,0.003253796095,33883841.83417191,0.000017016667,0.000051050000,2.09091016,2.84105953,1.81714723,2.08212539,-0.000390997083,0.001836960000
2026-04-20,INJUSDT,288,1440,3,3.28000000,0.00613796,-0.004878048780,11458964.58928840,-0.000018290000,-0.000054870000,2.24173589,2.10696686,1.93602035,1.23230756,-0.000527156785,0.001855950000
2026-04-20,LINKUSDT,288,1440,3,9.28200000,0.00133587,0.011850894204,82618511.71618618,0.000018080000,0.000054240000,2.70580854,2.11598650,2.11506659,1.18264923,-0.000523553396,0.001346820000
2026-04-20,LTCUSDT,288,1440,3,54.99000000,-0.00254369,0.009819967267,65921947.49948496,0.000058393333,0.000175180000,2.73404758,4.60965354,2.13307203,1.23019505,-0.000424843229,0.001074690000
2026-04-20,NEARUSDT,288,1440,3,1.36100000,0.02573436,0.017634092579,66861633.49659529,0.000033456667,0.000100370000,1.29241122,1.75773560,1.09357005,1.55970378,-0.000487010271,0.002721170000
2026-04-20,OPUSDT,288,1440,3,0.12390000,-0.00167588,-0.006456820016,16121447.43370506,-0.000094586667,-0.000283760000,2.21922652,1.48322321,1.83394944,1.67632840,-0.000556391958,0.002481980000
2026-04-20,SOLUSDT,288,1440,3,85.24000000,-0.00296042,0.008916001877,778313888.70448112,-0.000016566667,-0.000049700000,2.77974667,1.58006457,2.58477392,1.16355459,-0.000474436000,0.001044200000
2026-04-20,UNIUSDT,288,1440,3,3.23000000,0.00462498,0.012074303406,56962797.30105468,0.000042493333,0.000127480000,1.82502151,3.62132385,1.37668590,1.15172853,-0.000447679993,0.001336260000
2026-04-20,XRPUSDT,288,1440,3,1.42360000,-0.02616233,0.006322000562,396707852.12220079,0.000006840000,0.000020520000,2.64244616,1.52202068,2.49534201,1.08521673,-0.000509284861,0.001161090000
2026-04-21,ADAUSDT,288,1440,3,0.24970000,0.00010571,-0.006007208650,81474347.62012380,0.000037896667,0.000113690000,2.53856630,1.36957125,2.11255246,1.14351159,-0.000476506597,0.001370700000
2026-04-21,APTUSDT,288,1440,3,0.93880000,-0.02630171,0.006178099702,25721505.06979943,0.000024136667,0.000072410000,1.87648503,1.83974447,1.57736597,1.08753055,-0.000477787639,0.001839100000
2026-04-21,ARBUSDT,288,1440,3,0.12520000,-0.02049901,0.025559105431,33263573.77179480,0.000021343333,0.000064030000,1.80661976,1.27183202,1.59720794,1.25463911,-0.000461626410,0.002244970000
2026-04-21,AVAXUSDT,288,1440,3,9.38800000,0.00284750,-0.006178099702,82758274.27186313,0.000086590000,0.000259770000,2.06618657,1.59670931,1.62888828,1.20532111,-0.000408288090,0.001515870000
2026-04-21,BCHUSDT,288,1440,3,448.21000000,0.01274332,0.026550054662,177948233.59393007,0.000058926667,0.000176780000,1.29174364,2.70271295,1.02840147,1.19932301,-0.000450187931,0.001271170000
2026-04-21,BNBUSDT,288,1440,3,631.97000000,0.01667890,0.009240944982,344273501.51955473,0.000018206667,0.000054620000,2.50148048,1.10230429,2.43890168,1.13867652,0.000447179306,0.001362660000
2026-04-21,BTCUSDT,288,1440,3,76288.20000000,0.01421061,0.024271119256,7223119738.12909126,-0.000060010000,-0.000180030000,0.85265223,0.77531358,0.83777809,1.14330980,-0.000540790347,0.001249080000
2026-04-21,DOGEUSDT,288,1440,3,0.09513000,-0.04046442,0.004625249658,210666553.86811733,-0.000001126667,-0.000003380000,3.35858142,2.04518024,2.73263768,1.07245424,-0.000520500396,0.001322250000
2026-04-21,DOTUSDT,288,1440,3,1.27800000,0.00300202,-0.006259780908,44851442.45443493,0.000043543333,0.000130630000,2.47543241,1.73383595,2.10716482,1.53062599,-0.000450119347,0.001661100000
2026-04-21,ETCUSDT,288,1440,3,8.43200000,0.00925346,0.000711574953,18000519.69876136,0.000067356667,0.000202070000,1.80996450,2.47127910,1.28106902,1.32676407,-0.000426128375,0.001923530000
2026-04-21,ETHUSDT,288,1440,3,2326.13000000,-0.00639010,0.020166542713,4921709407.33166981,-0.000039260000,-0.000117780000,1.46212393,1.14771088,1.89676020,1.11796865,-0.000531770417,0.001496560000
2026-04-21,FILUSDT,288,1440,3,0.92500000,-0.00350232,0.001081081081,33765169.65333676,0.000030533333,0.000091600000,2.05010830,2.91488447,1.72178082,1.83399113,-0.000465759174,0.002086400000
2026-04-21,INJUSDT,288,1440,3,3.26400000,0.01955734,0.005208333333,11683071.44317175,-0.000020560000,-0.000061680000,2.35466578,2.19758971,1.97279353,1.40862328,-0.000521775562,0.001894470000
2026-04-21,LINKUSDT,288,1440,3,9.39200000,-0.00025583,-0.011499148211,82597375.27766739,0.000056363333,0.000169090000,2.68500117,2.03588945,2.07821321,1.07239456,-0.000441044382,0.001450550000
2026-04-21,LTCUSDT,288,1440,3,55.53000000,0.00601532,-0.001260579867,66318488.92438082,0.000056036667,0.000168110000,2.92648037,4.59784213,2.24486035,1.40366457,-0.000452729090,0.001290510000
2026-04-21,NEARUSDT,288,1440,3,1.38500000,-0.00228848,0.011552346570,66708622.28457671,0.000043653333,0.000130960000,1.39315164,1.73323231,1.17111077,1.34713266,-0.000416803889,0.001788080000
2026-04-21,OPUSDT,288,1440,3,0.12310000,-0.01823453,-0.017871649066,15827480.38800769,-0.000000300000,-0.000000900000,2.13861120,1.47663509,1.76458386,1.36204608,-0.000434161896,0.002529220000
2026-04-21,SOLUSDT,288,1440,3,86.00000000,0.02016368,0.009651162791,794007559.33266819,0.000038576667,0.000115730000,2.56302726,1.53011270,2.34552080,1.23187082,-0.000472198910,0.001367270000
2026-04-21,UNIUSDT,288,1440,3,3.26900000,0.00027364,0.013765677577,56978384.40026592,-0.000002126667,-0.000006380000,1.78351387,3.46969027,1.31342557,1.27556111,-0.000525390465,0.001654560000
2026-04-21,XRPUSDT,288,1440,3,1.43260000,0.00025488,-0.002931732514,396808964.18988311,0.000032156667,0.000096470000,2.69050932,1.60365765,2.46884708,1.14126199,-0.000455652299,0.001319040000
2026-04-22,ADAUSDT,288,1440,3,0.24820000,0.05280688,0.005640612409,85776753.50960751,0.000071546667,0.000214640000,2.24141262,1.36954886,1.90146077,1.13890805,-0.000264099444,0.001227980000
2026-04-22,APTUSDT,288,1440,3,0.94460000,0.01113574,0.007198814313,26007933.12062307,0.000044746667,0.000134240000,1.73330501,2.04968927,1.42829268,1.23148155,-0.000486053757,0.005027870000
2026-04-22,ARBUSDT,288,1440,3,0.12840000,0.02110502,0.000000000000,33965602.12446202,0.000025073333,0.000075220000,1.67776195,1.24401605,1.43674525,1.21579017,-0.000453014181,0.002929860000
2026-04-22,AVAXUSDT,288,1440,3,9.33000000,0.02206760,0.004930332262,84584550.54163848,0.000081773333,0.000245320000,2.23140425,1.53602912,1.74968103,1.18850259,-0.000388967708,0.001898210000
2026-04-22,BCHUSDT,288,1440,3,460.11000000,0.05359164,0.000956293060,187484770.40487555,0.000081846667,0.000245540000,0.80154272,2.91565737,0.69689253,1.13104692,-0.000374236424,0.002008290000
2026-04-22,BNBUSDT,288,1440,3,637.81000000,0.01016621,0.001614900989,347773458.56750184,0.000044733333,0.000134200000,1.95663330,1.14852805,2.00389124,1.10620826,0.000547079174,0.002510090000
2026-04-22,BTCUSDT,288,1440,3,78139.80000000,0.09706088,0.000985413323,7924202067.29617786,0.000001913333,0.000005740000,0.63447625,0.86280625,0.61138328,1.19573698,-0.000513665153,0.001172850000
2026-04-22,DOGEUSDT,288,1440,3,0.09557000,0.04817285,0.015904572565,220814961.39243510,0.000067380000,0.000202140000,3.03414019,1.96655746,2.45646674,1.15764826,-0.000371590667,0.003557210000
2026-04-22,DOTUSDT,288,1440,3,1.27000000,-0.01058975,-0.023622047244,44376476.94224015,0.000069590000,0.000208770000,2.41501884,1.72957454,2.07857783,1.45396340,-0.000494068708,0.002064580000
2026-04-22,ETCUSDT,288,1440,3,8.43800000,0.03821090,0.008414316189,18688335.79460517,0.000048323333,0.000144970000,1.77879116,2.25495849,1.22645123,1.21628342,-0.000364516319,0.001809910000
2026-04-22,ETHUSDT,288,1440,3,2373.04000000,0.09171582,-0.018583757543,5373108009.56780910,0.000052230000,0.000156690000,0.97630075,1.29716653,1.33876323,1.18144642,-0.000393011083,0.001170520000
2026-04-22,FILUSDT,288,1440,3,0.92600000,0.00848326,0.003239740821,34051608.51478982,0.000076900000,0.000230700000,1.89830653,2.77270730,1.57826540,1.86795605,-0.000375175299,0.001712250000
2026-04-22,INJUSDT,288,1440,3,3.28100000,0.01191083,0.029868942396,11822226.50331261,-0.000073960000,-0.000221880000,2.30957906,2.19363000,1.92379445,1.41223789,-0.000600011569,0.002345320000
2026-04-22,LINKUSDT,288,1440,3,9.28400000,0.04438919,0.006462731581,86263805.93677554,0.000084366667,0.000253100000,2.40970288,1.99459351,1.91205673,1.19267135,-0.000419008139,0.001250910000
2026-04-22,LTCUSDT,288,1440,3,55.46000000,0.03780512,0.012802019473,68825667.08532032,0.000062783333,0.000188350000,3.06820404,4.25822651,2.33429978,1.27186422,-0.000440287847,0.000993870000
2026-04-22,NEARUSDT,288,1440,3,1.40100000,-0.02552092,0.002855103498,65006156.94457711,-0.000011353333,-0.000034060000,1.49914057,1.81836008,1.27010796,1.25124727,-0.000491068174,0.001627700000
2026-04-22,OPUSDT,288,1440,3,0.12090000,0.02309951,0.004135649297,16193087.38090474,0.000051730000,0.000155190000,1.92116938,1.55823962,1.57918895,1.51162329,-0.000532174757,0.003518020000
2026-04-22,SOLUSDT,288,1440,3,86.83000000,0.05554468,-0.008637567661,838110458.69398689,0.000087903333,0.000263710000,1.85512780,1.64459143,1.72405303,1.20020920,-0.000342454910,0.001380880000
2026-04-22,UNIUSDT,288,1440,3,3.31400000,0.02646007,-0.006940253470,58486036.65618383,0.000050573333,0.000151720000,1.72490752,3.41743282,1.27014863,1.15082257,-0.000405688444,0.001256470000
2026-04-22,XRPUSDT,288,1440,3,1.42840000,0.02142431,0.006650798096,405310322.64694315,0.000033893333,0.000101680000,2.45494370,1.60789272,2.29836700,1.07103835,-0.000462634076,0.001115310000
2026-04-23,ADAUSDT,288,1440,3,0.24960000,-0.05250612,0.002403846154,81272949.29878989,-0.000028243333,-0.000084730000,2.41450154,1.38642913,2.07994704,1.24621572,-0.000539565069,0.001339480000
2026-04-23,APTUSDT,288,1440,3,0.95140000,-0.07381320,0.037313432836,24088204.39815046,-0.000000770000,-0.000002310000,1.87599038,2.28279666,1.57390523,1.17724971,-0.000455611729,0.001870250000
2026-04-23,ARBUSDT,288,1440,3,0.12840000,-0.01708702,0.001557632399,33385231.24521203,0.000073536667,0.000220610000,1.62547253,1.20941161,1.37788712,1.17488660,-0.000410354132,0.002280170000
2026-04-23,AVAXUSDT,288,1440,3,9.37600000,-0.03522992,0.002133105802,81604643.58095928,-0.000022780000,-0.000068340000,2.15840175,1.55510996,1.69455786,1.23386845,-0.000513843583,0.004179940000
2026-04-23,BCHUSDT,288,1440,3,460.55000000,-0.01372726,-0.010053197264,184911117.53176379,0.000019920000,0.000059760000,0.91104993,3.02969839,0.83315711,1.28189993,-0.000481871368,0.001243970000
2026-04-23,BNBUSDT,288,1440,3,638.84000000,-0.01739973,-0.003678542358,341722294.65632761,0.000004196667,0.000012590000,1.99115716,1.18148506,2.10277380,1.25449065,0.000383021215,0.001333580000
2026-04-23,BTCUSDT,288,1440,3,78216.80000000,-0.01758975,-0.010501580223,7784817349.57311153,-0.000060396667,-0.000181190000,0.65359985,0.84109611,0.61998020,1.14014252,-0.000550483403,0.001179920000
2026-04-23,DOGEUSDT,288,1440,3,0.09709000,0.29898038,0.013389638480,286834303.23599094,0.000086770000,0.000260310000,3.18432928,2.75783911,2.61913133,1.26966560,-0.000383737715,0.001210450000
2026-04-23,DOTUSDT,288,1440,3,1.24000000,-0.03612902,0.010483870968,42773198.23647206,-0.000214030000,-0.000642090000,2.32100253,1.83670055,1.98703970,1.26990321,-0.000771228917,0.002355160000
2026-04-23,ETCUSDT,288,1440,3,8.50900000,-0.03167779,0.001762839347,18096330.68668874,-0.000023513333,-0.000070540000,2.00518550,2.46590858,1.38228427,1.22736267,-0.000471243694,0.002191800000
2026-04-23,ETHUSDT,288,1440,3,2328.94000000,-0.07428141,-0.006466461137,4973985951.36392498,0.000006636667,0.000019910000,1.30580487,1.31321551,1.68567542,1.07748291,-0.000535649993,0.001675650000
2026-04-23,FILUSDT,288,1440,3,0.92900000,-0.01787380,0.010764262648,33442976.71020632,0.000039440000,0.000118320000,1.80616579,2.72171955,1.48123224,1.92499161,-0.000496444465,0.002230980000
2026-04-23,INJUSDT,288,1440,3,3.37900000,-0.02727613,0.013909440663,11499761.92927157,-0.000077646667,-0.000232940000,2.24160847,2.29047359,1.88352135,1.22920546,-0.000567558701,0.002095800000
2026-04-23,LINKUSDT,288,1440,3,9.34400000,-0.02611010,0.002889554795,84011449.72951189,-0.000002540000,-0.000007620000,2.29348850,2.03684389,1.83163589,1.22357259,-0.000528723813,0.001488770000
2026-04-23,LTCUSDT,288,1440,3,56.17000000,-0.01731729,0.006053053231,67633792.92176534,0.000000770000,0.000002310000,3.74152303,4.48014380,2.78573280,1.49049044,-0.000486593444,0.001221810000
2026-04-23,NEARUSDT,288,1440,3,1.40500000,-0.03531547,0.002135231317,62710433.97354706,0.000034180000,0.000102540000,1.62594762,1.83726366,1.37108492,1.38243684,-0.000483503056,0.001710710000
2026-04-23,OPUSDT,288,1440,3,0.12140000,-0.02289720,0.029654036244,15822311.04393620,0.000054013333,0.000162040000,1.54488789,1.63560375,1.23142494,1.15605789,-0.000365938021,0.002591180000
2026-04-23,SOLUSDT,288,1440,3,86.08000000,-0.04247180,0.000580855019,802514402.79481924,0.000020836667,0.000062510000,2.23138878,1.89783301,2.12116676,1.12005316,-0.000529043118,0.001861130000
2026-04-23,UNIUSDT,288,1440,3,3.29100000,-0.03674826,-0.012458219386,56336776.56258315,0.000013380000,0.000040140000,1.90926096,3.52025261,1.38786588,1.35171906,-0.000475925507,0.001452550000
2026-04-23,XRPUSDT,288,1440,3,1.43790000,-0.02857128,-0.003755476737,393730089.72693962,-0.000042683333,-0.000128050000,2.56993409,1.61132569,2.39660325,1.15617912,-0.000518826785,0.001056000000
2026-04-24,ADAUSDT,288,1440,3,0.25020000,0.01993798,-0.000399680256,82893367.93094021,0.000100000000,0.000300000000,2.32682320,1.50623721,1.98056055,1.20794914,-0.000255424062,0.001154310000
2026-04-24,APTUSDT,288,1440,3,0.98690000,-0.01658197,-0.020366805147,23688774.45696080,0.000092236667,0.000276710000,1.91476376,2.31998137,1.57205878,1.34330265,-0.000386983160,0.001817700000
2026-04-24,ARBUSDT,288,1440,3,0.12860000,0.03467328,0.004665629860,34542806.63701229,0.000069800000,0.000209400000,1.65869998,1.21850450,1.41894329,1.37059033,-0.000446866750,0.001995010000
2026-04-24,AVAXUSDT,288,1440,3,9.39600000,0.01768197,-0.004044274159,83047574.07926260,0.000063480000,0.000190440000,2.10779401,1.61788842,1.67304598,1.32036824,-0.000345202646,0.001293220000
2026-04-24,BCHUSDT,288,1440,3,455.92000000,-0.00261825,-0.006623969117,184426973.29645577,0.000030336667,0.000091010000,0.99873355,3.02077386,0.91090340,1.46988307,-0.000471291604,0.001063410000
2026-04-24,BNBUSDT,288,1440,3,636.49000000,0.01182029,-0.011924774938,345761551.60549802,0.000035396667,0.000106190000,2.18623105,1.17974035,2.19465942,1.40925809,0.000509399035,0.001027100000
2026-04-24,BTCUSDT,288,1440,3,77395.40000000,-0.02802827,0.002449757996,7566622354.48793316,-0.000049486667,-0.000148460000,0.73875799,0.79964065,0.70536822,1.13399591,-0.000538369646,0.001328570000
2026-04-24,DOGEUSDT,288,1440,3,0.09839000,0.07352171,-0.004370362842,307922852.84706908,0.000100000000,0.000300000000,2.88350015,2.92812108,2.39336439,1.27132589,-0.000306872493,0.001135090000
2026-04-24,DOTUSDT,288,1440,3,1.25300000,0.02789177,-0.005586592179,43966218.42267398,-0.000189130000,-0.000567390000,2.13079859,1.83662617,1.78584037,1.64776619,-0.000610192243,0.002419400000
2026-04-24,ETCUSDT,288,1440,3,8.52400000,0.01120926,-0.009971844205,18299177.24181427,0.000069923333,0.000209770000,2.01190415,2.46225040,1.41087947,1.41903433,-0.000308145972,0.001657360000
2026-04-24,ETHUSDT,288,1440,3,2313.88000000,-0.05229211,0.001871315712,4713885743.89522743,-0.000075900000,-0.000227700000,1.57306678,1.27034369,1.98849577,1.12296514,-0.000575966674,0.001542440000
2026-04-24,FILUSDT,288,1440,3,0.93900000,0.03965866,-0.003194888179,34769280.21916448,0.000045006667,0.000135020000,1.66794343,2.31025209,1.35977212,2.03686063,-0.000362960139,0.001824310000
2026-04-24,INJUSDT,288,1440,3,3.42600000,0.08466361,0.033274956217,12473373.33092129,-0.000052920000,-0.000158760000,2.10116669,2.22810631,1.79378979,1.28696907,-0.000525374257,0.002266500000
2026-04-24,LINKUSDT,288,1440,3,9.37100000,0.01705647,-0.003094653719,85444388.17700888,0.000080616667,0.000241850000,2.22955086,2.05084944,1.74454131,1.39877932,-0.000385151958,0.001270260000
2026-04-24,LTCUSDT,288,1440,3,56.51000000,0.02188832,-0.008671031676,69114183.31104395,0.000076556667,0.000229670000,2.83476048,4.52582425,2.29585788,1.44950008,-0.000401224833,0.001075260000
2026-04-24,NEARUSDT,288,1440,3,1.40800000,-0.01699666,-0.004971590909,61644566.29858380,0.000077993333,0.000233980000,1.63234907,1.81551975,1.40016181,1.65909471,-0.000483131625,0.001720770000
2026-04-24,OPUSDT,288,1440,3,0.12500000,0.02309439,0.000000000000,16187717.61103694,0.000100000000,0.000300000000,1.40273419,1.65062006,1.11201306,1.53933882,-0.000321228660,0.001762890000
2026-04-24,SOLUSDT,288,1440,3,86.13000000,-0.01184463,0.000000000000,793008916.51321483,-0.000053380000,-0.000160140000,2.36826570,1.90981034,2.23831082,1.17456202,-0.000512733458,0.001022360000
2026-04-24,UNIUSDT,288,1440,3,3.25000000,0.00894185,0.001846153846,56840531.49058968,0.000046926667,0.000140780000,1.79332028,3.60594433,1.28622592,1.30149336,-0.000481533903,0.001404110000
2026-04-24,XRPUSDT,288,1440,3,1.43250000,-0.02489695,-0.006561954625,383927409.43852407,0.000032283333,0.000096850000,2.55409056,1.54944423,2.32225804,1.24982558,-0.000455619569,0.001131010000
2026-04-25,ADAUSDT,288,1440,3,0.25010000,0.01402750,0.007596961216,84056154.93120673,0.000095856667,0.000287570000,2.43453048,1.57157678,2.05181651,1.40021477,-0.000367680542,0.001139540000
2026-04-25,APTUSDT,288,1440,3,0.96680000,0.02654434,0.016239139429,24317577.25867664,0.000051223333,0.000153670000,1.97095036,2.24774675,1.67273193,1.34743363,-0.000417140667,0.001850880000
2026-04-25,ARBUSDT,288,1440,3,0.12920000,0.01087883,0.001547987616,34918592.09943520,0.000021780000,0.000065340000,1.74384046,1.20322107,1.50011226,1.28647927,-0.000406370299,0.002145430000
2026-04-25,AVAXUSDT,288,1440,3,9.35800000,0.01360903,0.009831160504,84177771.14603445,0.000087993333,0.000263980000,2.26952000,1.68921398,1.76832908,1.52655449,-0.000476239188,0.001587040000
2026-04-25,BCHUSDT,288,1440,3,452.90000000,-0.00810709,0.003952307353,182931806.92762935,0.000055563333,0.000166690000,1.05333099,3.01709121,0.95127694,1.50271273,-0.000458346104,0.001159940000
2026-04-25,BNBUSDT,288,1440,3,628.90000000,-0.00057868,0.011575767213,345561467.58435041,0.000010523333,0.000031570000,2.36588292,1.19723540,2.31573252,1.40949105,0.000502512479,0.000860630000
2026-04-25,BTCUSDT,288,1440,3,77585.00000000,-0.01618742,0.013256428433,7444138229.58248043,-0.000043370000,-0.000130110000,0.80731787,0.81997998,0.79362237,1.31850223,-0.000546056618,0.001374080000
2026-04-25,DOGEUSDT,288,1440,3,0.09796000,0.01036705,0.012249897918,311115105.11241972,0.000086066667,0.000258200000,2.81190158,3.01802216,2.31306411,1.16085675,-0.000427755826,0.001179740000
2026-04-25,DOTUSDT,288,1440,3,1.24600000,-0.03724433,0.010433386838,42328725.88734184,0.000050160000,0.000150480000,2.19230263,1.72230345,1.84015845,1.59654115,-0.000477632861,0.001857810000
2026-04-25,ETCUSDT,288,1440,3,8.43900000,0.02223195,0.009835288541,18706003.70656709,0.000088173333,0.000264520000,2.09199070,2.53860381,1.48118948,1.47236041,-0.000411750097,0.001690620000
2026-04-25,ETHUSDT,288,1440,3,2318.21000000,-0.00477208,0.021615815651,4691390699.54981518,-0.000036530000,-0.000109590000,1.59535343,1.20317878,2.03822166,1.19456993,-0.000526552722,0.001243140000
2026-04-25,FILUSDT,288,1440,3,0.93600000,0.02602611,0.006410256410,35674189.23604269,0.000059486667,0.000178460000,1.87860367,2.31849149,1.54305628,2.16890177,-0.000444182104,0.001833300000
2026-04-25,INJUSDT,288,1440,3,3.54000000,0.06547837,0.055367231638,13290109.42812033,-0.000167230000,-0.000501690000,2.06974564,2.01344910,1.87699473,1.44838640,-0.000646061313,0.002334500000
2026-04-25,LINKUSDT,288,1440,3,9.34200000,-0.00138015,0.014664953971,85326462.38271691,0.000089163333,0.000267490000,2.45006811,2.11552450,1.85793898,1.33423685,-0.000427516882,0.001437500000
2026-04-25,LTCUSDT,288,1440,3,56.02000000,0.01921019,0.003927168868,70441879.64951801,0.000020396667,0.000061190000,2.63783496,4.41679486,2.20921885,1.55650525,-0.000508643681,0.001378080000
2026-04-25,NEARUSDT,288,1440,3,1.40100000,-0.02171260,-0.004996431121,60306102.77456222,-0.000018170000,-0.000054510000,1.55715623,1.82073000,1.33507017,1.68779630,-0.000457177187,0.001754150000
2026-04-25,OPUSDT,288,1440,3,0.12500000,0.10702988,0.004800000000,17920287.16089803,0.000041780000,0.000125340000,1.70349375,1.66285226,1.41147873,1.46837821,-0.000325964792,0.002101430000
2026-04-25,SOLUSDT,288,1440,3,86.13000000,-0.00286202,0.008591663764,790739311.51208723,0.000005290000,0.000015870000,2.35810773,1.88462797,2.21204871,1.34507865,-0.000525611389,0.001011210000
2026-04-25,UNIUSDT,288,1440,3,3.25600000,-0.00061245,0.007371007371,56805719.43619884,-0.000012623333,-0.000037870000,1.70491690,3.44714122,1.21006347,1.48181745,-0.000527685056,0.001495430000
2026-04-25,XRPUSDT,288,1440,3,1.42310000,-0.04227925,0.004989108285,367695248.00869912,0.000003123333,0.000009370000,2.49832291,1.59113658,2.27109365,1.30961532,-0.000530063062,0.001292960000
2026-04-26,ADAUSDT,288,1440,3,0.25200000,0.02586840,-0.016269841270,86230553.44814466,0.000052836667,0.000158510000,2.46985529,1.60286725,2.11206138,1.27055740,-0.000396637354,0.001481300000
2026-04-26,APTUSDT,288,1440,3,0.98250000,0.00950536,-0.016895674300,24548724.66258825,0.000081050000,0.000243150000,1.96755161,2.46031478,1.68847432,1.12553414,-0.000436509472,0.001521730000
2026-04-26,ARBUSDT,288,1440,3,0.12940000,-0.00370680,-0.022411128284,34789155.85704224,0.000058586667,0.000175760000,1.76605023,1.19918677,1.49303019,1.41583600,-0.000458562667,0.002359280000
2026-04-26,AVAXUSDT,288,1440,3,9.45000000,0.01908150,-0.019894179894,85784008.94407976,0.000017730000,0.000053190000,2.17656420,1.67578561,1.70394091,1.23684873,-0.000376131965,0.001315800000
2026-04-26,BCHUSDT,288,1440,3,454.69000000,-0.01539838,-0.011348391212,180114952.78442675,0.000004160000,0.000012480000,1.23223647,3.14806152,1.05992026,1.72321043,-0.000482848347,0.000930490000
2026-04-26,BNBUSDT,288,1440,3,636.18000000,-0.00546432,-0.014146939545,343673210.30960292,0.000012970000,0.000038910000,2.40215883,1.19471436,2.44021375,1.25231764,0.000515618792,0.001822340000
2026-04-26,BTCUSDT,288,1440,3,78613.50000000,0.00407650,-0.016311447779,7474484267.31184673,0.000001963333,0.000005890000,0.77776602,0.80620784,0.76703208,1.15885086,-0.000492264681,0.002521170000
2026-04-26,DOGEUSDT,288,1440,3,0.09916000,0.00998951,-0.002722872126,314222993.31926596,0.000048743333,0.000146230000,2.78282953,2.96797144,2.26667649,1.31940411,-0.000453946660,0.000978010000
2026-04-26,DOTUSDT,288,1440,3,1.25900000,-0.00797442,-0.022239872915,41991178.68582021,-0.000028230000,-0.000084690000,2.11792269,1.79591026,1.77510188,1.66170967,-0.000471730785,0.002192790000
2026-04-26,ETCUSDT,288,1440,3,8.52200000,-0.00250078,-0.015841351795,18659224.06546981,0.000023680000,0.000071040000,1.91936087,2.50283215,1.39458912,1.43659476,-0.000475034757,0.001835350000
2026-04-26,ETHUSDT,288,1440,3,2368.32000000,0.03155387,-0.027884745305,4839422233.02081871,-0.000019680000,-0.000059040000,1.39647170,1.15031224,1.80897057,1.13384526,-0.000542020431,0.002069240000
2026-04-26,FILUSDT,288,1440,3,0.94200000,0.02066281,-0.022292993631,36411318.30513772,0.000049330000,0.000147990000,1.88010144,2.59231244,1.56342828,2.83910705,-0.000432269104,0.001889060000
2026-04-26,INJUSDT,288,1440,3,3.73600000,0.18501780,-0.041488222698,15749016.29275330,-0.001179383333,-0.003538150000,2.13868777,1.73494756,2.08170703,1.12775489,-0.001599094681,0.047003530000
2026-04-26,LINKUSDT,288,1440,3,9.47900000,0.01633776,-0.017195906741,86720505.34188303,0.000047353333,0.000142060000,2.50847487,2.17024044,1.89536597,1.50174284,-0.000414631083,0.001137590000
2026-04-26,LTCUSDT,288,1440,3,56.24000000,0.00373171,-0.012446657183,70704748.04775251,-0.000007626667,-0.000022880000,3.19343103,4.01247153,2.49456291,1.52024961,-0.000488149924,0.001423990000
2026-04-26,NEARUSDT,288,1440,3,1.39400000,0.00345455,-0.021520803443,60514433.07621922,0.000098500000,0.000295500000,1.43642886,1.82222252,1.21519027,1.92459413,-0.000409732604,0.001438590000
2026-04-26,OPUSDT,288,1440,3,0.12560000,-0.01100011,-0.026273885350,17723162.00709593,0.000050870000,0.000152610000,2.03659403,1.61283065,1.72264616,1.52358163,-0.000533819840,0.002197860000
2026-04-26,SOLUSDT,288,1440,3,86.87000000,0.00807930,-0.024058938644,797127931.22518420,0.000014876667,0.000044630000,2.57498410,1.89821590,2.35823184,1.14740609,-0.000478845431,0.000853180000
2026-04-26,UNIUSDT,288,1440,3,3.28000000,0.00791160,-0.009146341463,57255143.32602239,0.000073133333,0.000219400000,1.64659326,3.56155115,1.17580007,1.42157116,-0.000399202861,0.001403070000
2026-04-26,XRPUSDT,288,1440,3,1.43020000,0.00475716,-0.021185848133,369444433.56023932,-0.000040233333,-0.000120700000,2.63054492,1.62030718,2.35018960,1.21680053,-0.000522440549,0.001017220000
2026-04-27,ADAUSDT,288,1440,3,0.24790000,-0.00930266,-0.005244050020,85428380.33143726,-0.000075080000,-0.000225240000,2.53070384,1.54566583,2.15943193,1.19766178,-0.000578991993,0.001518210000
2026-04-27,APTUSDT,288,1440,3,0.96590000,-0.05546282,-0.000310591159,23187183.09479880,0.000005513333,0.000016540000,1.94475611,2.38902772,1.63636361,1.38507289,-0.000459258125,0.001818970000
2026-04-27,ARBUSDT,288,1440,3,0.12650000,-0.03978669,-0.017391304348,33405010.57882063,-0.000104046667,-0.000312140000,1.62749018,1.17708208,1.33937907,1.41358968,-0.000489384215,0.002017160000
2026-04-27,AVAXUSDT,288,1440,3,9.26200000,-0.00488430,-0.009825091773,85365013.83325429,-0.000107603333,-0.000322810000,2.13687016,1.62675658,1.67509042,1.03611957,-0.000610119986,0.001778220000
2026-04-27,BCHUSDT,288,1440,3,449.53000000,-0.01432166,0.008520009788,177535408.41887504,0.000005410000,0.000016230000,1.26204784,3.14582356,1.05371550,1.31433652,-0.000477940146,0.001128710000
2026-04-27,BNBUSDT,288,1440,3,627.18000000,-0.00668954,-0.003667208776,341374194.60920924,0.000006986667,0.000020960000,2.56797480,1.22798398,2.52225199,1.20909578,0.000462556160,0.000994540000
2026-04-27,BTCUSDT,288,1440,3,77331.20000000,0.00899839,-0.013359420260,7541742605.86350155,-0.000046960000,-0.000140880000,0.85544039,0.77434191,0.82164813,1.05695582,-0.000537961056,0.000981440000
2026-04-27,DOGEUSDT,288,1440,3,0.09889000,-0.00229686,0.003943775913,313501267.41617358,0.000017700000,0.000053100000,2.86014229,3.00944501,2.30849525,1.20522890,-0.000442533688,0.001301620000
2026-04-27,DOTUSDT,288,1440,3,1.23100000,-0.00085243,-0.002437043054,41955384.33232974,-0.000153590000,-0.000460770000,2.17162221,1.77248851,1.80846031,1.32786468,-0.000666285354,0.002573450000
2026-04-27,ETCUSDT,288,1440,3,8.38700000,-0.00237927,0.000834625015,18614828.71557215,-0.000041450000,-0.000124350000,1.96153595,2.39871917,1.46632877,1.29715031,-0.000602432778,0.001757740000
2026-04-27,ETHUSDT,288,1440,3,2302.28000000,-0.02582669,-0.006041836788,4714435959.53285217,-0.000073646667,-0.000220940000,1.60532138,1.15476195,1.96867906,1.07047996,-0.000597110410,0.001187330000
2026-04-27,FILUSDT,288,1440,3,0.92100000,-0.01652683,-0.002171552660,35809554.58360167,-0.000005243333,-0.000015730000,1.71918551,2.94941833,1.41916411,2.09471884,-0.000533886333,0.002170670000
2026-04-27,INJUSDT,288,1440,3,3.58100000,-0.07358880,-0.003909522480,14590065.05559739,-0.000177440000,-0.000532320000,2.10551629,1.85210868,2.02035651,1.27537191,-0.000509614097,0.001965510000
2026-04-27,LINKUSDT,288,1440,3,9.31600000,-0.01796355,-0.008480034350,85162697.03917284,0.000028126667,0.000084380000,2.54004343,2.40623182,1.90865813,1.19793786,-0.000463081590,0.001538410000
2026-04-27,LTCUSDT,288,1440,3,55.54000000,-0.00607935,0.002700756212,70274908.87722602,0.000013780000,0.000041340000,3.25244972,3.89816313,2.45613678,1.50472659,-0.000500688701,0.001199510000
2026-04-27,NEARUSDT,288,1440,3,1.36400000,0.03344775,-0.012463343109,62538504.75956779,0.000057436667,0.000172310000,1.30561803,1.76432002,1.06945457,1.59235084,-0.000333632146,0.001487270000
2026-04-27,OPUSDT,288,1440,3,0.12230000,-0.05622317,-0.010629599346,16726709.56926227,-0.000040796667,-0.000122390000,1.78992339,1.66942788,1.43458906,1.29503587,-0.000488546326,0.002066780000
2026-04-27,SOLUSDT,288,1440,3,84.78000000,0.01412654,-0.008964378391,808388590.48014069,-0.000049163333,-0.000147490000,2.89523948,1.91290549,2.64443826,1.08928005,-0.000567952604,0.001128380000
2026-04-27,UNIUSDT,288,1440,3,3.25000000,0.00798242,-0.002769230769,57712177.78086279,-0.000016430000,-0.000049290000,1.66774016,3.75816207,1.20301006,1.23387184,-0.000547213938,0.001587700000
2026-04-27,XRPUSDT,288,1440,3,1.39990000,0.01017492,-0.014358168441,373203502.10617590,-0.000020753333,-0.000062260000,2.63212388,1.59949993,2.36400363,1.19730411,-0.000514429792,0.001228450000
2026-04-28,ADAUSDT,288,1440,3,0.24660000,-0.02018139,-0.008921330089,83704316.85328481,0.000010270000,0.000030810000,2.36025657,1.48454445,2.00960936,1.01325871,-0.000455653125,0.001148910000
2026-04-28,APTUSDT,288,1440,3,0.96560000,-0.01332218,0.024855012428,22878279.33544409,0.000040296667,0.000120890000,1.83766524,2.20690553,1.53666571,1.48196875,-0.000442865764,0.001698570000
2026-04-28,ARBUSDT,288,1440,3,0.12430000,-0.00795638,0.008045052293,33139227.50084827,0.000094830000,0.000284490000,1.40052654,1.15161170,1.12591491,1.45314257,-0.000316698965,0.001638100000
2026-04-28,AVAXUSDT,288,1440,3,9.17100000,0.02322551,-0.005670046887,87347660.09437712,0.000019840000,0.000059520000,1.82891988,1.59571289,1.40294306,1.34846393,-0.000456091319,0.001525780000
2026-04-28,BCHUSDT,288,1440,3,453.36000000,-0.00814493,-0.013521263455,176089394.34210089,0.000050140000,0.000150420000,1.22832835,3.20196565,1.01857127,1.37747601,-0.000420439868,0.001171190000
2026-04-28,BNBUSDT,288,1440,3,624.88000000,0.00135228,-0.011602227628,341835827.05262476,0.000013673333,0.000041020000,2.56607015,1.28812570,2.48997678,1.24783826,0.000537900472,0.001045260000
2026-04-28,BTCUSDT,288,1440,3,76298.10000000,-0.00303139,-0.007184975773,7518880615.14551258,-0.000006376667,-0.000019130000,0.95670220,0.81641186,0.92673582,1.15409510,-0.000486706028,0.000969550000
2026-04-28,DOGEUSDT,288,1440,3,0.09928000,0.04988275,0.047743755036,329139572.18407315,0.000100000000,0.000300000000,2.63100588,2.94838915,2.10053754,1.16687291,-0.000375663229,0.001415510000
2026-04-28,DOTUSDT,288,1440,3,1.22800000,0.01630863,-0.013843648208,42639619.19931975,-0.000056210000,-0.000168630000,2.06684210,1.77674075,1.68098288,1.67110557,-0.000498003667,0.001837150000
2026-04-28,ETCUSDT,288,1440,3,8.39400000,0.00065699,-0.006909697403,18627058.49221471,-0.000009710000,-0.000029130000,1.88436957,2.37757474,1.41572110,1.39621273,-0.000429554687,0.001684810000
2026-04-28,ETHUSDT,288,1440,3,2288.37000000,-0.02105439,-0.016103165135,4615176396.20954037,-0.000092523333,-0.000277570000,1.81410738,1.18327996,2.19014126,1.14820197,-0.000541130174,0.001123600000
2026-04-28,FILUSDT,288,1440,3,0.91900000,0.00397707,-0.004352557127,35951971.75728048,0.000055756667,0.000167270000,1.39918417,2.95013406,1.11237209,1.82272465,-0.000403450028,0.001915310000
2026-04-28,INJUSDT,288,1440,3,3.56700000,-0.07085046,-0.026072329689,13556352.17282280,0.000031673333,0.000095020000,2.11562928,2.07451747,1.91088734,1.34618377,-0.000504698556,0.001586340000
2026-04-28,LINKUSDT,288,1440,3,9.23700000,-0.00088784,-0.014073833496,85087086.45491113,0.000061403333,0.000184210000,2.27206646,2.38699560,1.66945707,1.43853831,-0.000410339778,0.001218770000
2026-04-28,LTCUSDT,288,1440,3,55.69000000,-0.01872903,-0.007182618064,68958727.77110685,0.000022100000,0.000066300000,2.84858251,3.82125660,2.11324398,1.69364799,-0.000435118278,0.000833720000
2026-04-28,NEARUSDT,288,1440,3,1.34700000,0.02560072,-0.014847809948,64139535.81852542,0.000100000000,0.000300000000,1.12371618,1.71250815,0.89400680,1.77212881,-0.000380371576,0.001455490000
2026-04-28,OPUSDT,288,1440,3,0.12100000,-0.00481368,-0.010743801653,16646192.61647486,-0.000060260000,-0.000180780000,1.46296409,1.60323873,1.14984737,1.44349050,-0.000604943049,0.002988420000
2026-04-28,SOLUSDT,288,1440,3,84.02000000,-0.00473584,-0.012020947393,804560195.34907281,-0.000050213333,-0.000150640000,3.11047136,1.86213557,2.84384697,1.14439011,-0.000516121049,0.000887000000
2026-04-28,UNIUSDT,288,1440,3,3.24100000,-0.01024038,-0.015735883986,57121183.26287185,0.000043083333,0.000129250000,1.62789542,3.93202510,1.16735048,1.25265659,-0.000384228111,0.001237810000
2026-04-28,XRPUSDT,288,1440,3,1.37980000,-0.01703681,-0.008189592695,366845305.62277377,0.000012753333,0.000038260000,2.64806696,1.64161622,2.37707263,1.19015326,-0.000480278562,0.000967270000
2026-04-29,ADAUSDT,288,1440,3,0.24440000,-0.01324425,0.006955810147,82595715.66784552,0.000045496667,0.000136490000,2.33871608,1.55033132,1.99706220,1.22702646,-0.000449871847,0.002215760000
2026-04-29,APTUSDT,288,1440,3,0.98960000,0.00046794,0.003536782538,22888985.08135345,0.000025036667,0.000075110000,1.99518173,2.18344946,1.67041274,1.20501990,-0.000511385396,0.002798250000
2026-04-29,ARBUSDT,288,1440,3,0.12530000,0.00911360,-0.012769353551,33441245.14609425,0.000045296667,0.000135890000,1.36546766,1.22003690,1.10510943,1.34372304,-0.000439119986,0.002893340000
2026-04-29,AVAXUSDT,288,1440,3,9.11900000,-0.02341802,-0.003180173265,85302151.01881064,0.000023430000,0.000070290000,1.81020971,1.66272581,1.38386646,1.24429474,-0.000523450153,0.002097150000
2026-04-29,BCHUSDT,288,1440,3,447.23000000,0.01105795,-0.014668067885,178036582.20097789,0.000072530000,0.000217590000,1.13727650,3.22982066,1.00815441,1.29369735,-0.000435410986,0.001149520000
2026-04-29,BNBUSDT,288,1440,3,617.63000000,-0.00917102,-0.003270566520,338700844.44060582,0.000015346667,0.000046040000,2.65901606,1.27370027,2.58589712,1.15068723,0.000382209833,0.000868760000
2026-04-29,BTCUSDT,288,1440,3,75749.90000000,-0.00888848,0.007333343014,7452049226.49068356,0.000006786667,0.000020360000,0.89626250,0.82575064,0.89885615,1.16250879,-0.000514673965,0.001446680000
2026-04-29,DOGEUSDT,288,1440,3,0.10402000,0.14036227,0.023360892136,375338349.84302360,0.000081060000,0.000243180000,2.32649041,2.90673941,1.99735351,1.12638614,-0.000379951174,0.001409900000
2026-04-29,DOTUSDT,288,1440,3,1.21100000,-0.01941618,-0.006606110652,41811720.77213305,0.000034536667,0.000103610000,2.04264599,1.72933207,1.66665566,1.29752130,-0.000564159465,0.002807690000
2026-04-29,ETCUSDT,288,1440,3,8.33600000,0.00456648,0.000479846449,18712118.51134042,0.000021463333,0.000064390000,1.99196916,2.42452129,1.51477394,1.17955705,-0.000532449375,0.002199170000
2026-04-29,ETHUSDT,288,1440,3,2251.52000000,-0.01200862,0.002207397669,4559754484.62471962,0.000040966667,0.000122900000,1.60113861,1.24488397,1.98670403,1.07753128,-0.000478573924,0.001632820000
2026-04-29,FILUSDT,288,1440,3,0.91500000,0.01124752,0.006557377049,36356342.15674559,0.000008260000,0.000024780000,1.41380548,2.93295803,1.13216678,1.47694680,-0.000484662660,0.003961290000
2026-04-29,INJUSDT,288,1440,3,3.47400000,-0.04503244,-0.016119746690,12945876.56622007,-0.000083943333,-0.000251830000,2.05964905,1.98981830,1.79763919,1.28660679,-0.000557708250,0.001744650000
2026-04-29,LINKUSDT,288,1440,3,9.10700000,0.00866704,-0.000768639508,85824539.96408367,0.000040400000,0.000121200000,2.28120938,2.42218090,1.65447108,1.19427040,-0.000570304062,0.001958900000
2026-04-29,LTCUSDT,288,1440,3,55.29000000,-0.00067063,-0.002532103455,68912481.64875159,0.000050746667,0.000152240000,2.30610862,3.98468184,1.81772914,1.15982072,-0.000466867535,0.001697490000
2026-04-29,NEARUSDT,288,1440,3,1.32700000,0.00470550,-0.022607385079,64441344.62265281,0.000033166667,0.000099500000,1.11074683,1.80105970,0.87105035,1.65909681,-0.000414701278,0.001689680000
2026-04-29,OPUSDT,288,1440,3,0.11970000,-0.00134067,0.005012531328,16623875.62893943,-0.000005210000,-0.000015630000,1.39261630,1.61628817,1.08847293,1.15790063,-0.000542237708,0.002347560000
2026-04-29,SOLUSDT,288,1440,3,83.01000000,-0.01186299,0.000361402241,795015704.30321968,-0.000001646667,-0.000004940000,3.13344980,1.84662412,2.88351907,1.22153453,-0.000512512646,0.001676840000
2026-04-29,UNIUSDT,288,1440,3,3.19000000,0.00386167,-0.001880877743,57341766.65376583,0.000038296667,0.000114890000,1.73376413,4.37051233,1.21388406,1.12685680,-0.000414776194,0.001807920000
2026-04-29,XRPUSDT,288,1440,3,1.36850000,-0.01121072,-0.000949945195,362732705.21605343,-0.000043386667,-0.000130160000,2.66277377,1.53874896,2.40376065,1.10468861,-0.000534135389,0.001542420000
2026-04-30,ADAUSDT,288,1440,3,0.24610000,-0.03404591,0.007720438846,79783669.09040233,0.000002983333,0.000008950000,2.26582438,1.66181906,1.95416892,1.26968041,-0.000454704542,0.001522940000
2026-04-30,APTUSDT,288,1440,3,0.99310000,-0.00220608,-0.004027791763,22838490.24555292,-0.000069503333,-0.000208510000,2.17779803,2.09213235,1.89730913,1.20694747,-0.000531858736,0.002528220000
2026-04-30,ARBUSDT,288,1440,3,0.12370000,-0.00048225,-0.001616814875,33425118.03469899,-0.000033623333,-0.000100870000,1.49759526,1.20573536,1.24562130,1.28827887,-0.000494794368,0.002100080000
2026-04-30,AVAXUSDT,288,1440,3,9.09000000,-0.04671730,-0.000880088009,81317064.57020146,-0.000036013333,-0.000108040000,1.78279329,1.72759023,1.37301050,1.40890354,-0.000387375569,0.001643820000
2026-04-30,BCHUSDT,288,1440,3,440.67000000,-0.01546553,0.021716931037,175283151.76551974,0.000032966667,0.000098900000,1.31708902,3.27670812,1.09983003,1.18428118,-0.000483968104,0.001113870000
2026-04-30,BNBUSDT,288,1440,3,615.61000000,0.00279842,0.000178684557,339648670.21760124,0.000002323333,0.000006970000,2.75566477,1.29647528,2.67525373,1.24641186,0.000503235903,0.001964670000
2026-04-30,BTCUSDT,288,1440,3,76305.40000000,-0.02417684,0.024724331437,7271882249.60820198,-0.000029870000,-0.000089610000,0.96510076,0.82644878,0.96877623,1.20607089,-0.000520383778,0.001356840000
2026-04-30,DOGEUSDT,288,1440,3,0.10645000,-0.00533682,0.018788163457,373335235.11570811,0.000023003333,0.000069010000,2.19302198,2.86093425,2.03759498,1.11502773,-0.000479158757,0.002346960000
2026-04-30,DOTUSDT,288,1440,3,1.20300000,-0.00794105,0.000831255195,41479691.87524459,-0.000135333333,-0.000406000000,2.00679134,1.70795527,1.65247849,1.31407993,-0.000626513569,0.002859760000
2026-04-30,ETCUSDT,288,1440,3,8.34000000,0.00096755,0.007913669065,18730223.35189726,-0.000019873333,-0.000059620000,2.00411050,2.41385601,1.51035146,1.36006210,-0.000481183674,0.001774950000
2026-04-30,ETHUSDT,288,1440,3,2256.49000000,-0.00573029,0.016773839015,4533625769.26725864,-0.000061483333,-0.000184450000,1.79661418,1.24723399,2.13266066,1.08640994,-0.000561922458,0.001354520000
2026-04-30,FILUSDT,288,1440,3,0.92100000,0.00092162,-0.003257328990,36389849.04721561,0.000069320000,0.000207960000,1.38260756,2.90272902,1.12995518,1.90656290,-0.000488430285,0.002013930000
2026-04-30,INJUSDT,288,1440,3,3.41800000,-0.03665917,0.065827969573,12471291.47613758,0.000065803333,0.000197410000,1.81849205,2.07858907,1.55627193,1.43649425,-0.000426307847,0.001715280000
2026-04-30,LINKUSDT,288,1440,3,9.10000000,0.00579357,-0.001098901099,86321770.66111118,-0.000047200000,-0.000141600000,2.19463027,2.51874076,1.60575216,1.40592989,-0.000372936694,0.001357650000
2026-04-30,LTCUSDT,288,1440,3,55.15000000,-0.03140630,0.003807796917,66748195.86141007,0.000002513333,0.000007540000,2.63345281,4.36083553,2.02607932,1.40101727,-0.000471289243,0.001190660000
2026-04-30,NEARUSDT,288,1440,3,1.29700000,-0.01840811,-0.006939090208,63255101.35008924,0.000053506667,0.000160520000,1.05134134,1.82997999,0.81905889,1.48844256,-0.000476246000,0.001593850000
2026-04-30,OPUSDT,288,1440,3,0.12030000,-0.02298250,0.005818786367,16241817.46579234,-0.000063393333,-0.000190180000,1.30397671,1.56302476,1.02145582,1.36278708,-0.000481598521,0.001998740000
2026-04-30,SOLUSDT,288,1440,3,83.04000000,-0.00384131,0.007947976879,791961803.27456605,0.000037430000,0.000112290000,3.34046330,1.91568344,3.01191226,1.24759166,-0.000418971972,0.001168160000
2026-04-30,UNIUSDT,288,1440,3,3.18400000,-0.01149699,0.005339195980,56682508.75505156,-0.000006213333,-0.000018640000,1.65982318,4.38318802,1.14409389,1.37331852,-0.000545874118,0.001941940000
2026-04-30,XRPUSDT,288,1440,3,1.36720000,-0.01938333,0.013019309538,355701736.56278414,-0.000000870000,-0.000002610000,2.67526444,1.51480462,2.40073776,1.25734944,-0.000477438431,0.001137830000
2026-05-01,ADAUSDT,288,1440,3,0.24800000,0.02802877,0.008467741935,82019907.44220580,0.000050193333,0.000150580000,2.15370349,1.62006226,1.91330188,1.28136908,-0.000328558139,0.001299610000
2026-05-01,APTUSDT,288,1440,3,0.98910000,-0.03027026,0.012941057527,22147163.23703033,-0.000007340000,-0.000022020000,2.16972579,1.85728209,1.98024837,1.19352676,-0.000531688618,0.001941870000
2026-05-01,ARBUSDT,288,1440,3,0.12350000,-0.01379520,-0.007287449393,32964011.86026291,0.000028160000,0.000084480000,1.38895403,1.25442665,1.13904632,1.30759626,-0.000458368903,0.002253770000
2026-05-01,AVAXUSDT,288,1440,3,9.08200000,-0.00298381,0.011010790575,81074430.18390629,0.000027866667,0.000083600000,1.77751747,1.76031266,1.40083442,1.09479931,-0.000480779479,0.001449330000
2026-05-01,BCHUSDT,288,1440,3,450.24000000,0.01046155,-0.010683191187,177116884.60269985,0.000029753333,0.000089260000,1.23839072,3.25327588,0.99850647,1.43347106,-0.000457859354,0.001106800000
2026-05-01,BNBUSDT,288,1440,3,615.72000000,0.00434735,0.004238939778,341125243.45309174,0.000011456667,0.000034370000,2.60606029,1.24720592,2.60399913,1.35337978,0.000506659056,0.000920040000
2026-05-01,BTCUSDT,288,1440,3,78192.00000000,0.06920824,0.005894464907,7775156454.85293102,-0.000028996667,-0.000086990000,0.73286368,0.78181574,0.72688858,1.16472322,-0.000511783000,0.001199530000
2026-05-01,DOGEUSDT,288,1440,3,0.10845000,0.04671347,-0.000092208391,390775021.21300673,0.000014806667,0.000044420000,2.00031066,2.66931473,1.85335927,1.18017393,-0.000471995590,0.001540660000
2026-05-01,DOTUSDT,288,1440,3,1.20400000,0.02408559,0.019102990033,42478754.85592560,-0.000001080000,-0.000003240000,1.97526426,1.80860578,1.63897479,1.45605998,-0.000515587507,0.005667180000
2026-05-01,ETCUSDT,288,1440,3,8.40600000,0.02498264,0.014156554842,19198153.83064426,0.000073493333,0.000220480000,1.78358951,2.50014964,1.39778622,1.35145933,-0.000462792174,0.001815860000
2026-05-01,ETHUSDT,288,1440,3,2294.34000000,0.00361311,0.009397037928,4550006242.49580574,-0.000026693333,-0.000080080000,1.40723911,1.16429152,1.76638719,1.17234283,-0.000516941750,0.001245470000
2026-05-01,FILUSDT,288,1440,3,0.91800000,0.02345460,0.015250544662,37243358.26447001,0.000052526667,0.000157580000,1.49406084,3.01326914,1.25590366,1.91197686,-0.000409743826,0.001901330000
2026-05-01,INJUSDT,288,1440,3,3.64300000,0.01855637,0.042547351084,12702713.36852371,0.000000033333,0.000000100000,1.61942366,1.97461412,1.37390270,1.20521906,-0.000549158514,0.003284690000
2026-05-01,LINKUSDT,288,1440,3,9.09000000,0.00550005,0.009240924092,86796544.73877528,0.000055073333,0.000165220000,2.05562102,2.65226827,1.54084153,1.30995429,-0.000496290667,0.001366340000
2026-05-01,LTCUSDT,288,1440,3,55.36000000,0.00419902,-0.000541907514,67028472.79909600,-0.000022703333,-0.000068110000,2.91958603,4.07095606,2.09995858,1.64665350,-0.000516014729,0.002142170000
2026-05-01,NEARUSDT,288,1440,3,1.28800000,-0.00151084,0.007763975155,63159532.70748883,-0.000026150000,-0.000078450000,1.02764618,1.93471231,0.80909998,1.47632090,-0.000503613979,0.001776020000
2026-05-01,OPUSDT,288,1440,3,0.12100000,0.00614084,0.036363636364,16341555.91717195,0.000053823333,0.000161470000,1.32361376,1.54144355,1.06412824,1.57388940,-0.000401973701,0.002100000000
2026-05-01,SOLUSDT,288,1440,3,83.70000000,0.01333649,0.006332138590,802523792.22877681,0.000042206667,0.000126620000,2.94194217,1.83494039,2.68178716,1.22534421,-0.000453075542,0.000952830000
2026-05-01,UNIUSDT,288,1440,3,3.20100000,0.01624522,0.016869728210,57603328.46799340,0.000010833333,0.000032500000,1.61713771,4.60811656,1.13222596,1.39613598,-0.000482792944,0.001377040000
2026-05-01,XRPUSDT,288,1440,3,1.38500000,0.02523227,0.005631768953,364676899.07254636,-0.000004273333,-0.000012820000,2.55483695,1.49100669,2.33976784,1.13081038,-0.000480731493,0.001024890000
2026-05-02,ADAUSDT,288,1440,3,0.25010000,0.01439803,-0.002798880448,83200832.29279411,0.000024503333,0.000073510000,2.16267325,1.62406443,1.90744758,2.10316352,-0.000401140889,0.001078460000
2026-05-02,APTUSDT,288,1440,3,1.00190000,-0.03121307,-0.016568519812,21455882.33684864,-0.000025130000,-0.000075390000,2.05907872,1.79537236,1.82506393,1.34042441,-0.000476797993,0.003899570000
2026-05-02,ARBUSDT,288,1440,3,0.12260000,0.00449906,-0.044045676998,33112318.96080530,-0.000014936667,-0.000044810000,1.17117039,1.27246483,0.93924075,1.29013698,-0.000413820618,0.002933970000
2026-05-02,AVAXUSDT,288,1440,3,9.18200000,-0.00494813,-0.011217599651,80673263.00391585,-0.000054100000,-0.000162300000,1.80425925,1.76258079,1.41042255,1.51191925,-0.000476307181,0.001510430000
2026-05-02,BCHUSDT,288,1440,3,445.43000000,0.00254716,-0.005590103945,177568029.03352746,0.000018633333,0.000055900000,1.20943353,3.28207407,0.97980005,1.45759505,-0.000465641083,0.000963160000
2026-05-02,BNBUSDT,288,1440,3,618.33000000,-0.00202302,-0.001212944544,340435141.41049176,0.000023853333,0.000071560000,2.53920996,1.25073658,2.58230715,1.39104954,0.000487360188,0.001170940000
2026-05-02,BTCUSDT,288,1440,3,78652.90000000,0.03323940,-0.001575275673,8033598020.24996090,-0.000028216667,-0.000084650000,0.61992475,0.76385004,0.59568374,1.29375619,-0.000520360056,0.001046940000
2026-05-02,DOGEUSDT,288,1440,3,0.10844000,-0.00835161,-0.002028771671,387511418.81317633,0.000010600000,0.000031800000,2.09817992,2.49447762,1.89120845,1.24136768,-0.000466134424,0.001280630000
2026-05-02,DOTUSDT,288,1440,3,1.22700000,0.03307148,-0.014669926650,43883590.19223247,-0.000092590000,-0.000277770000,1.97763557,1.90454464,1.63892794,1.70441160,-0.000471786715,0.001707240000
2026-05-02,ETCUSDT,288,1440,3,8.52500000,0.04097736,-0.005278592375,19984843.39919215,0.000032210000,0.000096630000,1.79911880,2.51452831,1.43560394,1.40053315,-0.000391998410,0.001599640000
2026-05-02,ETHUSDT,288,1440,3,2315.90000000,-0.00841479,0.002491471998,4511718906.03747177,-0.000015480000,-0.000046440000,1.26627851,1.17188153,1.60000708,1.22206160,-0.000508754049,0.001755090000
2026-05-02,FILUSDT,288,1440,3,0.93200000,0.00684017,-0.010729613734,37498109.02424374,0.000002656667,0.000007970000,1.38438394,3.19550225,1.13695172,2.43868172,-0.000369581014,0.001971090000
2026-05-02,INJUSDT,288,1440,3,3.79800000,0.05476393,-0.016587677725,13398363.86841229,-0.000091590000,-0.000274770000,1.98911815,1.63800346,1.75099731,1.24232054,-0.000534735868,0.004202790000
2026-05-02,LINKUSDT,288,1440,3,9.17400000,0.01161286,-0.005668192719,87804501.08021586,-0.000008083333,-0.000024250000,1.97519621,2.63676530,1.46468265,1.32343804,-0.000457723174,0.001489010000
2026-05-02,LTCUSDT,288,1440,3,55.33000000,0.00769801,-0.001084402675,67544458.75980245,0.000016166667,0.000048500000,2.70579743,3.80311411,1.98257258,1.98742121,-0.000501031861,0.000952470000
2026-05-02,NEARUSDT,288,1440,3,1.29800000,0.02041321,-0.017719568567,64448821.71246281,0.000002110000,0.000006330000,1.07118120,1.92884625,0.83696424,2.37582800,-0.000507221382,0.001653480000
2026-05-02,OPUSDT,288,1440,3,0.12540000,0.02802060,-0.019936204147,16799456.14550726,0.000054423333,0.000163270000,1.26832357,1.58879355,0.99507337,1.43511791,-0.000341351965,0.002387150000
2026-05-02,SOLUSDT,288,1440,3,84.23000000,-0.00494310,-0.004274011635,798556839.85559297,0.000006303333,0.000018910000,2.84797120,1.98818222,2.58511259,1.29371231,-0.000503899743,0.000873770000
2026-05-02,UNIUSDT,288,1440,3,3.25500000,0.01899698,-0.007066052227,58697617.57489716,0.000007676667,0.000023030000,1.60080840,4.50184106,1.12683285,1.43128251,-0.000359352250,0.001181490000
2026-05-02,XRPUSDT,288,1440,3,1.39280000,0.00094794,-0.004092475589,365022590.15543121,0.000001906667,0.000005720000,2.47588826,1.47697267,2.28140126,1.30546962,-0.000488195611,0.003097530000
2026-05-03,ADAUSDT,288,1440,3,0.24940000,0.01867419,0.001202886929,84754540.71826017,0.000058590000,0.000175770000,2.24470851,1.61804963,1.96666949,1.43410070,-0.000375355340,0.001106530000
2026-05-03,APTUSDT,288,1440,3,0.98530000,-0.03644615,-0.020095402416,20673898.09162292,-0.000035566667,-0.000106700000,1.76419611,1.72192034,1.49986271,1.30608339,-0.000543385229,0.004373470000
2026-05-03,ARBUSDT,288,1440,3,0.11720000,-0.03994194,-0.007679180887,31789748.54519190,-0.000039650000,-0.000118950000,1.13596657,1.28193206,0.89923702,1.40323775,-0.000499788014,0.002354430000
2026-05-03,AVAXUSDT,288,1440,3,9.07900000,-0.00753841,0.009802841723,80065114.67799367,-0.000030000000,-0.000090000000,1.84341901,1.70104802,1.42293805,1.11891525,-0.000546765174,0.001506750000
2026-05-03,BCHUSDT,288,1440,3,442.94000000,-0.00466261,0.001444890956,176740098.88852423,0.000029356667,0.000088070000,1.24602772,3.28360982,1.00927620,1.54570552,-0.000469906944,0.001105130000
2026-05-03,BNBUSDT,288,1440,3,617.58000000,-0.00361600,0.008824767641,339204127.26974094,0.000025303333,0.000075910000,2.65316287,1.24258565,2.63310471,1.32616859,0.000508545375,0.000975140000
2026-05-03,BTCUSDT,288,1440,3,78529.00000000,0.00883532,0.016517464886,8104577399.68148422,0.000005316667,0.000015950000,0.62791330,0.79117547,0.59702312,1.29838514,-0.000493587257,0.000937490000
2026-05-03,DOGEUSDT,288,1440,3,0.10822000,-0.02010612,0.016909998152,379720066.94998342,0.000031126667,0.000093380000,2.20869612,2.48626915,1.99946150,1.20800462,-0.000487283167,0.001002050000
2026-05-03,DOTUSDT,288,1440,3,1.20900000,-0.00980708,0.015715467328,43453220.50947904,-0.000000790000,-0.000002370000,2.04206350,1.91173546,1.67212552,1.64382885,-0.000519704681,0.001883320000
2026-05-03,ETCUSDT,288,1440,3,8.48000000,0.01038342,0.024056603774,20192354.36441421,0.000081550000,0.000244650000,1.87830881,2.49175428,1.48377594,1.52936958,-0.000442696028,0.001630370000
2026-05-03,ETHUSDT,288,1440,3,2321.67000000,0.04082134,0.010526905202,4695893308.54478359,0.000035463333,0.000106390000,1.19025861,1.18543975,1.52540522,1.13579750,-0.000465096069,0.001044190000
2026-05-03,FILUSDT,288,1440,3,0.92200000,0.00029347,0.011930585683,37509113.48621719,0.000014683333,0.000044050000,1.43835083,3.32956863,1.18445077,2.24656302,-0.000409991625,0.001982380000
2026-05-03,INJUSDT,288,1440,3,3.73500000,0.00890757,-0.014725568942,13517710.78042248,-0.000045643333,-0.000136930000,2.08081391,1.47118095,1.87012863,1.40441863,-0.000514771396,0.002140340000
2026-05-03,LINKUSDT,288,1440,3,9.12200000,0.00381757,0.025542644157,88139700.81089728,0.000001503333,0.000004510000,1.96942041,2.46157880,1.44799429,1.31642710,-0.000547815986,0.001441250000
2026-05-03,LTCUSDT,288,1440,3,55.27000000,0.01935701,-0.006332549303,68851917.22838609,-0.000037646667,-0.000112940000,2.45670001,3.66834936,1.78913607,1.53832866,-0.000549464139,0.001057320000
2026-05-03,NEARUSDT,288,1440,3,1.27500000,0.00663479,-0.010196078431,64876426.35556068,0.000003120000,0.000009360000,1.15371999,1.86761387,0.89157078,1.78457182,-0.000513494778,0.001705060000
2026-05-03,OPUSDT,288,1440,3,0.12290000,-0.01388707,0.008950366151,16566160.94441306,0.000015823333,0.000047470000,1.40357421,1.61960766,1.10506454,1.62603627,-0.000497235500,0.001960960000
2026-05-03,SOLUSDT,288,1440,3,83.87000000,-0.00803970,0.002146178610,792136681.66195095,-0.000001550000,-0.000004650000,2.76574027,2.09249030,2.55046069,1.22543993,-0.000484752472,0.000896220000
2026-05-03,UNIUSDT,288,1440,3,3.23200000,0.01273393,0.012066831683,59445069.21599925,0.000056060000,0.000168180000,1.66447439,4.60736232,1.17867220,1.33389402,-0.000394940167,0.001127980000
2026-05-03,XRPUSDT,288,1440,3,1.38710000,0.00267250,0.002739528513,365998111.78287494,0.000025393333,0.000076180000,2.46124931,1.51655688,2.25496113,1.38125672,-0.000479763194,0.001018650000
2026-05-04,ADAUSDT,288,1440,3,0.24970000,0.01988697,0.048858630356,86440051.42879616,0.000076323333,0.000228970000,2.29982307,1.58541225,2.02716839,1.43750872,-0.000423009660,0.001516910000
2026-05-04,APTUSDT,288,1440,3,0.96550000,-0.02903732,0.025996892802,20073583.48558125,-0.000014660000,-0.000043980000,1.54575883,1.75299761,1.31140020,1.14361539,-0.000551287910,0.002932320000
2026-05-04,ARBUSDT,288,1440,3,0.11630000,-0.02162689,0.029234737747,31102235.03924581,0.000007990000,0.000023970000,1.16430503,1.26972868,0.91275968,1.25674337,-0.000455672590,0.002365070000
2026-05-04,AVAXUSDT,288,1440,3,9.16800000,0.00534909,0.025196335079,80493390.52537443,0.000062686667,0.000188060000,1.80386676,1.59776248,1.40798732,1.29025591,-0.000398027542,0.001608320000
2026-05-04,BCHUSDT,288,1440,3,443.58000000,-0.00124547,0.039699715948,176519975.23093522,0.000056016667,0.000168050000,1.25871748,3.19143467,1.01778615,1.18254588,-0.000463184646,0.001512980000
2026-05-04,BNBUSDT,288,1440,3,623.03000000,0.04184565,0.012391056610,353398344.35552716,0.000052236667,0.000156710000,2.44233557,1.30418644,2.46865553,1.19724320,0.000558261611,0.005114940000
2026-05-04,BTCUSDT,288,1440,3,79826.10000000,0.04669066,0.012975705941,8482985479.15254402,0.000003286667,0.000009860000,0.57912217,0.77259099,0.55671733,1.11255224,-0.000510858764,0.001386080000
2026-05-04,DOGEUSDT,288,1440,3,0.11005000,0.03791748,0.042980463426,394118094.74312681,0.000035606667,0.000106820000,2.02299712,2.45729618,1.91654363,1.14563103,-0.000466331389,0.001541760000
2026-05-04,DOTUSDT,288,1440,3,1.22800000,-0.00702989,0.040716612378,43147749.15285886,0.000077120000,0.000231360000,2.03750790,2.03597978,1.65293997,1.57862881,-0.000303340764,0.001673570000
2026-05-04,ETCUSDT,288,1440,3,8.68400000,0.06373413,0.037540304007,21479296.44768023,0.000067406667,0.000202220000,1.83402994,2.19521103,1.40610657,1.16968273,-0.000347429792,0.003430830000
2026-05-04,ETHUSDT,288,1440,3,2346.11000000,0.06720086,0.005694532652,5011461375.82196808,0.000042480000,0.000127440000,1.02555431,1.19366643,1.39151590,1.14224911,-0.000472150000,0.001601650000
2026-05-04,FILUSDT,288,1440,3,0.93300000,0.01357760,0.043944265809,38018397.05181228,0.000100000000,0.000300000000,1.47678545,3.05971127,1.23082822,1.24523958,-0.000385497319,0.002090620000
2026-05-04,INJUSDT,288,1440,3,3.68000000,-0.02060395,0.022010869565,13239192.56086851,-0.000038653333,-0.000115960000,1.79702765,1.50011852,1.58171619,1.18268785,-0.000533267681,0.002109050000
2026-05-04,LINKUSDT,288,1440,3,9.35500000,0.01363283,0.043613041154,89341294.23743142,0.000047473333,0.000142420000,1.87846327,2.14313183,1.44073803,1.24965413,-0.000398555118,0.001386070000
2026-05-04,LTCUSDT,288,1440,3,54.92000000,0.01120635,0.025127458121,69623496.07286359,0.000032836667,0.000098510000,2.38984615,3.67270889,1.75825255,1.24090911,-0.000429922313,0.001301960000
2026-05-04,NEARUSDT,288,1440,3,1.26200000,0.01488367,0.026148969889,65842025.48733559,-0.000033210000,-0.000099630000,1.15673645,1.79766990,0.89997393,2.30071701,-0.000531399472,0.002292790000
2026-05-04,OPUSDT,288,1440,3,0.12400000,-0.00789225,0.036290322581,16435416.60514406,0.000076500000,0.000229500000,1.38097256,1.69910439,1.09790603,1.26350750,-0.000396319507,0.003115140000
2026-05-04,SOLUSDT,288,1440,3,84.05000000,0.03804701,0.026055919096,822275114.44690621,0.000065446667,0.000196340000,2.59824843,2.26550754,2.42528520,1.13873149,-0.000404646611,0.001483160000
2026-05-04,UNIUSDT,288,1440,3,3.27100000,0.03369894,0.025985937022,61448305.14546705,0.000055743333,0.000167230000,1.76777232,4.54003631,1.32203121,1.29449523,-0.000457060646,0.001842750000
2026-05-04,XRPUSDT,288,1440,3,1.39090000,0.02028692,0.014954346107,373423087.47996897,0.000035893333,0.000107680000,2.42184865,1.59758773,2.24671110,1.08240323,-0.000476901403,0.001202020000
2026-05-05,ADAUSDT,288,1440,3,0.26190000,0.09640598,0.019091256205,94773389.40369385,0.000070560000,0.000211680000,2.22913683,1.63723424,2.01814603,1.50012482,-0.000242274958,0.001124250000
2026-05-05,APTUSDT,288,1440,3,0.99060000,0.01833429,0.031697960832,20441618.46954010,-0.000080396667,-0.000241190000,1.38408575,1.85332640,1.13610429,1.16544847,-0.000546870556,0.003229940000
2026-05-05,ARBUSDT,288,1440,3,0.11970000,-0.00408186,0.069340016708,30975279.95068826,0.000055270000,0.000165810000,1.15443454,1.31672625,0.90352249,1.22396049,-0.000391477347,0.002406940000
2026-05-05,AVAXUSDT,288,1440,3,9.39900000,0.01502178,0.022342802426,81702544.49396619,0.000062490000,0.000187470000,1.93561890,1.53920193,1.55946544,1.33257389,-0.000331141653,0.001462220000
2026-05-05,BCHUSDT,288,1440,3,461.19000000,0.03065843,0.009258656953,181931800.81347156,0.000067000000,0.000201000000,1.02588587,3.15634166,0.83694726,1.30093640,-0.000395415347,0.001357500000
2026-05-05,BNBUSDT,288,1440,3,630.75000000,0.02165729,0.027538644471,361051996.06666100,0.000063950000,0.000191850000,2.59445290,1.37835827,2.61386817,1.27819426,0.000580763917,0.001099380000
2026-05-05,BTCUSDT,288,1440,3,80861.90000000,0.07419675,0.006532124523,9112395441.03273582,-0.000044163333,-0.000132490000,0.51689372,0.76619463,0.50053203,1.26281008,-0.000569012000,0.001150470000
2026-05-05,DOGEUSDT,288,1440,3,0.11478000,0.00969535,-0.020822442934,397939206.74466735,0.000041533333,0.000124600000,2.10643469,2.53627284,1.97606675,1.13138912,-0.000441202479,0.001319230000
2026-05-05,DOTUSDT,288,1440,3,1.27800000,0.00579422,0.030516431925,43397756.71166393,0.000100000000,0.000300000000,2.11697689,2.07790462,1.74558573,1.36533427,-0.000292338972,0.001893600000
2026-05-05,ETCUSDT,288,1440,3,9.01000000,0.06319030,0.042064372919,22836579.71472150,0.000100000000,0.000300000000,1.90546416,2.09782602,1.45053533,1.24026177,-0.000374326271,0.001891220000
2026-05-05,ETHUSDT,288,1440,3,2359.47000000,-0.00162521,-0.004140760425,5003316705.97039795,-0.000036290000,-0.000108870000,0.98217652,1.09231772,1.34774149,1.09687973,-0.000536254111,0.001053650000
2026-05-05,FILUSDT,288,1440,3,0.97400000,0.00966214,0.143737166324,38385736.19841073,0.000045870000,0.000137610000,1.62659985,3.18307448,1.39636106,1.61959835,-0.000275943521,0.001905550000
2026-05-05,INJUSDT,288,1440,3,3.76100000,-0.00894916,0.036426482319,13120712.84929997,-0.000017640000,-0.000052920000,1.47980601,1.67937288,1.25544056,1.28373647,-0.000512622451,0.003412680000
2026-05-05,LINKUSDT,288,1440,3,9.76300000,0.03373970,0.023558332480,92355643.10346764,0.000062313333,0.000186940000,2.09689456,1.95718492,1.67186777,1.28740122,-0.000448646069,0.002023490000
2026-05-05,LTCUSDT,288,1440,3,56.30000000,0.01687713,0.007460035524,70798541.19883429,0.000046203333,0.000138610000,2.40319190,3.78024934,1.75786884,1.21729337,-0.000462420076,0.001172320000
2026-05-05,NEARUSDT,288,1440,3,1.29500000,-0.00403416,0.149034749035,65576407.96801033,-0.000003916667,-0.000011750000,1.21390863,1.75556108,0.95106285,1.36174293,-0.000495061465,0.001824230000
2026-05-05,OPUSDT,288,1440,3,0.12850000,0.05209881,0.107392996109,17291682.25549238,0.000035176667,0.000105530000,1.49505856,1.68403928,1.20077401,1.34526392,-0.000371624201,0.002525540000
2026-05-05,SOLUSDT,288,1440,3,86.24000000,0.02074652,0.033163265306,839334465.21630991,0.000081346667,0.000244040000,2.51166689,2.19281871,2.34342241,1.22934630,-0.000386425868,0.000899750000
2026-05-05,UNIUSDT,288,1440,3,3.35600000,-0.01580143,0.034564958284,60477333.85447082,0.000035036667,0.000105110000,2.11706613,4.75073403,1.59408562,1.31004399,-0.000363262014,0.001180050000
2026-05-05,XRPUSDT,288,1440,3,1.41170000,0.00583145,0.008783735921,375600685.79297096,0.000036110000,0.000108330000,2.47442807,1.55968261,2.22635797,1.07056596,-0.000427625243,0.000962700000
2026-05-06,ADAUSDT,288,1440,3,0.26690000,0.14305847,-0.016485575122,108331525.80175428,0.000100000000,0.000300000000,2.37052849,1.70219618,2.16173850,1.18027795,-0.000237646139,0.001443100000
2026-05-06,APTUSDT,288,1440,3,1.02200000,0.03839620,0.004598825832,21226499.03855886,0.000096236667,0.000288710000,1.52403001,1.98127143,1.23293823,1.25395522,-0.000357857562,0.002189620000
2026-05-06,ARBUSDT,288,1440,3,0.12800000,0.05177212,-0.010937500000,32578935.78505735,0.000086976667,0.000260930000,1.19891179,1.40442937,0.92516161,1.41055841,-0.000271224722,0.002254880000
2026-05-06,AVAXUSDT,288,1440,3,9.60900000,0.05284312,-0.011551670309,86019962.26323979,0.000089800000,0.000269400000,2.29060058,1.67976066,1.92889264,1.33937626,-0.000353081056,0.001971910000
2026-05-06,BCHUSDT,288,1440,3,465.46000000,0.04525086,-0.033300391011,190164371.78575990,0.000038120000,0.000114360000,1.05352321,3.04848894,0.91899105,1.32242658,-0.000462256979,0.003671890000
2026-05-06,BNBUSDT,288,1440,3,648.12000000,0.04035442,-0.016679010060,375622040.73861700,0.000074326667,0.000222980000,2.08171294,1.41286457,2.19896552,1.18721260,0.000582450181,0.001316250000
2026-05-06,BTCUSDT,288,1440,3,81390.10000000,-0.01199806,-0.017455439912,9003064352.94065094,-0.000063530000,-0.000190590000,0.55215524,0.72482039,0.53920193,1.14659039,-0.000553994403,0.001039600000
2026-05-06,DOGEUSDT,288,1440,3,0.11239000,-0.05114299,-0.041017884153,377587404.39818048,0.000017296667,0.000051890000,2.36553028,2.45940799,2.12437349,1.22835088,-0.000517477472,0.002417010000
2026-05-06,DOTUSDT,288,1440,3,1.31700000,0.01102515,-0.005315110099,43876223.55954555,0.000100000000,0.000300000000,2.50160931,1.90812993,2.20447914,1.21287591,-0.000370077958,0.001680470000
2026-05-06,ETCUSDT,288,1440,3,9.38900000,0.04399426,-0.017680264139,23841258.18554534,0.000093166667,0.000279500000,2.12797259,2.22647076,1.56931687,1.18142832,-0.000409747285,0.002117490000
2026-05-06,ETHUSDT,288,1440,3,2349.70000000,0.02854973,-0.025445801592,5146160044.60612488,-0.000055340000,-0.000166020000,1.21913928,1.03808741,1.62943899,1.07945120,-0.000569201569,0.001742680000
2026-05-06,FILUSDT,288,1440,3,1.11400000,0.54042414,-0.014362657092,59130314.55184333,-0.000046400000,-0.000139200000,2.15489683,2.75004594,1.97778652,1.09535413,-0.000554851965,0.004358400000
2026-05-06,INJUSDT,288,1440,3,3.89800000,0.04024949,-0.014879425346,13648814.84833818,0.000043746667,0.000131240000,1.61970213,1.73224611,1.34944149,1.18494693,-0.000509027215,0.002890980000
2026-05-06,LINKUSDT,288,1440,3,9.99300000,0.05783254,-0.014710297208,97696804.16646047,0.000100000000,0.000300000000,2.24908901,2.02136753,1.84018045,1.26433685,-0.000264378986,0.001698090000
2026-05-06,LTCUSDT,288,1440,3,56.72000000,0.02364803,-0.005465444288,72472786.90438090,0.000066683333,0.000200050000,2.50021417,3.68152991,1.83641285,1.32730295,-0.000427537111,0.001213900000
2026-05-06,NEARUSDT,288,1440,3,1.48800000,0.06977594,-0.012096774194,70152063.55193728,0.000092993333,0.000278980000,1.16745537,1.88387395,0.95436677,1.22923076,-0.000459922257,0.003246100000
2026-05-06,OPUSDT,288,1440,3,0.14230000,0.05455081,0.039353478566,18234957.44331431,0.000094133333,0.000282400000,1.96893094,1.64976552,1.62859908,1.20450970,-0.000284210993,0.003290320000
2026-05-06,SOLUSDT,288,1440,3,89.10000000,0.09606107,-0.007856341190,919961831.61874652,0.000085590000,0.000256770000,1.96071336,2.02696019,1.78890354,1.19603523,-0.000385684278,0.001240230000
2026-05-06,UNIUSDT,288,1440,3,3.47200000,0.04801600,-0.011520737327,63381213.71623755,0.000079003333,0.000237010000,2.31232420,5.01448016,1.77346721,1.15811795,-0.000404664125,0.001362880000
2026-05-06,XRPUSDT,288,1440,3,1.42410000,0.02499893,-0.026823958992,384990301.85778755,0.000037160000,0.000111480000,2.49251278,1.70678459,2.22474726,1.21401441,-0.000488663486,0.001178140000
2026-05-07,ADAUSDT,288,1440,3,0.26250000,-0.02399436,0.041523809524,105732180.26755251,0.000100000000,0.000300000000,2.44811799,1.78648322,2.19159645,1.11335786,-0.000324706667,0.001474710000
2026-05-07,APTUSDT,288,1440,3,1.02670000,0.01425493,0.100029219831,21529081.23299647,0.000066510000,0.000199530000,1.71067472,2.25025974,1.39492514,1.14725250,-0.000430583271,0.002096740000
2026-05-07,ARBUSDT,288,1440,3,0.12660000,0.05164642,0.125592417062,34261521.23169692,0.000100000000,0.000300000000,1.34453505,1.42612729,1.03451004,1.15692003,-0.000333627076,0.002155980000
2026-05-07,AVAXUSDT,288,1440,3,9.49800000,-0.01712383,0.042640555907,84546971.28604807,0.000052726667,0.000158180000,2.54903004,1.72006445,2.18591585,1.32685017,-0.000480576097,0.001736250000
2026-05-07,BCHUSDT,288,1440,3,449.96000000,-0.05322076,0.000444483954,180043680.25065356,0.000011810000,0.000035430000,1.29170560,3.05073706,1.12995630,0.94057040,-0.000509337347,0.001342690000
2026-05-07,BNBUSDT,288,1440,3,637.31000000,0.01122245,0.019566615933,379837440.41445005,0.000067890000,0.000203670000,2.26272271,1.45288803,2.33566066,1.17528005,0.000554603778,0.001004560000
2026-05-07,BTCUSDT,288,1440,3,79969.40000000,-0.05491264,0.002323388696,8508682330.25732327,-0.000044793333,-0.000134380000,0.68152658,0.69796568,0.66546001,1.09441888,-0.000554568715,0.001071550000
2026-05-07,DOGEUSDT,288,1440,3,0.10778000,-0.21138133,0.015680089070,297772476.93814003,-0.000019133333,-0.000057400000,2.54700074,2.24381525,2.23085883,1.02167033,-0.000530042451,0.001974600000
2026-05-07,DOTUSDT,288,1440,3,1.31000000,-0.02738860,0.048854961832,42674515.36079553,0.000064360000,0.000193080000,2.75356920,1.95705352,2.42252996,1.15166794,-0.000421786215,0.001850100000
2026-05-07,ETCUSDT,288,1440,3,9.22300000,-0.00888454,0.059741949474,23629439.48244574,0.000092786667,0.000278360000,2.17455771,2.30724692,1.60294280,1.31991672,-0.000339864403,0.001849130000
2026-05-07,ETHUSDT,288,1440,3,2289.91000000,0.03491309,0.007100715749,5325828412.78795052,-0.000076323333,-0.000228970000,1.87526658,1.01135317,2.30225697,1.09547393,-0.000566887486,0.001372720000
2026-05-07,FILUSDT,288,1440,3,1.09800000,-0.01556548,0.170309653916,58209922.67392271,0.000014123333,0.000042370000,2.35222653,3.03325902,2.14170729,1.07685058,-0.000344711007,0.002568960000
2026-05-07,INJUSDT,288,1440,3,3.84000000,-0.03526862,0.101041666667,13167439.95314890,-0.000010536667,-0.000031610000,1.86416045,1.80938553,1.49511804,1.16911785,-0.000531140826,0.003600450000
2026-05-07,LINKUSDT,288,1440,3,9.84600000,0.00083201,0.050172658948,97778089.03535740,0.000100000000,0.000300000000,2.33008607,2.21355673,1.87640853,1.22947705,-0.000307445049,0.001361180000
2026-05-07,LTCUSDT,288,1440,3,56.41000000,-0.00363274,0.033150150683,72209511.76800947,0.000056046667,0.000168140000,2.78387854,3.79041348,2.06624610,1.21515022,-0.000434139333,0.001188260000
2026-05-07,NEARUSDT,288,1440,3,1.47000000,-0.00098672,0.085714285714,70082843.39819203,0.000088626667,0.000265880000,1.60162355,2.13295833,1.42674901,1.21037345,-0.000367722535,0.001904270000
2026-05-07,OPUSDT,288,1440,3,0.14790000,0.13136295,0.161595672752,20630355.27930357,0.000007493333,0.000022480000,2.34353778,1.77959360,2.06270577,1.04206626,-0.000322061917,0.005295960000
2026-05-07,SOLUSDT,288,1440,3,88.40000000,0.02951816,0.040384615385,947117408.60193288,0.000037556667,0.000112670000,1.99800063,2.04567553,1.77212625,1.21536286,-0.000459368042,0.001168540000
2026-05-07,UNIUSDT,288,1440,3,3.43200000,-0.02552032,0.080710955711,61763705.07138951,0.000053770000,0.000161310000,2.46959278,5.11358147,1.88773133,1.19442123,-0.000463681972,0.001495830000
2026-05-07,XRPUSDT,288,1440,3,1.38590000,-0.02721934,0.022945378454,374511118.60716438,-0.000036543333,-0.000109630000,2.68926315,1.87748914,2.38716618,1.15244909,-0.000526138153,0.001294640000
2026-05-08,ADAUSDT,288,1440,3,0.27340000,-0.00864404,-0.009875640088,104818226.78465337,0.000080530000,0.000241590000,2.46110126,1.82826884,2.22054662,1.16813311,-0.000353758507,0.002269790000
2026-05-08,APTUSDT,288,1440,3,1.12940000,0.05638846,-0.023463786081,22743072.89674286,0.000088476667,0.000265430000,1.97086721,2.31424706,1.65100445,1.11586249,-0.000385350556,0.002269000000
2026-05-08,ARBUSDT,288,1440,3,0.14250000,0.08408422,-0.001403508772,37142374.62210403,0.000062966667,0.000188900000,1.52669222,1.43314296,1.23601648,1.15261898,-0.000416906667,0.003197280000
2026-05-08,AVAXUSDT,288,1440,3,9.90300000,0.00958873,0.005452893063,85357669.15087153,0.000084986667,0.000254960000,2.43139382,1.75541894,2.06680059,1.18057543,-0.000258016639,0.001604090000
2026-05-08,BCHUSDT,288,1440,3,450.16000000,-0.04572578,-0.001466145371,171811041.94175318,-0.000021670000,-0.000065010000,1.40785292,3.14191974,1.14996526,0.95632842,-0.000559461236,0.002411750000
2026-05-08,BNBUSDT,288,1440,3,649.78000000,-0.04878567,0.000461694727,361306817.64831442,0.000002970000,0.000008910000,2.33691698,1.30582630,2.43162054,1.16588506,0.000432593486,0.000977520000
2026-05-08,BTCUSDT,288,1440,3,80155.20000000,-0.03739586,0.005973411582,8190492862.14373016,-0.000021776667,-0.000065330000,0.76733243,0.69805319,0.77082834,1.18061560,-0.000495836681,0.001024800000
2026-05-08,DOGEUSDT,288,1440,3,0.10947000,-0.13436716,-0.007125239792,257761634.03270465,-0.000009040000,-0.000027120000,2.77077176,2.22215755,2.35138730,1.13195294,-0.000484984611,0.001227590000
2026-05-08,DOTUSDT,288,1440,3,1.37400000,0.00316590,-0.021106259098,42809618.71743622,0.000080420000,0.000241260000,2.73407651,1.97561265,2.38528397,1.16058091,-0.000399259764,0.001794410000
2026-05-08,ETCUSDT,288,1440,3,9.77400000,0.05980509,-0.019643953346,25042600.14902060,0.000071306667,0.000213920000,2.04227735,2.15643382,1.50706205,1.13633891,-0.000344949368,0.001707330000
2026-05-08,ETHUSDT,288,1440,3,2306.17000000,-0.01717171,0.008260449143,5234374827.66966152,-0.000023916667,-0.000071750000,2.12534032,0.99661451,2.58377507,1.13884291,-0.000502719590,0.001142630000
2026-05-08,FILUSDT,288,1440,3,1.28500000,0.08019547,-0.066926070039,62878094.97223745,0.000070820000,0.000212460000,2.48741115,3.33848555,2.28190835,1.03855148,-0.000394449000,0.003048530000
2026-05-08,INJUSDT,288,1440,3,4.22800000,0.04989703,-0.005439924314,13824456.05592632,-0.000000590000,-0.000001770000,2.08796394,1.61625421,1.67079407,1.30739324,-0.000554126875,0.002918120000
2026-05-08,LINKUSDT,288,1440,3,10.34000000,0.02814385,0.002707930368,100529941.37308578,0.000100000000,0.000300000000,2.31566439,2.24574958,1.90588865,1.09941610,-0.000373731910,0.001341680000
2026-05-08,LTCUSDT,288,1440,3,58.28000000,0.02175961,-0.005319148936,73780762.71890381,0.000034936667,0.000104810000,2.11287765,3.60265056,1.78336961,1.21150641,-0.000422526063,0.001091300000
2026-05-08,NEARUSDT,288,1440,3,1.59600000,-0.00221557,-0.018796992481,69927569.63004948,0.000025663333,0.000076990000,1.92297677,2.18233037,1.78992127,1.27266923,-0.000529945431,0.002335090000
2026-05-08,OPUSDT,288,1440,3,0.17180000,0.09919873,-0.050058207218,22676860.37341617,0.000098066667,0.000294200000,2.44834411,1.75220464,2.14383989,1.05878713,-0.000374939986,0.004236940000
2026-05-08,SOLUSDT,288,1440,3,91.97000000,0.03120037,0.011960421877,976667826.48203051,0.000061503333,0.000184510000,1.87459021,1.97051055,1.71904526,1.12841453,-0.000403706965,0.000951380000
2026-05-08,UNIUSDT,288,1440,3,3.70900000,0.03894720,0.026422216231,64169228.14948119,0.000069183333,0.000207550000,2.43759431,5.14279046,1.86780681,1.25595846,-0.000403896604,0.003333370000
2026-05-08,XRPUSDT,288,1440,3,1.41770000,0.00285385,0.001410735699,375579918.83854181,-0.000023416667,-0.000070250000,2.67843692,1.88494824,2.43401981,1.12866345,-0.000501112597,0.001016070000
2026-05-09,ADAUSDT,288,1440,3,0.27070000,0.07967682,0.042482452900,113169809.75378762,0.000085416667,0.000256250000,2.48042168,1.94842426,2.18036387,1.18197599,-0.000384699715,0.001115630000
2026-05-09,APTUSDT,288,1440,3,1.10290000,0.08332245,0.045516365944,24638081.46863366,0.000100000000,0.000300000000,2.34148813,2.28924311,2.05545180,1.22789964,-0.000324514014,0.001921740000
2026-05-09,ARBUSDT,288,1440,3,0.14230000,0.04773109,0.011243851019,38915220.67204207,0.000039283333,0.000117850000,1.77848253,1.46132602,1.48386024,1.27562498,-0.000376430111,0.002258640000
2026-05-09,AVAXUSDT,288,1440,3,9.95700000,0.07380495,0.026614442101,91657488.05770351,0.000062006667,0.000186020000,2.87121223,1.86212569,2.47913050,1.16804668,-0.000471306778,0.001388340000
2026-05-09,BCHUSDT,288,1440,3,449.50000000,-0.01413082,0.032480533927,169383210.42158338,-0.000104763333,-0.000314290000,1.45223439,2.99986083,1.17700463,1.01892164,-0.000599011299,0.001138180000
2026-05-09,BNBUSDT,288,1440,3,650.08000000,0.00202691,0.021612724588,362039155.27881354,0.000067733333,0.000203200000,2.00636588,1.29893231,2.12092365,1.15349483,0.000573382979,0.001058890000
2026-05-09,BTCUSDT,288,1440,3,80634.00000000,-0.01059147,0.019144529603,8103743517.33310699,0.000005646667,0.000016940000,0.75448901,0.70060006,0.76629565,1.26908734,-0.000500581743,0.000784530000
2026-05-09,DOGEUSDT,288,1440,3,0.10869000,-0.01352666,0.034317784525,254274979.03207994,0.000045370000,0.000136110000,2.59187732,2.14534867,2.16549701,1.12813352,-0.000474982750,0.000936260000
2026-05-09,DOTUSDT,288,1440,3,1.34500000,0.01412942,0.026765799257,43414493.64910576,0.000075376667,0.000226130000,2.85747269,2.01029118,2.44568285,1.60740411,-0.000437674160,0.001553890000
2026-05-09,ETCUSDT,288,1440,3,9.58200000,0.02919958,0.040492590273,25773833.55030522,0.000100000000,0.000300000000,2.06535714,2.23596240,1.47374666,1.24978635,-0.000386542299,0.001774330000
2026-05-09,ETHUSDT,288,1440,3,2325.22000000,-0.01425549,0.019348706789,5159756238.57114601,0.000064243333,0.000192730000,1.86296760,1.02951816,2.30142615,1.22507594,-0.000413963535,0.000964050000
2026-05-09,FILUSDT,288,1440,3,1.19900000,0.09149186,-0.044203502919,68630928.77195308,0.000039220000,0.000117660000,2.61255957,3.07701748,2.36924387,1.13483260,-0.000441554889,0.004019330000
2026-05-09,INJUSDT,288,1440,3,4.20500000,0.03761863,0.017835909631,14344513.14312922,0.000036903333,0.000110710000,2.27988116,1.49364595,1.89457174,1.17274953,-0.000422258639,0.001855780000
2026-05-09,LINKUSDT,288,1440,3,10.36800000,0.05550290,0.033564814815,106109644.78710902,0.000081373333,0.000244120000,2.49803988,2.05518348,2.06629425,1.10737852,-0.000430636639,0.001311600000
2026-05-09,LTCUSDT,288,1440,3,57.97000000,0.04737478,0.041573227531,77276110.27603674,0.000067996667,0.000203990000,1.94719600,3.40514251,1.72015851,1.30901909,-0.000470786118,0.001026410000
2026-05-09,NEARUSDT,288,1440,3,1.56600000,-0.00663384,-0.001915708812,69463681.04762155,0.000006830000,0.000020490000,1.92572424,2.33037193,1.81487755,1.44820047,-0.000453798000,0.002160840000
2026-05-09,OPUSDT,288,1440,3,0.16320000,0.04259076,0.000000000000,23642684.98599470,0.000077483333,0.000232450000,2.29379702,2.05276470,1.94583051,1.16341663,-0.000301183340,0.002527780000
2026-05-09,SOLUSDT,288,1440,3,93.07000000,0.13826195,0.035994412808,1111703823.97143245,0.000052760000,0.000158280000,1.53231297,1.84824631,1.38630303,1.09377762,-0.000497029771,0.000973470000
2026-05-09,UNIUSDT,288,1440,3,3.80700000,0.08449103,0.048332019963,69590952.53227028,0.000056026667,0.000168080000,2.31911459,4.84186873,1.79679896,1.32154708,-0.000454994951,0.001622050000
2026-05-09,XRPUSDT,288,1440,3,1.41970000,0.01270244,0.037261393252,380350700.77737641,0.000080653333,0.000241960000,2.73403528,1.87134018,2.38671644,1.24223360,-0.000435179576,0.000799240000
2026-05-10,ADAUSDT,288,1440,3,0.28220000,0.00310616,-0.007441530829,113521333.17559306,0.000014930000,0.000044790000,2.49502462,1.94003399,2.24783886,1.24631972,-0.000399685076,0.002738660000
2026-05-10,APTUSDT,288,1440,3,1.15310000,0.00150983,-0.021507241349,24675280.69045977,0.000026196667,0.000078590000,2.39843408,2.41200044,2.16046771,1.15367883,-0.000506325917,0.005744830000
2026-05-10,ARBUSDT,288,1440,3,0.14390000,-0.03841401,-0.020847810980,37420330.88209572,0.000083820000,0.000251460000,1.76226355,1.58751145,1.47570904,1.21475436,-0.000412599201,0.002450100000
2026-05-10,AVAXUSDT,288,1440,3,10.22200000,0.01903042,-0.009195852084,93401768.33192717,0.000014560000,0.000043680000,3.04809211,1.84502100,2.64850707,1.11736036,-0.000396330764,0.001407440000
2026-05-10,BCHUSDT,288,1440,3,464.10000000,-0.00039189,-0.030618401207,169316831.28396887,-0.000032030000,-0.000096090000,1.32748535,2.86774585,1.11839822,1.23323242,-0.000449484181,0.001157060000
2026-05-10,BNBUSDT,288,1440,3,664.13000000,0.00268981,0.010314245705,363012971.69900054,0.000035233333,0.000105700000,1.90936189,1.32668768,2.06680044,1.25160580,0.000564673799,0.001359890000
2026-05-10,BTCUSDT,288,1440,3,82177.70000000,-0.00326292,-0.005823964409,8077301648.36241245,0.000034933333,0.000104800000,0.71074913,0.72875601,0.71649960,1.21793178,-0.000443146493,0.000884650000
2026-05-10,DOGEUSDT,288,1440,3,0.11242000,0.01082096,-0.010229496531,257026477.17290166,-0.000013836667,-0.000041510000,2.53939864,2.02769703,2.13467720,1.16760556,-0.000461552299,0.002787770000
2026-05-10,DOTUSDT,288,1440,3,1.38100000,-0.02352162,-0.013758146271,42393314.56921691,0.000004456667,0.000013370000,2.84560487,2.11904022,2.47055800,1.28426290,-0.000432822118,0.001792910000
2026-05-10,ETCUSDT,288,1440,3,9.97000000,0.02809669,-0.020160481444,26497992.94863639,0.000004736667,0.000014210000,1.96455636,2.18073000,1.47177784,1.13674393,-0.000279659146,0.001947310000
2026-05-10,ETHUSDT,288,1440,3,2370.21000000,-0.02669433,-0.013332152003,5022019977.32533455,0.000083273333,0.000249820000,1.65528327,1.16763019,2.06591505,1.20793107,-0.000417011535,0.000992420000
2026-05-10,FILUSDT,288,1440,3,1.14600000,-0.08717343,-0.017452006981,62648135.59038509,0.000071530000,0.000214590000,2.59198248,3.07702548,2.33180237,1.21881334,-0.000431601076,0.001975410000
2026-05-10,INJUSDT,288,1440,3,4.28000000,-0.03017720,0.077570093458,13911635.90336539,0.000042653333,0.000127960000,2.17845158,1.64760304,1.74703897,1.43203845,-0.000488227764,0.002513290000
2026-05-10,LINKUSDT,288,1440,3,10.71600000,0.00220611,-0.011664800299,106343734.34607287,0.000058010000,0.000174030000,2.54095836,2.23549046,2.13990366,1.14646788,-0.000364532549,0.001259850000
2026-05-10,LTCUSDT,288,1440,3,60.38000000,0.01421837,-0.031632991057,78374850.97859538,0.000036220000,0.000108660000,2.42718589,3.25645677,2.11347261,1.40870185,-0.000425298840,0.001430410000
2026-05-10,NEARUSDT,288,1440,3,1.56300000,-0.03895735,-0.010236724248,66757559.96754982,0.000044210000,0.000132630000,1.97487081,2.53179732,1.84705848,1.42628607,-0.000472293819,0.002027260000
2026-05-10,OPUSDT,288,1440,3,0.16320000,-0.04948624,-0.039215686275,22472697.36611193,0.000065360000,0.000196080000,2.19432643,2.10538624,1.86527232,1.25626250,-0.000431692840,0.002360080000
2026-05-10,SOLUSDT,288,1440,3,96.42000000,0.00693562,0.009230450114,1119414173.72556257,-0.000014593333,-0.000043780000,1.50124677,1.79313689,1.37121619,1.18178037,-0.000466524486,0.001193910000
2026-05-10,UNIUSDT,288,1440,3,3.99100000,0.17511494,-0.024555249311,81777367.98626848,0.000075840000,0.000227520000,2.22392056,4.60632489,1.83113509,1.17400649,-0.000389128479,0.002056710000
2026-05-10,XRPUSDT,288,1440,3,1.47260000,0.06955807,0.002852098329,406807162.08986700,0.000038976667,0.000116930000,2.77490087,1.98415627,2.41625988,1.25254311,-0.000405836451,0.001140810000
2026-05-11,ADAUSDT,288,1440,3,0.28010000,0.01168218,-0.032845412353,114847509.47562914,0.000046656667,0.000139970000,2.61402012,1.86936618,2.36588623,1.14993565,-0.000457139292,0.002016930000
2026-05-11,APTUSDT,288,1440,3,1.12830000,0.00503371,-0.041832845874,24799488.77975070,0.000038186667,0.000114560000,2.29416069,2.25249320,2.07163648,1.21975558,-0.000460420993,0.002355790000
2026-05-11,ARBUSDT,288,1440,3,0.14090000,-0.03033336,-0.033356990774,36285246.34676900,0.000048953333,0.000146860000,1.76386622,1.67824682,1.42904826,1.21080740,-0.000489096833,0.002187210000
2026-05-11,AVAXUSDT,288,1440,3,10.12800000,0.01257389,-0.029423380727,94576191.83008973,0.000026803333,0.000080410000,3.16778581,1.88817008,2.75792966,1.12172157,-0.000472952354,0.001705590000
2026-05-11,BCHUSDT,288,1440,3,449.89000000,-0.04023123,-0.023383493743,162505006.97798100,-0.000040420000,-0.000121260000,1.36684777,2.95854428,1.13853747,0.80928291,-0.000603287847,0.001588300000
2026-05-11,BNBUSDT,288,1440,3,670.98000000,0.04022719,-0.008569554979,377615963.78602427,0.000033526667,0.000100580000,1.85572902,1.38257521,2.03614408,1.17584214,0.000511518771,0.001627520000
2026-05-11,BTCUSDT,288,1440,3,81699.10000000,-0.01419059,-0.015154389706,7962679996.13652992,0.000043150000,0.000129450000,0.71173904,0.75034749,0.69172564,1.10980754,-0.000482756806,0.000921010000
2026-05-11,DOGEUSDT,288,1440,3,0.11127000,0.21283781,-0.010335220634,311731430.14436841,0.000099296667,0.000297890000,2.38788944,2.60040719,2.00635481,1.20013459,-0.000282068715,0.002710830000
2026-05-11,DOTUSDT,288,1440,3,1.36200000,-0.03315937,-0.020558002937,40987579.01599937,0.000060283333,0.000180850000,2.91352120,2.10772698,2.51789634,1.29077619,-0.000447592174,0.001746760000
2026-05-11,ETCUSDT,288,1440,3,9.76900000,-0.03586631,-0.039000921282,25547607.64714768,0.000067316667,0.000201950000,2.11404907,2.22761681,1.61296094,1.10879972,-0.000402890625,0.002090160000
2026-05-11,ETHUSDT,288,1440,3,2338.61000000,-0.03896956,-0.027790012016,4826314057.69161510,0.000042710000,0.000128130000,1.74874097,1.23530084,2.12104827,1.08236664,-0.000464824076,0.001003540000
2026-05-11,FILUSDT,288,1440,3,1.12600000,-0.09186423,-0.031083481350,56893012.70763183,0.000051500000,0.000154500000,2.31253650,3.26355611,2.00051665,1.14868697,-0.000343121479,0.001615030000
2026-05-11,INJUSDT,288,1440,3,4.61200000,0.06874735,0.037727666956,14868024.02896276,-0.000103533333,-0.000310600000,2.17506093,1.49277230,1.83981651,1.16975532,-0.000574443917,0.002663290000
2026-05-11,LINKUSDT,288,1440,3,10.59100000,0.00253566,-0.028986875649,106613386.07918598,0.000100000000,0.000300000000,2.51437114,2.28503051,2.07906931,1.08734603,-0.000350969368,0.001447270000
2026-05-11,LTCUSDT,288,1440,3,58.47000000,0.00178677,-0.006499059347,78514889.16518342,0.000058106667,0.000174320000,2.55805600,3.19231199,2.19499961,1.26729832,-0.000450078007,0.001512960000
2026-05-11,NEARUSDT,288,1440,3,1.54700000,-0.08103974,0.038784744667,61347544.92700833,0.000011666667,0.000035000000,1.88008492,2.43878398,1.69392928,1.14658511,-0.000520042076,0.002299170000
2026-05-11,OPUSDT,288,1440,3,0.15680000,-0.04850534,-0.030612244898,21382651.45856437,0.000074270000,0.000222810000,2.15434637,2.22250430,1.73676045,1.26678465,-0.000300116771,0.001681780000
2026-05-11,SOLUSDT,288,1440,3,97.31000000,0.00503592,-0.031445894564,1125051449.59378242,0.000063246667,0.000189740000,1.45874631,1.79339702,1.30812503,1.06604180,-0.000444674417,0.000983980000
2026-05-11,UNIUSDT,288,1440,3,3.89300000,-0.04018363,-0.033393269972,78491256.78836283,0.000072686667,0.000218060000,2.27022806,4.23762430,1.85778263,1.15895717,-0.000431051590,0.001908070000
2026-05-11,XRPUSDT,288,1440,3,1.47680000,0.05426815,-0.027424160347,428883834.40053171,0.000042746667,0.000128240000,2.88799229,2.10034249,2.49278351,1.09410893,-0.000463229319,0.001141540000
2026-05-12,ADAUSDT,288,1440,3,0.27090000,-0.03769301,-0.023255813953,110518560.81034786,0.000023930000,0.000071790000,2.73315954,1.85459306,2.41549311,1.23739953,-0.000473758771,0.001618830000
2026-05-12,APTUSDT,288,1440,3,1.08110000,-0.11062261,-0.033946905929,22056104.52804790,0.000050186667,0.000150560000,2.25387432,2.03152883,1.91559153,1.21652394,-0.000519242653,0.001777260000
2026-05-12,ARBUSDT,288,1440,3,0.13620000,-0.04342838,-0.031571218796,34709437.05222306,0.000039560000,0.000118680000,1.71167947,1.64328705,1.34275993,1.23289136,-0.000394591701,0.002163230000
2026-05-12,AVAXUSDT,288,1440,3,9.83000000,-0.05758198,-0.008138351984,89130307.62898205,0.000018526667,0.000055580000,3.08274310,1.82789325,2.61714140,1.12112239,-0.000485125667,0.002088350000
2026-05-12,BCHUSDT,288,1440,3,439.37000000,-0.03605455,-0.012677242415,156645961.74601239,-0.000105623333,-0.000316870000,1.49413609,2.87541102,1.32159781,1.24401227,-0.000602752326,0.001379670000
2026-05-12,BNBUSDT,288,1440,3,665.23000000,0.07163084,0.010026607339,404664910.59512055,0.000074380000,0.000223140000,1.91691316,1.44280554,2.08666840,1.16234053,0.000599143951,0.001393390000
2026-05-12,BTCUSDT,288,1440,3,80461.00000000,0.04509881,-0.014574762929,8321787423.53457260,0.000031946667,0.000095840000,0.72212850,0.82732278,0.70422702,1.13049273,-0.000451370896,0.001359350000
2026-05-12,DOGEUSDT,288,1440,3,0.11012000,0.07387893,0.022611696331,334761815.14783126,0.000087863333,0.000263590000,2.35929326,2.88155604,2.01467996,1.03358769,-0.000359621250,0.001260400000
2026-05-12,DOTUSDT,288,1440,3,1.33400000,-0.04756118,-0.004497751124,39038161.51424997,-0.000002973333,-0.000008920000,2.76420127,2.06254305,2.38485412,1.20236671,-0.000512630389,0.002134930000
2026-05-12,ETCUSDT,288,1440,3,9.38800000,-0.06146656,-0.015125692373,23977284.04751022,0.000070243333,0.000210730000,2.14933571,2.08287500,1.62128099,1.17145136,-0.000434394715,0.001917480000
2026-05-12,ETHUSDT,288,1440,3,2273.62000000,0.03623383,-0.007072421953,5001189877.13501072,0.000028700000,0.000086100000,2.38543757,1.29567807,2.72564873,1.00482307,-0.000467212403,0.001481570000
2026-05-12,FILUSDT,288,1440,3,1.09100000,-0.07177797,-0.040329972502,52809347.83096239,0.000042446667,0.000127340000,2.28561401,3.06945041,1.94627285,1.25813437,-0.000368067861,0.002516070000
2026-05-12,INJUSDT,288,1440,3,4.78600000,0.19427905,0.073756790639,17756569.62016770,-0.000255170000,-0.000765510000,2.11504589,1.34682737,1.99645807,1.10002199,-0.000670438458,0.007969720000
2026-05-12,LINKUSDT,288,1440,3,10.28400000,-0.02697046,-0.006903928433,103737974.52164131,0.000049703333,0.000149110000,2.42474249,2.39266064,1.96782879,1.06031385,-0.000419066201,0.001821060000
2026-05-12,LTCUSDT,288,1440,3,58.09000000,-0.01620193,-0.019452573593,77242796.35341193,0.000006306667,0.000018920000,2.62086647,3.03908466,2.31474730,1.46866914,-0.000476947340,0.001334190000
2026-05-12,NEARUSDT,288,1440,3,1.60700000,0.02299609,-0.019912881145,62758298.59471548,-0.000080586667,-0.000241760000,1.89188759,2.11308880,1.73114652,1.26691159,-0.000609670896,0.003259630000
2026-05-12,OPUSDT,288,1440,3,0.15200000,-0.01062930,-0.040131578947,21155368.74638485,0.000100000000,0.000300000000,1.99696600,2.27290721,1.56365406,1.30348473,-0.000408792160,0.001752640000
2026-05-12,SOLUSDT,288,1440,3,94.25000000,-0.00488953,-0.033315649867,1119550474.40383625,0.000018616667,0.000055850000,1.53560172,1.77249993,1.39752241,1.10854372,-0.000443062937,0.001546710000
2026-05-12,UNIUSDT,288,1440,3,3.76300000,-0.05242735,-0.037735849057,74376168.19601490,0.000054970000,0.000164910000,2.36673041,4.54573863,1.88265371,1.23828026,-0.000423195965,0.001767000000
2026-05-12,XRPUSDT,288,1440,3,1.43630000,-0.00158974,-0.006962333774,428202022.20621264,0.000009470000,0.000028410000,3.20743250,1.99125716,2.76317089,1.16474316,-0.000486629854,0.001368130000
2026-05-13,ADAUSDT,288,1440,3,0.26460000,-0.05672850,0.021919879063,104249008.52248146,-0.000025226667,-0.000075680000,2.84067694,1.70185665,2.49485924,1.23586795,-0.000508307785,0.001534560000
2026-05-13,APTUSDT,288,1440,3,1.04440000,-0.06419408,0.007181156645,20640233.21039753,-0.000089206667,-0.000267620000,2.05793046,1.89752877,1.68633749,1.25720541,-0.000549477007,0.002475490000
2026-05-13,ARBUSDT,288,1440,3,0.13190000,-0.00396785,-0.004548900682,34571715.32299478,0.000005673333,0.000017020000,1.70852657,1.66665095,1.34544454,1.36497828,-0.000485092243,0.002251920000
2026-05-13,AVAXUSDT,288,1440,3,9.75000000,-0.02646735,0.015487179487,86771264.31405716,-0.000031040000,-0.000093120000,2.93103822,1.77766153,2.47813331,1.28816913,-0.000498231382,0.001606380000
2026-05-13,BCHUSDT,288,1440,3,433.80000000,-0.01418806,0.001913324112,154423459.66355008,-0.000130610000,-0.000391830000,1.58985165,2.76155928,1.39541318,1.16682008,-0.000631157167,0.001852170000
2026-05-13,BNBUSDT,288,1440,3,671.90000000,0.10493002,0.010209852657,447126405.91126156,0.000065353333,0.000196060000,1.74928107,1.48631502,1.90973394,1.14741482,0.000473658583,0.001538080000
2026-05-13,BTCUSDT,288,1440,3,79288.30000000,0.01183469,0.022205041601,8420273222.84399605,0.000041843333,0.000125530000,0.82674444,0.89599007,0.83410298,1.12526651,-0.000466738326,0.000846120000
2026-05-13,DOGEUSDT,288,1440,3,0.11261000,0.07763614,0.024775774798,360751430.99962813,0.000100000000,0.000300000000,2.14177823,2.96660418,1.87525035,1.11262406,-0.000331958340,0.001308830000
2026-05-13,DOTUSDT,288,1440,3,1.32800000,0.01894774,0.026355421687,39777846.51082160,-0.000013406667,-0.000040220000,2.76474464,2.06927997,2.39189631,1.27650567,-0.000433831910,0.001840930000
2026-05-13,ETCUSDT,288,1440,3,9.24600000,-0.02587815,0.023902227990,23356796.26994161,0.000059506667,0.000178520000,2.04748655,2.12225592,1.55462486,1.24117766,-0.000425377861,0.002218780000
2026-05-13,ETHUSDT,288,1440,3,2257.54000000,0.00790357,0.010861380086,5040717112.37460041,0.000023046667,0.000069140000,2.47357113,1.25533070,2.85246338,1.03792498,-0.000451098812,0.001135410000
2026-05-13,FILUSDT,288,1440,3,1.04700000,-0.03117378,0.006685768863,51163080.79781808,0.000017410000,0.000052230000,2.24158172,3.16774671,1.85859511,1.47169870,-0.000452381153,0.001789170000
2026-05-13,INJUSDT,288,1440,3,5.13900000,0.38495137,0.002918855809,24591985.51050752,-0.000835853333,-0.002507560000,1.75742169,1.24476745,1.70339611,1.08850458,-0.001475570806,0.009785140000
2026-05-13,LINKUSDT,288,1440,3,10.21300000,-0.00221474,0.026143150886,103508221.77610236,0.000046560000,0.000139680000,2.39937803,2.54056233,1.99631436,1.12691287,-0.000454144285,0.002010420000
2026-05-13,LTCUSDT,288,1440,3,56.96000000,-0.02734395,0.021594101124,75130673.01107347,0.000029976667,0.000089930000,2.97857337,3.15590632,2.49391780,1.16642644,-0.000469282597,0.001558010000
2026-05-13,NEARUSDT,288,1440,3,1.57500000,0.08463213,-0.001904761905,68069667.14299724,-0.000066376667,-0.000199130000,2.11150422,1.85828174,2.05833203,1.22612205,-0.000454708347,0.003968820000
2026-05-13,OPUSDT,288,1440,3,0.14590000,-0.02720729,-0.007539410555,20579788.39219238,-0.000018986667,-0.000056960000,2.06826416,2.36827245,1.61148934,1.45996798,-0.000452925813,0.001946790000
2026-05-13,SOLUSDT,288,1440,3,91.11000000,-0.07163131,0.010975743607,1039355606.34347141,-0.000012053333,-0.000036160000,1.90973628,1.64430009,1.79034936,1.04379627,-0.000578332139,0.007284820000
2026-05-13,UNIUSDT,288,1440,3,3.62100000,-0.01935463,0.030102181718,72936644.71546087,0.000036000000,0.000108000000,2.40547887,4.94207084,1.87430050,1.31042360,-0.000491758438,0.001330040000
2026-05-13,XRPUSDT,288,1440,3,1.42630000,-0.00419982,0.040874991236,426403652.56770444,0.000018210000,0.000054630000,3.17252146,1.81580327,2.84057701,1.11204074,-0.000484351750,0.001140520000
2026-05-14,ADAUSDT,288,1440,3,0.27040000,-0.02456153,-0.033653846154,101688493.79451910,0.000039570000,0.000118710000,2.74876982,1.77119325,2.41572381,1.16470972,-0.000422983306,0.001372050000
2026-05-14,APTUSDT,288,1440,3,1.05190000,-0.00799050,-0.061222549672,20475307.42847095,-0.000009016667,-0.000027050000,1.74915749,1.78317145,1.43512885,1.28910912,-0.000513698076,0.002149230000
2026-05-14,ARBUSDT,288,1440,3,0.13130000,-0.04727875,-0.050266565118,32937207.82610421,-0.000019473333,-0.000058420000,1.60173975,1.62675960,1.25207342,1.52291493,-0.000500110799,0.002186300000
2026-05-14,AVAXUSDT,288,1440,3,9.90100000,-0.03388691,-0.037268962731,83830854.30792135,0.000011733333,0.000035200000,2.88930016,1.87238677,2.49903162,1.18477598,-0.000401233167,0.001641140000
2026-05-14,BCHUSDT,288,1440,3,434.63000000,-0.00664375,-0.018820606033,153397508.86665121,-0.000053983333,-0.000161950000,1.57218663,2.68806875,1.40073123,1.14127667,-0.000571235458,0.001256500000
2026-05-14,BNBUSDT,288,1440,3,678.76000000,-0.02567989,-0.009031174495,435644250.38909221,0.000000000000,0.000000000000,1.81591464,1.43905771,2.00398594,1.20120787,0.000469332528,0.001051040000
2026-05-14,BTCUSDT,288,1440,3,81048.90000000,0.01372730,-0.024366771171,8535860854.34754848,0.000036500000,0.000109500000,0.81127251,0.90987025,0.83513284,1.14188875,-0.000500893771,0.001427100000
2026-05-14,DOGEUSDT,288,1440,3,0.11540000,-0.01684565,-0.018197573657,354674338.42815149,0.000026643333,0.000079930000,2.28100614,2.49395556,2.01693668,1.03895567,-0.000512538264,0.001735330000
2026-05-14,DOTUSDT,288,1440,3,1.36300000,-0.01419559,-0.035950110051,39213176.59521209,0.000009733333,0.000029200000,2.75577142,2.12092185,2.48790149,1.26660044,-0.000382410229,0.001930440000
2026-05-14,ETCUSDT,288,1440,3,9.46700000,-0.01930143,-0.024083659026,22905976.63817963,0.000058606667,0.000175820000,1.85460140,2.36598626,1.38187992,1.19746646,-0.000448743972,0.002051630000
2026-05-14,ETHUSDT,288,1440,3,2282.06000000,-0.01214005,-0.025590913473,4979522566.44100475,0.000051380000,0.000154140000,2.23369429,1.26781148,2.61784814,1.10897292,-0.000471655674,0.001063380000
2026-05-14,FILUSDT,288,1440,3,1.05400000,-0.03958952,-0.042694497154,49137559.13796281,-0.000008480000,-0.000025440000,2.05065911,3.20322248,1.68057363,1.86742118,-0.000499325778,0.002178380000
2026-05-14,INJUSDT,288,1440,3,5.15400000,-0.07133629,-0.052386495925,22837684.43192527,-0.000132963333,-0.000398890000,1.60538365,1.17537800,1.64456518,1.12154941,-0.000637974194,0.003514180000
2026-05-14,LINKUSDT,288,1440,3,10.48000000,0.00492740,-0.039694656489,104018248.11831990,0.000038926667,0.000116780000,2.26297403,2.47713659,1.94183367,1.09179796,-0.000349886139,0.001415630000
2026-05-14,LTCUSDT,288,1440,3,58.19000000,-0.02407666,-0.012373260010,73321777.62586817,0.000032813333,0.000098440000,3.04582123,3.26306050,2.38103466,1.31061078,-0.000466452667,0.001328960000
2026-05-14,NEARUSDT,288,1440,3,1.57200000,-0.09206102,-0.018447837150,61803104.30639404,0.000058280000,0.000174840000,2.03939530,1.70629670,1.96242344,1.21960622,-0.000477431576,0.002998070000
2026-05-14,OPUSDT,288,1440,3,0.14480000,-0.02418475,-0.056629834254,20082071.34996013,0.000008920000,0.000026760000,1.81192064,2.37166119,1.40533817,1.45938217,-0.000492783111,0.008400260000
2026-05-14,SOLUSDT,288,1440,3,92.11000000,-0.08800252,-0.031592660949,947889691.60388470,-0.000078263333,-0.000234790000,2.29879611,1.52873564,2.18771759,1.10551438,-0.000525943674,0.001332020000
2026-05-14,UNIUSDT,288,1440,3,3.73000000,-0.03015108,-0.035120643432,70737526.37548888,-0.000023863333,-0.000071590000,2.31591670,4.15618214,1.76916316,1.22237712,-0.000508977819,0.001568030000
2026-05-14,XRPUSDT,288,1440,3,1.48460000,0.03632066,-0.034622120436,441890913.89103884,0.000041863333,0.000125590000,2.89865573,1.76467193,2.63456143,1.13786753,-0.000415032118,0.001204860000
2026-05-15,ADAUSDT,288,1440,3,0.26130000,-0.01827369,-0.024492920015,99830270.16757509,-0.000014863333,-0.000044590000,2.84539864,1.90867261,2.41112531,1.18256163,-0.000495967597,0.001549340000
2026-05-15,APTUSDT,288,1440,3,0.98750000,0.00201053,-0.043443037975,20516473.72153677,-0.000122283333,-0.000366850000,1.64833308,1.86746506,1.29537766,1.18889400,-0.000623428451,0.002220900000
2026-05-15,ARBUSDT,288,1440,3,0.12470000,-0.03969118,-0.042502004812,31629891.05566229,-0.000041956667,-0.000125870000,1.48283007,1.60864020,1.12828943,1.11177448,-0.000474058167,0.003093910000
2026-05-15,AVAXUSDT,288,1440,3,9.53200000,-0.04022588,-0.025912715065,80458684.61258292,-0.000015716667,-0.000047150000,2.98639889,1.95810177,2.54669230,1.14027715,-0.000521982194,0.002040310000
2026-05-15,BCHUSDT,288,1440,3,426.45000000,-0.00199089,-0.025700551061,153092110.70326611,-0.000089590000,-0.000268770000,1.50548898,2.67857994,1.34078942,1.29237987,-0.000514266944,0.001403610000
2026-05-15,BNBUSDT,288,1440,3,672.63000000,0.02348569,-0.023950760448,445875654.23335546,0.000041386667,0.000124160000,1.81012689,1.45476877,1.94563747,1.11865508,0.000443151062,0.001392880000
2026-05-15,BTCUSDT,288,1440,3,79074.00000000,-0.00592628,-0.012264461138,8485274929.99859619,-0.000015280000,-0.000045840000,0.87196117,0.93600093,0.86576912,1.09981473,-0.000486505799,0.000963340000
2026-05-15,DOGEUSDT,288,1440,3,0.11330000,-0.15962467,-0.035039717564,298059565.63675952,-0.000057996667,-0.000173990000,2.82056237,1.84883184,2.41530497,1.00732190,-0.000503538910,0.001424320000
2026-05-15,DOTUSDT,288,1440,3,1.31400000,-0.01336021,-0.036529680365,38689280.32277607,0.000025306667,0.000075920000,2.82137451,2.15397105,2.53168109,1.32733631,-0.000452401840,0.002015270000
2026-05-15,ETCUSDT,288,1440,3,9.23900000,-0.02879992,-0.022188548544,22246286.22904041,-0.000018710000,-0.000056130000,2.05133641,2.47842699,1.52960341,1.21601767,-0.000467543771,0.002577090000
2026-05-15,ETHUSDT,288,1440,3,2223.66000000,-0.01030167,-0.019787197683,4928225150.65123653,0.000003640000,0.000010920000,2.30878417,1.31491941,2.63147871,1.13112230,-0.000472515375,0.001500820000
2026-05-15,FILUSDT,288,1440,3,1.00900000,-0.03879364,-0.038652130823,47231334.55156612,0.000020173333,0.000060520000,1.96593955,3.16133644,1.55087415,1.62342026,-0.000441452271,0.002176410000
2026-05-15,INJUSDT,288,1440,3,4.88400000,-0.10483294,-0.031941031941,20443542.89963509,-0.000089516667,-0.000268550000,1.55887951,1.12986999,1.58707531,1.21727241,-0.000514743326,0.003434620000
2026-05-15,LINKUSDT,288,1440,3,10.06400000,-0.01639752,-0.034876788553,102312606.52318493,0.000007046667,0.000021140000,2.43987952,2.72847368,2.04755758,1.20412601,-0.000479131111,0.001572070000
2026-05-15,LTCUSDT,288,1440,3,57.47000000,-0.01306743,-0.023838524448,72363650.57587837,-0.000007590000,-0.000022770000,2.76022607,3.39375333,2.22174500,1.26701594,-0.000485031319,0.001589680000
2026-05-15,NEARUSDT,288,1440,3,1.54300000,-0.04301133,-0.030460142579,59144870.61169067,0.000048833333,0.000146500000,1.92261234,1.68980710,1.80368113,1.30082988,-0.000487578924,0.002175750000
2026-05-15,OPUSDT,288,1440,3,0.13660000,-0.03612808,-0.027086383602,19356544.67339849,0.000003683333,0.000011050000,1.55986961,2.36432993,1.13650601,1.27514164,-0.000435524785,0.001843320000
2026-05-15,SOLUSDT,288,1440,3,89.20000000,-0.01777668,-0.030493273543,931039359.42902505,0.000015070000,0.000045210000,2.47606805,1.78048703,2.29008923,1.12304881,-0.000420957569,0.001281540000
2026-05-15,UNIUSDT,288,1440,3,3.59900000,-0.02732649,-0.031953320367,68804518.27298737,-0.000013036667,-0.000039110000,2.20552054,3.69713806,1.69978386,1.19094915,-0.000479414174,0.001587370000
2026-05-15,XRPUSDT,288,1440,3,1.43320000,0.01802614,-0.014233882222,449856499.89962578,-0.000002356667,-0.000007070000,3.44885426,1.81480157,3.07069611,1.02595461,-0.000512519153,0.001430190000
2026-05-16,ADAUSDT,288,1440,3,0.25490000,-0.04649302,-0.011377010592,95188859.50145267,-0.000039920000,-0.000119760000,2.85280594,1.74009413,2.38770726,1.49192872,-0.000510208764,0.001995220000
2026-05-16,APTUSDT,288,1440,3,0.94460000,-0.04584890,-0.016303197120,19575815.88878861,-0.000060250000,-0.000180750000,1.47261372,1.80826258,1.15161944,1.40204868,-0.000565972778,0.002111140000
2026-05-16,ARBUSDT,288,1440,3,0.11940000,-0.05892748,-0.025125628141,29766021.38161833,-0.000038566667,-0.000115700000,1.36725661,1.48940126,1.04592419,1.54873248,-0.000572625743,0.002149070000
2026-05-16,AVAXUSDT,288,1440,3,9.28500000,-0.05104371,-0.010231556274,76351775.13605089,-0.000031096667,-0.000093290000,2.37587867,1.77836057,1.97793505,1.23327267,-0.000492065063,0.002127780000
2026-05-16,BCHUSDT,288,1440,3,415.49000000,-0.02031492,-0.026595104575,149982056.56158018,-0.000055493333,-0.000166480000,1.63384505,2.47348679,1.42461875,1.37197826,-0.000583707785,0.003167130000
2026-05-16,BNBUSDT,288,1440,3,656.52000000,-0.08190450,-0.010311947846,409356433.36211908,0.000000000000,0.000000000000,2.29706811,1.39656201,2.40389703,1.16721090,0.000440483160,0.000821650000
2026-05-16,BTCUSDT,288,1440,3,78104.20000000,-0.06033264,-0.008626936836,7973335897.29824448,0.000028943333,0.000086830000,1.15604954,0.99428847,1.17690090,1.20120936,-0.000469926764,0.000941940000
2026-05-16,DOGEUSDT,288,1440,3,0.10933000,-0.09895280,-0.003841580536,268565736.47650003,0.000017150000,0.000051450000,2.92619015,1.71334918,2.50223412,1.09660977,-0.000491750444,0.001997000000
2026-05-16,DOTUSDT,288,1440,3,1.26600000,-0.04391230,-0.012638230648,36990345.10875949,-0.000038053333,-0.000114160000,2.57379642,2.17341261,2.23511207,1.64430861,-0.000519581000,0.002298590000
2026-05-16,ETCUSDT,288,1440,3,9.03400000,-0.08786754,-0.019592649989,20291559.76531643,-0.000030540000,-0.000091620000,2.24500952,2.35267751,1.75480593,1.34133773,-0.000495263833,0.001923660000
2026-05-16,ETHUSDT,288,1440,3,2179.66000000,0.02072493,-0.022838424341,5030362287.15818596,0.000060230000,0.000180690000,3.02438716,1.36506117,2.98095890,1.20278539,-0.000432829833,0.001494430000
2026-05-16,FILUSDT,288,1440,3,0.97000000,-0.09253511,-0.029896907216,42860777.75221971,-0.000049453333,-0.000148360000,1.89761642,3.19747224,1.51348827,1.70671774,-0.000547173785,0.002620460000
2026-05-16,INJUSDT,288,1440,3,4.72800000,-0.00868425,-0.036379018613,20266006.00724157,-0.000001646667,-0.000004940000,1.56033485,1.04955895,1.50936528,1.30228001,-0.000510767292,0.001931390000
2026-05-16,LINKUSDT,288,1440,3,9.71300000,-0.06292099,-0.015649130032,95874996.21857668,-0.000025516667,-0.000076550000,2.61930507,2.58603296,2.12213621,1.23780651,-0.000537757493,0.002211770000
2026-05-16,LTCUSDT,288,1440,3,56.10000000,-0.02115641,-0.028163992870,70832695.85834798,-0.000003210000,-0.000009630000,3.64370009,3.08524265,2.79084189,1.28880661,-0.000496839424,0.001307430000
2026-05-16,NEARUSDT,288,1440,3,1.49600000,-0.03582709,0.008021390374,57025881.83058805,0.000030333333,0.000091000000,1.80828252,1.52254297,1.65580936,1.47395872,-0.000475654076,0.003236990000
2026-05-16,OPUSDT,288,1440,3,0.13290000,-0.06188594,-0.036117381490,18158646.72029209,-0.000008456667,-0.000025370000,1.49739464,2.26682512,1.09876304,1.42772192,-0.000501301882,0.002682310000
2026-05-16,SOLUSDT,288,1440,3,86.48000000,-0.05136014,-0.015148011101,883221044.87308359,-0.000000506667,-0.000001520000,3.01468459,1.86879430,2.72092313,1.10066118,-0.000544991250,0.010242770000
2026-05-16,UNIUSDT,288,1440,3,3.48400000,-0.04305393,-0.004592422503,65842213.17946015,0.000022533333,0.000067600000,2.27279707,3.54454215,1.68978747,1.50593835,-0.000500657063,0.002354080000
2026-05-16,XRPUSDT,288,1440,3,1.41280000,-0.04831615,-0.008635334088,428121166.88848943,-0.000013630000,-0.000040890000,3.77698339,1.82272658,3.33559707,1.11305253,-0.000526398826,0.001490260000
2026-05-17,ADAUSDT,288,1440,3,0.25200000,-0.00265324,-0.001984126984,94936300.81791645,0.000021990000,0.000065970000,2.67462250,1.66093354,2.23645925,1.45656440,-0.000527869736,0.002391840000
2026-05-17,APTUSDT,288,1440,3,0.92920000,0.03480697,0.019694360740,20257190.74208323,-0.000106400000,-0.000319200000,1.34128084,1.78017699,1.05841394,1.51562216,-0.000576335924,0.003391390000
2026-05-17,ARBUSDT,288,1440,3,0.11640000,0.00395392,0.010309278351,29883713.74320569,0.000002570000,0.000007710000,1.29592363,1.25387017,0.99674738,1.46904564,-0.000490725639,0.003409950000
2026-05-17,AVAXUSDT,288,1440,3,9.19000000,-0.00944539,0.005984766050,75630602.94181170,0.000036703333,0.000110110000,2.03972782,1.69407083,1.66657849,1.29920660,-0.000539456486,0.003187240000
2026-05-17,BCHUSDT,288,1440,3,404.44000000,-0.00708290,-0.064682029473,148919748.17569315,-0.000082686667,-0.000248060000,1.69390552,1.86012209,1.47836000,1.19277641,-0.000592404194,0.001638020000
2026-05-17,BNBUSDT,288,1440,3,649.75000000,-0.02156477,-0.009080415544,400528754.65607542,0.000010883333,0.000032650000,2.39573998,1.38311516,2.57457350,1.27161285,0.000477638764,0.001140710000
2026-05-17,BTCUSDT,288,1440,3,77430.40000000,0.00272130,-0.006033805844,7995033727.00565624,0.000017536667,0.000052610000,1.22751239,0.99749941,1.27628303,1.24052846,-0.000502250062,0.001819360000
2026-05-17,DOGEUSDT,288,1440,3,0.10891000,-0.03269382,-0.038472132954,259785296.75209683,0.000050103333,0.000150310000,2.78985546,1.83903021,2.42679301,1.15688301,-0.000491774111,0.002324200000
2026-05-17,DOTUSDT,288,1440,3,1.25000000,-0.01546436,0.001600000000,36418312.95288377,0.000017320000,0.000051960000,2.26594751,2.09966399,1.95874043,1.54182709,-0.000501066111,0.005199320000
2026-05-17,ETCUSDT,288,1440,3,8.85700000,-0.00044481,0.008242068420,20282533.80200496,0.000041576667,0.000124730000,1.97395381,2.41204811,1.64004250,1.52272038,-0.000450604854,0.003621020000
2026-05-17,ETHUSDT,288,1440,3,2129.88000000,-0.00196343,-0.000417863917,5020485498.18398952,0.000057856667,0.000173570000,3.02551493,1.35285276,2.96862970,1.23165049,-0.000460944674,0.004249010000
2026-05-17,FILUSDT,288,1440,3,0.94100000,-0.03281757,0.020191285866,41454191.28353631,0.000053660000,0.000160980000,1.88574454,3.22119698,1.51729083,1.96057892,-0.000500284410,0.003270460000
2026-05-17,INJUSDT,288,1440,3,4.55600000,0.00556541,0.128182616330,20378794.73985463,-0.000101336667,-0.000304010000,1.65150522,1.01786425,1.60182713,1.22599828,-0.000612963951,0.003079060000
2026-05-17,LINKUSDT,288,1440,3,9.56100000,-0.03250222,0.004288254367,92758846.28988713,0.000034066667,0.000102200000,2.38148544,2.42705762,1.95123660,1.23597841,-0.000497801972,0.003268840000
2026-05-17,LTCUSDT,288,1440,3,54.52000000,-0.01514163,-0.003118121790,69760173.62992038,0.000016220000,0.000048660000,3.16689460,3.14996402,2.43413102,1.47830684,-0.000516657896,0.002137670000
2026-05-17,NEARUSDT,288,1440,3,1.50800000,0.02445682,0.077586206897,58420553.62544286,0.000059583333,0.000178750000,1.70543987,1.52560855,1.56430877,1.50622140,-0.000415757792,0.003528820000
2026-05-17,OPUSDT,288,1440,3,0.12810000,-0.02240730,0.010928961749,17751760.45315960,0.000042636667,0.000127910000,1.44210933,2.26673307,1.06999009,1.82573769,-0.000468727243,0.005025150000
2026-05-17,SOLUSDT,288,1440,3,85.17000000,-0.02944054,0.001996007984,857218544.39233732,-0.000077146667,-0.000231440000,3.14223784,1.70188897,2.90465275,1.19745080,-0.000599188187,0.002765410000
2026-05-17,UNIUSDT,288,1440,3,3.46800000,0.01104856,0.021626297578,66569674.63754511,0.000034403333,0.000103210000,2.06858710,3.64175236,1.55594445,1.46083883,-0.000504273882,0.002098120000
2026-05-17,XRPUSDT,288,1440,3,1.40060000,-0.00499280,-0.007925174925,425983643.73783356,-0.000009806667,-0.000029420000,3.61823595,1.74473011,3.27603787,1.23753677,-0.000539816021,0.001873700000
2026-05-18,ADAUSDT,288,1440,3,0.25150000,-0.04306151,-0.013916500994,90848200.53333563,-0.000026250000,-0.000078750000,2.52487748,1.59414055,2.10409112,1.25830591,-0.000483660236,0.001731530000
2026-05-18,APTUSDT,288,1440,3,0.94750000,-0.01994900,-0.019102902375,19853080.11918682,-0.000048873333,-0.000146620000,1.25653047,1.74493271,0.99793974,1.23768654,-0.000495607229,0.002356660000
2026-05-18,ARBUSDT,288,1440,3,0.11760000,-0.01288105,-0.034863945578,29498780.06301580,0.000069443333,0.000208330000,1.22985049,1.17037631,0.93900190,1.38088903,-0.000425626403,0.002342170000
2026-05-18,AVAXUSDT,288,1440,3,9.24500000,-0.02364670,-0.015684153597,73842188.75186253,-0.000004410000,-0.000013230000,1.93885459,1.66567889,1.58759544,1.26673510,-0.000431136257,0.002047210000
2026-05-18,BCHUSDT,288,1440,3,378.28000000,-0.02410034,-0.022020725389,145330731.59849253,-0.000345386667,-0.001036160000,1.67951045,1.47998275,1.45408773,1.11204702,-0.000959634021,0.006658890000
2026-05-18,BNBUSDT,288,1440,3,643.85000000,-0.04501257,-0.005436048769,382499927.86569434,0.000014323333,0.000042970000,2.58139751,1.42736504,2.71369539,1.10275685,0.000446512083,0.001288250000
2026-05-18,BTCUSDT,288,1440,3,76963.20000000,-0.00822756,-0.002121793273,7929254078.93340778,0.000039416667,0.000118250000,1.39716145,1.05160183,1.41890803,1.09743657,-0.000442243979,0.001333980000
2026-05-18,DOGEUSDT,288,1440,3,0.10472000,-0.08716339,-0.017093200917,237141530.89165726,-0.000022490000,-0.000067470000,2.84151324,1.95137497,2.40730207,1.09759049,-0.000498269528,0.001604770000
2026-05-18,DOTUSDT,288,1440,3,1.25200000,-0.03955964,-0.022364217252,34977617.61528488,-0.000020850000,-0.000062550000,2.14924066,2.13557267,1.77420360,1.32392540,-0.000510645528,0.002204330000
2026-05-18,ETCUSDT,288,1440,3,8.93000000,-0.02062340,0.003695408735,19864238.93104967,0.000045760000,0.000137280000,1.85123103,2.60534263,1.50256704,1.24097840,-0.000458521167,0.004171670000
2026-05-18,ETHUSDT,288,1440,3,2128.99000000,-0.05916944,-0.008450016205,4723426170.76217461,0.000025786667,0.000077360000,3.26790363,1.42536391,2.99112745,1.12321265,-0.000452068264,0.002044130000
2026-05-18,FILUSDT,288,1440,3,0.96000000,-0.03193482,-0.025000000000,40130359.20879808,-0.000069583333,-0.000208750000,1.76269473,2.98576040,1.41561084,1.47474946,-0.000453176875,0.002084700000
2026-05-18,INJUSDT,288,1440,3,5.14000000,-0.02584781,-0.042607003891,19852047.58080957,0.000015476667,0.000046430000,1.42265243,1.14565406,1.33056435,1.35177343,-0.000485530486,0.002649250000
2026-05-18,LINKUSDT,288,1440,3,9.60200000,-0.06521753,-0.016559050198,86709343.36150113,0.000035106667,0.000105320000,2.32525452,2.53744108,1.83564440,1.25062175,-0.000434662632,0.001562220000
2026-05-18,LTCUSDT,288,1440,3,54.35000000,-0.13726448,0.002207911684,60184579.92413840,-0.000043806667,-0.000131420000,3.23946888,2.89500609,2.40017591,1.22420121,-0.000534071340,0.001624020000
2026-05-18,NEARUSDT,288,1440,3,1.62500000,0.02911739,-0.014153846154,60121607.56221695,0.000007006667,0.000021020000,1.79635706,1.61343892,1.69681214,1.28267875,-0.000475753444,0.002334860000
2026-05-18,OPUSDT,288,1440,3,0.12950000,-0.04193930,-0.027027027027,17007263.96920445,0.000086803333,0.000260410000,1.32821287,2.21783434,0.97518675,1.45180515,-0.000387048278,0.001921030000
2026-05-18,SOLUSDT,288,1440,3,85.34000000,-0.04118985,-0.012889617999,821909844.44502294,-0.000033143333,-0.000099430000,3.24223099,1.68770283,2.99449389,1.05978844,-0.000496495806,0.001382500000
2026-05-18,UNIUSDT,288,1440,3,3.54300000,-0.01115033,-0.026531188259,65827400.85234164,0.000035970000,0.000107910000,2.05652550,3.82300592,1.50022297,1.13750365,-0.000437675090,0.003905800000
2026-05-18,XRPUSDT,288,1440,3,1.38950000,-0.04934373,-0.020726880173,404964021.88519853,-0.000039480000,-0.000118440000,3.14775125,1.71863922,2.88114423,1.04984906,-0.000524463819,0.001501870000
2026-05-19,ADAUSDT,288,1440,3,0.24800000,-0.00494828,0.004032258065,90398657.79493974,0.000030276667,0.000090830000,2.61125021,1.57336432,2.17774142,1.25883415,-0.000470241187,0.001319330000
2026-05-19,APTUSDT,288,1440,3,0.92940000,-0.01803968,0.022487626426,19494936.86188112,0.000027996667,0.000083990000,1.36925446,1.96285293,1.07915841,1.32919026,-0.000550039132,0.002206800000
2026-05-19,ARBUSDT,288,1440,3,0.11350000,-0.01513242,-0.031718061674,29052392.15783304,0.000007290000,0.000021870000,1.28396415,1.24445420,0.97659985,1.23457157,-0.000451485639,0.002392020000
2026-05-19,AVAXUSDT,288,1440,3,9.10000000,0.00670695,0.021098901099,74337444.81686796,0.000073896667,0.000221690000,2.04797252,1.79934639,1.66497880,1.31375748,-0.000424622944,0.001545360000
2026-05-19,BCHUSDT,288,1440,3,369.95000000,-0.00765914,0.008001081227,144217622.48188967,-0.000280076667,-0.000840230000,1.69391870,1.45248226,1.50437864,1.04464918,-0.000756163208,0.003378840000
2026-05-19,BNBUSDT,288,1440,3,640.35000000,-0.00638672,0.014757554462,380057008.41766828,0.000004943333,0.000014830000,2.58380926,1.44710586,2.74681032,1.33845211,0.000497212104,0.001181250000
2026-05-19,BTCUSDT,288,1440,3,76799.90000000,0.01400905,0.009250012044,8040335392.03996181,0.000051786667,0.000155360000,1.41003931,1.07630805,1.43100341,1.17432868,-0.000451537826,0.000862190000
2026-05-19,DOGEUSDT,288,1440,3,0.10293000,-0.00985268,0.006995045176,234805051.23113754,-0.000008033333,-0.000024100000,2.74030489,2.00699498,2.31799854,1.10669956,-0.000487570215,0.001078590000
2026-05-19,DOTUSDT,288,1440,3,1.22400000,-0.00052775,0.019607843137,34959158.18323176,0.000077946667,0.000233840000,2.09845881,2.16796489,1.72309933,1.61416699,-0.000426872681,0.001691400000
2026-05-19,ETCUSDT,288,1440,3,8.96300000,0.03726947,0.003681802968,20604568.65391345,0.000018143333,0.000054430000,1.74088950,2.59451572,1.42023028,1.30200697,-0.000420980514,0.001909900000
2026-05-19,ETHUSDT,288,1440,3,2111.00000000,-0.01620753,0.008337280910,4646871094.79430485,0.000064250000,0.000192750000,3.08222996,1.45046974,2.78226882,1.22730891,-0.000447333604,0.001027750000
2026-05-19,FILUSDT,288,1440,3,0.93600000,0.02712656,0.035256410256,41218957.79407786,0.000082300000,0.000246900000,1.78804263,2.92974724,1.45773423,1.61437191,-0.000435065569,0.001804290000
2026-05-19,INJUSDT,288,1440,3,4.92100000,0.11789739,-0.023572444625,22192552.22330968,-0.000071376667,-0.000214130000,1.58771486,1.13864984,1.55497834,1.24052793,-0.000679853785,0.004037720000
2026-05-19,LINKUSDT,288,1440,3,9.44300000,0.02891822,0.019908927248,89216822.85471730,0.000025356667,0.000076070000,2.31925267,2.53050757,1.84199570,1.19055294,-0.000483428063,0.001577050000
2026-05-19,LTCUSDT,288,1440,3,54.47000000,-0.01000406,-0.009730126675,59582489.83863310,-0.000006233333,-0.000018700000,3.03131022,2.85135615,2.20980105,1.40433238,-0.000529212847,0.001142210000
2026-05-19,NEARUSDT,288,1440,3,1.60200000,0.10105456,0.062421972534,66197170.20192517,-0.000020266667,-0.000060800000,1.90674757,1.97633347,1.83128929,1.18849218,-0.000441111806,0.002613800000
2026-05-19,OPUSDT,288,1440,3,0.12600000,0.01571104,0.023015873016,17274465.74700878,0.000029886667,0.000089660000,1.37641285,2.31080743,1.02851711,1.53311147,-0.000508306431,0.002606450000
2026-05-19,SOLUSDT,288,1440,3,84.24000000,-0.00664224,0.022198480532,816450522.27220345,-0.000044836667,-0.000134510000,3.35751701,1.75406489,3.11291652,1.09731088,-0.000536496924,0.001044550000
2026-05-19,UNIUSDT,288,1440,3,3.44900000,0.02374516,0.047260075384,67390483.22674517,0.000054263333,0.000162790000,2.17588783,4.20640523,1.58712724,1.43370160,-0.000475746812,0.001501460000
2026-05-19,XRPUSDT,288,1440,3,1.36070000,-0.00415736,0.004115528772,403280438.81954563,-0.000021523333,-0.000064570000,3.11888163,1.80107191,2.82101867,1.05046562,-0.000507978931,0.002097470000
2026-05-20,ADAUSDT,288,1440,3,0.24900000,0.01784180,0.006024096386,92011532.91594130,0.000033146667,0.000099440000,2.62900921,1.52454205,2.24146944,1.25318137,-0.000441540875,0.001626600000
2026-05-20,APTUSDT,288,1440,3,0.95030000,0.02083107,0.024097653373,19901037.22769126,-0.000020366667,-0.000061100000,1.37708706,2.00254294,1.10393928,1.37401326,-0.000538952292,0.001962330000
2026-05-20,ARBUSDT,288,1440,3,0.10990000,-0.00347795,0.026387625114,28951349.27008936,0.000019040000,0.000057120000,1.25607187,1.37282917,0.95746911,1.29219570,-0.000563879000,0.002289590000
2026-05-20,AVAXUSDT,288,1440,3,9.29200000,0.00714298,0.016788635385,74868435.43497212,0.000042310000,0.000126930000,2.07056112,1.82697061,1.68403811,1.19615579,-0.000450165854,0.001331140000
2026-05-20,BCHUSDT,288,1440,3,372.91000000,0.01043414,0.019522136709,145722409.80790889,-0.000207820000,-0.000623460000,1.79864780,1.35453162,1.61234453,1.20366623,-0.000714324632,0.003143700000
2026-05-20,BNBUSDT,288,1440,3,649.80000000,0.00100647,0.013881194214,380439522.58709562,0.000049163333,0.000147490000,2.65066158,1.40098599,2.84420071,1.20398223,0.000535774604,0.001154450000
2026-05-20,BTCUSDT,288,1440,3,77510.30000000,-0.01445984,0.000979224697,7924073464.48231792,0.000060316667,0.000180950000,1.32680852,1.06917800,1.36724592,1.16785296,-0.000437396819,0.001043940000
2026-05-20,DOGEUSDT,288,1440,3,0.10365000,-0.00205644,0.019006271105,234322188.01623470,0.000012443333,0.000037330000,2.70941710,1.94866173,2.37789025,1.16367498,-0.000489653104,0.001128250000
2026-05-20,DOTUSDT,288,1440,3,1.24800000,0.01526665,0.035256410256,35492867.36125284,0.000047930000,0.000143790000,2.04898174,2.11141059,1.68315454,1.37415843,-0.000427054861,0.001905310000
2026-05-20,ETCUSDT,288,1440,3,8.99600000,0.01424548,-0.003112494442,20898090.57512133,0.000051230000,0.000153690000,1.86944004,2.44857451,1.57376204,1.24750357,-0.000364198417,0.001607030000
2026-05-20,ETHUSDT,288,1440,3,2128.60000000,0.01533315,0.001963732030,4718122243.89117622,0.000046213333,0.000138640000,2.85351283,1.42823866,2.70259071,1.18940143,-0.000449844958,0.001047600000
2026-05-20,FILUSDT,288,1440,3,0.96900000,0.00540823,0.040247678019,41441879.34918846,0.000024586667,0.000073760000,1.79207008,3.02095151,1.47832941,1.87230893,-0.000399494347,0.002003650000
2026-05-20,INJUSDT,288,1440,3,4.80500000,0.00390359,0.092195629553,22279182.87775876,-0.000110016667,-0.000330050000,1.55018258,1.15178841,1.57197856,1.24814474,-0.000595840632,0.002100720000
2026-05-20,LINKUSDT,288,1440,3,9.63100000,-0.02290235,0.012355933963,87173548.35607299,0.000036636667,0.000109910000,2.40829673,2.45915525,1.93282879,1.19586126,-0.000433976979,0.001474040000
2026-05-20,LTCUSDT,288,1440,3,53.94000000,-0.01472859,0.003522432332,58704923.58859465,0.000030670000,0.000092010000,2.95241533,3.12592341,2.14856955,1.29087172,-0.000440228403,0.001435380000
2026-05-20,NEARUSDT,288,1440,3,1.70200000,0.05484860,0.131609870740,69827992.10177685,0.000083686667,0.000251060000,1.91299203,1.92498797,1.84496501,1.32036594,-0.000393565444,0.002407100000
2026-05-20,OPUSDT,288,1440,3,0.12890000,0.02694487,0.026377036462,17739923.99302301,0.000029990000,0.000089970000,1.30687311,2.17401056,0.99919573,1.51763797,-0.000530465965,0.002006680000
2026-05-20,SOLUSDT,288,1440,3,86.11000000,0.03269267,0.014051794217,843142470.53477859,0.000002466667,0.000007400000,3.33407371,1.70215284,3.19138979,1.16687977,-0.000504060861,0.001297090000
2026-05-20,UNIUSDT,288,1440,3,3.61200000,0.02654909,-0.001937984496,69179639.48221090,0.000055756667,0.000167270000,2.37001943,4.53998823,1.78194184,1.28203546,-0.000387844799,0.001489130000
2026-05-20,XRPUSDT,288,1440,3,1.36630000,0.03342045,0.005123325770,416758251.86748964,0.000010373333,0.000031120000,3.12271680,1.77664575,2.87107101,1.20050178,-0.000477179556,0.000897980000
2026-05-21,ADAUSDT,288,1440,3,0.25050000,0.03752983,-0.033133732535,95464710.02301031,0.000006306667,0.000018920000,2.59504861,1.61234248,2.16460737,1.23175475,-0.000409980097,0.003231090000
2026-05-21,APTUSDT,288,1440,3,0.97320000,0.04097136,-0.034833538841,20716409.72901481,-0.000080626667,-0.000241880000,1.40172319,1.94292854,1.13938083,1.23463605,-0.000519167868,0.002051270000
2026-05-21,ARBUSDT,288,1440,3,0.11280000,0.00862336,-0.037234042553,29201007.09078910,-0.000024516667,-0.000073550000,1.26330393,1.44070178,0.96072873,1.30819231,-0.000468632243,0.003059420000
2026-05-21,AVAXUSDT,288,1440,3,9.44800000,0.02078906,-0.031752751905,76424880.07139523,0.000023480000,0.000070440000,2.33314958,1.92164037,1.89916612,1.14107930,-0.000412083514,0.001773220000
2026-05-21,BCHUSDT,288,1440,3,380.19000000,-0.07649568,-0.052158131461,134575275.03741747,-0.000063240000,-0.000189720000,1.75790993,1.44945323,1.54894533,1.35717447,-0.000547901556,0.001568910000
2026-05-21,BNBUSDT,288,1440,3,658.82000000,0.01872558,-0.012112564889,387563471.40869796,0.000054000000,0.000162000000,2.54576987,1.45372933,2.71866978,1.14977742,0.000557365882,0.001201990000
2026-05-21,BTCUSDT,288,1440,3,77586.20000000,-0.00702094,-0.026719957931,7868439013.36361599,0.000040193333,0.000120580000,1.24277457,1.05911844,1.27009337,1.10486833,-0.000452488667,0.001063220000
2026-05-21,DOGEUSDT,288,1440,3,0.10562000,0.05086101,-0.031622798712,246240051.97677171,0.000023333333,0.000070000000,2.63408626,1.92836153,2.31836086,1.16382240,-0.000447743479,0.001726970000
2026-05-21,DOTUSDT,288,1440,3,1.29200000,0.00904040,-0.027089783282,35813737.19203939,0.000049836667,0.000149510000,2.12655866,2.06560248,1.73849280,1.43535427,-0.000397140972,0.002520960000
2026-05-21,ETCUSDT,288,1440,3,8.96800000,-0.00331505,-0.021520963426,20828812.27629221,0.000065913333,0.000197740000,1.90382875,2.55300649,1.51581853,1.22936817,-0.000450097264,0.001956640000
2026-05-21,ETHUSDT,288,1440,3,2132.78000000,-0.00018385,-0.031789495400,4717254837.37488556,0.000040786667,0.000122360000,2.77526558,1.42296496,2.64659080,1.08441105,-0.000456052646,0.001224670000
2026-05-21,FILUSDT,288,1440,3,1.00800000,0.05148218,-0.047619047619,43575397.56657773,-0.000037956667,-0.000113870000,2.00231738,2.94921627,1.64364106,1.39062070,-0.000466026847,0.002494550000
2026-05-21,INJUSDT,288,1440,3,5.24800000,-0.03422799,-0.014862804878,21516611.25347091,-0.000106666667,-0.000320000000,1.35207109,1.17373192,1.31618814,1.19646938,-0.000537465069,0.002441960000
2026-05-21,LINKUSDT,288,1440,3,9.75000000,0.03074569,-0.034461538462,89853759.07665981,0.000062193333,0.000186580000,2.46540554,2.82690873,1.92709057,1.18047059,-0.000421910319,0.002099410000
2026-05-21,LTCUSDT,288,1440,3,54.13000000,0.00560029,-0.028265287271,59033688.10637092,-0.000007360000,-0.000022080000,2.82931997,3.00949823,2.05736407,1.20624274,-0.000510444611,0.001750000000
2026-05-21,NEARUSDT,288,1440,3,1.92600000,0.25092382,0.090861889927,87349498.32495658,0.000003250000,0.000009750000,1.84481105,1.98409432,1.81988345,1.07695716,-0.000475160340,0.003196290000
2026-05-21,OPUSDT,288,1440,3,0.13230000,0.04530556,-0.042328042328,18543641.15189637,-0.000027446667,-0.000082340000,1.30541846,2.17385928,0.99117457,1.33015526,-0.000472405396,0.002694200000
2026-05-21,SOLUSDT,288,1440,3,87.32000000,0.05137809,-0.033898305085,886461519.12262070,0.000029700000,0.000089100000,3.12268232,1.79735340,2.95354054,1.16289605,-0.000425305715,0.001844860000
2026-05-21,UNIUSDT,288,1440,3,3.60500000,0.00351645,-0.056865464632,69422906.55939682,0.000064660000,0.000193980000,2.50046432,4.49489076,1.94612796,1.32005549,-0.000448876875,0.002412080000
2026-05-21,XRPUSDT,288,1440,3,1.37330000,0.01956590,-0.028762834049,424912502.60390967,-0.000005400000,-0.000016200000,3.18267254,1.67932497,2.87928874,1.12554248,-0.000492471951,0.001319070000
2026-05-22,ADAUSDT,288,1440,3,0.24220000,0.00079867,0.015276630884,95540954.47942331,0.000026550000,0.000079650000,2.68973511,1.61356752,2.21332153,1.15207636,-0.000517226882,0.001874190000
2026-05-22,APTUSDT,288,1440,3,0.93930000,-0.00655744,0.032470989034,20580563.02367122,0.000021533333,0.000064600000,1.47586684,1.94908036,1.17633465,1.20815231,-0.000505054611,0.002315720000
2026-05-22,ARBUSDT,288,1440,3,0.10860000,-0.02429434,0.007366482505,28491587.92272269,0.000038500000,0.000115500000,1.34259410,1.53996425,1.00602954,1.36678652,-0.000523674486,0.002899300000
2026-05-22,AVAXUSDT,288,1440,3,9.14800000,0.01500592,0.025907302143,77571705.46772587,0.000073250000,0.000219750000,2.71362088,1.92565735,2.26265967,1.18363690,-0.000468499056,0.001946980000
2026-05-22,BCHUSDT,288,1440,3,360.36000000,-0.02208193,-0.014679764680,131603592.83231287,-0.000094006667,-0.000282020000,1.92440177,1.51688160,1.61380912,1.18318605,-0.000629945965,0.006727700000
2026-05-22,BNBUSDT,288,1440,3,650.84000000,0.01940675,0.008880830926,395084819.88428795,0.000020246667,0.000060740000,2.42085614,1.46518933,2.55678164,1.16962532,0.000498293375,0.001527830000
2026-05-22,BTCUSDT,288,1440,3,75513.10000000,0.00081551,0.015919092184,7874855814.07741356,0.000018783333,0.000056350000,1.35074330,1.06615165,1.35557463,1.15790212,-0.000480108139,0.001023920000
2026-05-22,DOGEUSDT,288,1440,3,0.10228000,0.01030889,0.007332811889,248778514.09617263,0.000061316667,0.000183950000,2.61718133,1.96768083,2.21891851,1.24887980,-0.000455326514,0.001417100000
2026-05-22,DOTUSDT,288,1440,3,1.25700000,0.05358955,0.029435163087,37732979.13679218,0.000100000000,0.000300000000,2.45684281,1.83590106,2.10838617,1.16881523,-0.000347292319,0.001908200000
2026-05-22,ETCUSDT,288,1440,3,8.77500000,0.03906050,0.025071225071,21642396.17342218,0.000056616667,0.000169850000,1.74681882,2.44428665,1.36426172,1.23916627,-0.000428872396,0.002298170000
2026-05-22,ETHUSDT,288,1440,3,2064.98000000,-0.00325283,0.025104359364,4701910422.11267853,0.000046540000,0.000139620000,3.06185434,1.38151635,2.82475195,1.06379892,-0.000444006868,0.001292620000
2026-05-22,FILUSDT,288,1440,3,0.96000000,-0.00320708,0.022916666667,43435647.84280678,0.000024433333,0.000073300000,2.30158449,2.91539394,1.89459498,1.25865847,-0.000512096826,0.002633480000
2026-05-22,INJUSDT,288,1440,3,5.17000000,0.08087970,0.032108317215,23256868.27311126,0.000036080000,0.000108240000,1.60665201,1.21400398,1.54188695,1.15296650,-0.000516404264,0.002623330000
2026-05-22,LINKUSDT,288,1440,3,9.41400000,0.01597828,0.015402591884,91289467.43420537,0.000043843333,0.000131530000,2.52714169,2.92181941,1.97060494,1.20786336,-0.000441669153,0.002164060000
2026-05-22,LTCUSDT,288,1440,3,52.60000000,-0.01306276,0.016159695817,58262545.00061391,0.000013393333,0.000040180000,2.79616767,2.96606882,2.02839752,1.23679271,-0.000452020590,0.002133760000
2026-05-22,NEARUSDT,288,1440,3,2.10100000,0.48447208,0.166587339362,129667891.56725726,0.000089240000,0.000267720000,1.16420380,1.87122841,1.15987912,1.07479226,-0.000322721410,0.002438210000
2026-05-22,OPUSDT,288,1440,3,0.12670000,-0.00484677,0.028413575375,18453764.45535152,0.000036390000,0.000109170000,1.37133617,2.10176369,1.04305034,1.43541524,-0.000478685576,0.002794520000
2026-05-22,SOLUSDT,288,1440,3,84.36000000,0.00252667,0.016002844950,888701316.08782554,0.000027503333,0.000082510000,3.12253466,1.91264478,2.92851833,1.08856797,-0.000491320542,0.001778400000
2026-05-22,UNIUSDT,288,1440,3,3.40000000,-0.02876387,0.018235294118,67426035.22810610,0.000075093333,0.000225280000,2.43499547,4.38476423,1.82449102,1.29012757,-0.000439065410,0.001761130000
2026-05-22,XRPUSDT,288,1440,3,1.33380000,0.01103546,0.017768780927,429601609.61112368,-0.000030263333,-0.000090790000,3.31132114,1.67383969,2.96008585,1.00065945,-0.000544644382,0.001413520000
2026-05-23,ADAUSDT,288,1440,3,0.24590000,-0.02971018,-0.015860105734,92702415.27841900,-0.000014413333,-0.000043240000,2.56564607,1.44641700,2.13918827,1.30020978,-0.000497388368,0.001372870000
2026-05-23,APTUSDT,288,1440,3,0.96980000,-0.05781544,-0.025881625077,19390688.70194066,-0.000017933333,-0.000053800000,1.41886832,2.08953866,1.12471045,1.20471266,-0.000495027958,0.002100450000
2026-05-23,ARBUSDT,288,1440,3,0.10940000,-0.05085323,-0.034734917733,27042698.62431633,0.000023070000,0.000069210000,1.29724290,1.46693831,0.97526959,1.34514199,-0.000498084854,0.003692520000
2026-05-23,AVAXUSDT,288,1440,3,9.38500000,-0.04662482,-0.018859882792,73954939.00036207,-0.000017270000,-0.000051810000,2.18316724,1.83681605,1.75038910,1.12495969,-0.000486755292,0.001195910000
2026-05-23,BCHUSDT,288,1440,3,355.07000000,-0.09931431,-0.024474047371,118533472.30015774,-0.000377420000,-0.001132260000,2.09080196,1.27624574,1.83348781,1.03428724,-0.001001214556,0.003689370000
2026-05-23,BNBUSDT,288,1440,3,656.62000000,-0.03314647,0.000380737717,381989153.50081015,0.000000713333,0.000002140000,2.56494645,1.45016740,2.71364597,1.20086141,0.000484064993,0.001439660000
2026-05-23,BTCUSDT,288,1440,3,76715.20000000,0.00324259,0.004107399837,7900390707.96962643,0.000034163333,0.000102490000,1.46656561,1.13161181,1.48653667,1.24159960,-0.000431116208,0.001130420000
2026-05-23,DOGEUSDT,288,1440,3,0.10303000,-0.07655492,-0.007861787829,229733294.17823601,0.000008876667,0.000026630000,2.60684363,2.08321062,2.22236398,1.11675014,-0.000450401549,0.004399810000
2026-05-23,DOTUSDT,288,1440,3,1.29400000,-0.08785516,-0.038639876352,34417942.39491110,-0.000027093333,-0.000081280000,2.58722561,1.91362196,2.22002772,1.28745040,-0.000511034090,0.003061700000
2026-05-23,ETCUSDT,288,1440,3,8.99500000,-0.04702994,-0.010227904391,20624555.61399218,-0.000046170000,-0.000138510000,1.77158571,2.43346095,1.34698331,1.34706253,-0.000492305542,0.001998960000
2026-05-23,ETHUSDT,288,1440,3,2116.82000000,-0.02193367,-0.008423011876,4598780285.12317181,0.000055153333,0.000165460000,3.45201775,1.43419137,2.99686368,1.16376371,-0.000427616076,0.001123240000
2026-05-23,FILUSDT,288,1440,3,0.98200000,-0.07008075,-0.027494908350,40391645.06876623,-0.000006243333,-0.000018730000,2.17226548,2.82584285,1.79502558,1.43454202,-0.000484414458,0.002335680000
2026-05-23,INJUSDT,288,1440,3,5.33600000,-0.02922544,-0.038418290855,22577176.01890285,-0.000230160000,-0.000690480000,1.63929357,1.13825223,1.61542359,1.13473154,-0.000703373069,0.002609010000
2026-05-23,LINKUSDT,288,1440,3,9.55900000,-0.04965503,-0.013913589288,86756486.02757289,-0.000016440000,-0.000049320000,2.48518410,2.81523284,1.88634024,1.14663025,-0.000503302035,0.001112950000
2026-05-23,LTCUSDT,288,1440,3,53.45000000,-0.03457735,-0.013657623948,56247980.68184691,-0.000009603333,-0.000028810000,2.79693566,2.85257074,2.12812537,1.25043912,-0.000530035125,0.001121370000
2026-05-23,NEARUSDT,288,1440,3,2.45100000,0.00967636,-0.023255813953,130922604.68854466,0.000042633333,0.000127900000,1.19890673,1.79480888,1.19070696,1.10807557,-0.000386645813,0.002551280000
2026-05-23,OPUSDT,288,1440,3,0.13030000,-0.07915830,-0.036838066002,16992995.85616350,-0.000041940000,-0.000125820000,1.35458226,1.92560366,1.03482390,1.50403275,-0.000538549972,0.004523520000
2026-05-23,SOLUSDT,288,1440,3,85.71000000,-0.04342702,-0.005600280014,850107665.26503658,-0.000127903333,-0.000383710000,3.36999797,1.71737915,3.18089886,1.13923726,-0.000649119806,0.001744710000
2026-05-23,UNIUSDT,288,1440,3,3.46200000,0.03400007,-0.022819179665,69718525.25560950,-0.000012833333,-0.000038500000,1.73557766,2.36892809,1.23758095,1.10944033,-0.000475540563,0.001679280000
2026-05-23,XRPUSDT,288,1440,3,1.35750000,-0.03191298,-0.005524861878,415891741.11727601,-0.000039850000,-0.000119550000,3.13558154,1.59000658,2.83919914,1.08250534,-0.000553022986,0.002777030000
2026-05-24,ADAUSDT,288,1440,3,0.24200000,-0.04898423,0.006198347107,88161459.28269747,0.000046326667,0.000138980000,2.55978478,1.49030802,2.13095347,1.37578109,-0.000504414486,0.002195690000
2026-05-24,APTUSDT,288,1440,3,0.94470000,0.00644420,0.023711231079,19515646.14238429,0.000012156667,0.000036470000,1.46997122,2.16765527,1.15036444,1.31479919,-0.000549286417,0.002460690000
2026-05-24,ARBUSDT,288,1440,3,0.10560000,-0.01065035,0.026515151515,26754684.45060404,-0.000039523333,-0.000118570000,1.30219074,1.52907937,0.97434821,1.37681165,-0.000578775750,0.002527100000
2026-05-24,AVAXUSDT,288,1440,3,9.20800000,-0.00028504,0.010425716768,73933858.66709021,0.000074686667,0.000224060000,2.33271900,1.86385446,1.85857676,1.22536985,-0.000446012451,0.001608590000
2026-05-24,BCHUSDT,288,1440,3,346.38000000,0.00084207,0.014146313298,118633286.00616363,-0.000539456667,-0.001618370000,2.11283505,1.21640536,1.80039570,1.16462498,-0.001095504132,0.005723640000
2026-05-24,BNBUSDT,288,1440,3,656.87000000,0.00170527,0.010047650220,382640547.59654129,0.000062690000,0.000188070000,2.47798627,1.44401692,2.57346862,1.05157022,0.000529861389,0.001238420000
2026-05-24,BTCUSDT,288,1440,3,77030.30000000,-0.01541836,0.003261054416,7778579638.95018768,0.000071996667,0.000215990000,1.18119824,1.15837854,1.15683124,1.15482015,-0.000424576465,0.001532360000
2026-05-24,DOGEUSDT,288,1440,3,0.10222000,-0.02133603,-0.001369594991,224831697.06803751,0.000048880000,0.000146640000,2.44651134,2.17883770,2.04267083,1.14097147,-0.000477557111,0.001559900000
2026-05-24,DOTUSDT,288,1440,3,1.24400000,-0.06004748,0.012861736334,32351231.57791373,0.000031116667,0.000093350000,2.37279518,1.93169111,2.02527456,1.26871980,-0.000541624222,0.002085970000
2026-05-24,ETCUSDT,288,1440,3,8.90300000,0.01028689,0.003369650680,20836718.14068097,0.000037283333,0.000111850000,1.80569879,2.38155787,1.37586775,1.36640126,-0.000485276347,0.002551010000
2026-05-24,ETHUSDT,288,1440,3,2098.99000000,-0.01222683,0.006026708083,4542551793.07101536,0.000067513333,0.000202540000,2.56985017,1.53615422,2.25185853,1.13242644,-0.000437540174,0.002086030000
2026-05-24,FILUSDT,288,1440,3,0.95500000,-0.00582737,0.028272251309,40156268.06251494,-0.000031173333,-0.000093520000,2.02843132,2.73681856,1.60772357,1.65036416,-0.000529308347,0.002566290000
2026-05-24,INJUSDT,288,1440,3,5.13100000,0.02713099,0.104657961411,23189717.11402306,-0.000086730000,-0.000260190000,1.45078200,1.22135112,1.42464981,1.22613886,-0.000619530826,0.002307170000
2026-05-24,LINKUSDT,288,1440,3,9.42600000,-0.03558561,0.007744536389,83669203.52651858,0.000038080000,0.000114240000,2.31352294,3.00010102,1.74851238,1.15689596,-0.000475847236,0.002080380000
2026-05-24,LTCUSDT,288,1440,3,52.72000000,-0.00156189,-0.000189681335,56160127.77269524,-0.000001723333,-0.000005170000,2.65767579,2.90940683,2.01946249,1.15454034,-0.000528299333,0.001711490000
2026-05-24,NEARUSDT,288,1440,3,2.39400000,0.15669534,0.157059314954,151437566.23978072,0.000062450000,0.000187350000,1.11492235,1.80611474,1.13099983,1.08142128,-0.000405109222,0.002980440000
2026-05-24,OPUSDT,288,1440,3,0.12550000,-0.02047322,0.032669322709,16645094.43218573,-0.000033750000,-0.000101250000,1.25478813,1.89829575,0.95324862,1.63291956,-0.000526299215,0.002091600000
2026-05-24,SOLUSDT,288,1440,3,85.23000000,-0.02433698,-0.002581250733,829418611.53766620,0.000007866667,0.000023600000,3.05130973,1.83513681,2.78686358,1.19135577,-0.000491206785,0.001642920000
2026-05-24,UNIUSDT,288,1440,3,3.38300000,-0.01533548,-0.017144546261,68649358.26310666,0.000058980000,0.000176940000,1.55088142,2.77433200,1.09142587,1.35413767,-0.000488255028,0.001648160000
2026-05-24,XRPUSDT,288,1440,3,1.35000000,-0.01378820,-0.000444444444,410157343.74863565,0.000001560000,0.000004680000,3.16623241,1.66787767,2.76407830,1.16172388,-0.000498845681,0.001751680000
2026-05-25,ADAUSDT,288,1440,3,0.24350000,0.00508972,-0.014784394251,88610176.79453188,0.000017346667,0.000052040000,2.57821876,1.48368173,2.22516470,1.21174070,-0.000423233243,0.001207620000
2026-05-25,APTUSDT,288,1440,3,0.96710000,0.00964970,0.004756488471,19703966.29834303,0.000016703333,0.000050110000,1.41708335,2.26135505,1.11362034,1.34141523,-0.000318437458,0.001719340000
2026-05-25,ARBUSDT,288,1440,3,0.10840000,0.01374198,0.001845018450,27122346.78463691,-0.000011863333,-0.000035590000,1.28578648,1.57293262,0.96865291,1.36192567,-0.000446942681,0.002118760000
2026-05-25,AVAXUSDT,288,1440,3,9.30400000,-0.00329233,-0.018164230439,73690444.22582470,0.000049650000,0.000148950000,2.34050934,1.92423601,1.88132424,1.21610164,-0.000431777139,0.001071210000
2026-05-25,BCHUSDT,288,1440,3,351.28000000,-0.01391744,-0.023371669324,116982214.23555279,-0.000443356667,-0.001330070000,2.06156277,1.17186582,1.78568528,1.14506125,-0.000959991000,0.002083840000
2026-05-25,BNBUSDT,288,1440,3,663.47000000,0.02755484,-0.010083349662,393184145.22692436,0.000037870000,0.000113610000,2.24865153,1.44805714,2.38765610,1.29001948,0.000551344757,0.001433070000
2026-05-25,BTCUSDT,288,1440,3,77281.50000000,-0.00902501,-0.017805037428,7708377894.94918919,0.000038340000,0.000115020000,1.08421906,1.11123170,1.06185909,1.14990931,-0.000459393146,0.001023170000
2026-05-25,DOGEUSDT,288,1440,3,0.10208000,0.00598927,-0.010677899687,226178274.15568253,0.000050780000,0.000152340000,2.41146407,2.27911915,2.05566586,1.28016543,-0.000436441743,0.001108500000
2026-05-25,DOTUSDT,288,1440,3,1.26000000,0.00664470,-0.008730158730,32566195.65932224,0.000026946667,0.000080840000,2.27664048,2.05177617,1.91439138,1.34045516,-0.000346272819,0.001968790000
2026-05-25,ETCUSDT,288,1440,3,8.93300000,-0.01050381,-0.034255009515,20617853.24334325,0.000066473333,0.000199420000,1.61299270,2.35341867,1.29637037,1.26148157,-0.000347037236,0.001560480000
2026-05-25,ETHUSDT,288,1440,3,2111.64000000,0.00151570,-0.018303309276,4549436925.14473534,0.000047053333,0.000141160000,2.60010773,1.52821286,2.29901965,1.10392074,-0.000446276396,0.001057590000
2026-05-25,FILUSDT,288,1440,3,0.98200000,-0.00140708,0.026476578411,40099765.03619847,0.000058280000,0.000174840000,1.94131760,2.75199294,1.53741403,1.85868660,-0.000422950667,0.002093580000
2026-05-25,INJUSDT,288,1440,3,5.66800000,0.10300538,0.001235003529,25578382.66478545,-0.000129326667,-0.000387980000,1.34914342,1.15427835,1.35532662,1.18277027,-0.000617655771,0.002969820000
2026-05-25,LINKUSDT,288,1440,3,9.49900000,-0.00461612,-0.012527634488,83282976.80605015,0.000038350000,0.000115050000,2.19883284,2.81001534,1.70281702,1.32318303,-0.000453606153,0.001126870000
2026-05-25,LTCUSDT,288,1440,3,52.71000000,0.00652790,-0.015556820338,56526735.21258501,0.000034830000,0.000104490000,2.61399631,2.88314914,1.99543834,1.19488517,-0.000475800215,0.001081740000
2026-05-25,NEARUSDT,288,1440,3,2.77000000,0.09570993,-0.078339350181,165931644.35743216,0.000059750000,0.000179250000,1.02770437,1.76757448,1.08399772,1.11027182,-0.000496341125,0.002699330000
2026-05-25,OPUSDT,288,1440,3,0.12960000,-0.01360537,-0.014660493827,16418631.68078657,0.000039373333,0.000118120000,1.29075435,1.85902118,0.96956345,1.63077323,-0.000454795160,0.002036990000
2026-05-25,SOLUSDT,288,1440,3,85.01000000,-0.02596700,-0.015880484649,807881099.28932083,-0.000016826667,-0.000050480000,3.07231442,2.00664892,2.83417958,1.21595653,-0.000488357139,0.001055280000
2026-05-25,UNIUSDT,288,1440,3,3.32500000,-0.00994552,-0.022857142857,67966604.69428898,-0.000018256667,-0.000054770000,1.54036137,3.49596504,1.09021789,1.33875463,-0.000526584479,0.001473980000
2026-05-25,XRPUSDT,288,1440,3,1.34940000,-0.00268199,-0.015636579220,409057306.17593253,0.000027690000,0.000083070000,3.17876791,1.78882566,2.73929362,1.09543104,-0.000467763618,0.000902750000
2026-05-26,ADAUSDT,288,1440,3,0.23990000,-0.01533418,-0.011671529804,87251412.55352676,0.000053326667,0.000159980000,2.72237010,1.51281042,2.31940450,1.32127616,-0.000540420146,0.001709750000
2026-05-26,APTUSDT,288,1440,3,0.97170000,0.02657731,-0.022640732736,20227644.75917482,0.000052920000,0.000158760000,1.54236416,2.24004633,1.26435893,1.31116738,-0.000478384458,0.002111210000
2026-05-26,ARBUSDT,288,1440,3,0.10860000,-0.02804853,-0.012891344383,26361604.83656948,0.000095980000,0.000287940000,1.34515328,1.58988009,1.01127073,1.55816011,-0.000416044785,0.002220300000
2026-05-26,AVAXUSDT,288,1440,3,9.13500000,-0.02754663,-0.010946907499,71660521.05101790,0.000051086667,0.000153260000,2.44148705,1.90870529,1.97822747,1.24495979,-0.000488587764,0.001557730000
2026-05-26,BCHUSDT,288,1440,3,343.07000000,-0.00331245,-0.025300958988,116594716.72785832,-0.000349126667,-0.001047380000,1.98909873,1.16106057,1.67155462,1.14971568,-0.000848596958,0.001863680000
2026-05-26,BNBUSDT,288,1440,3,656.78000000,-0.01036750,-0.011693413320,389107810.34196341,0.000027306667,0.000081920000,2.35474712,1.43768877,2.49154372,1.28089514,0.000486186556,0.000965600000
2026-05-26,BTCUSDT,288,1440,3,75905.50000000,-0.01651514,-0.019595417987,7581072961.44389343,0.000058953333,0.000176860000,1.19173873,1.17366401,1.16167647,1.13476955,-0.000414047889,0.001090090000
2026-05-26,DOGEUSDT,288,1440,3,0.10099000,0.00282228,-0.005545103476,226816613.52321446,0.000047360000,0.000142080000,2.51276087,2.26610949,2.16382715,1.26933951,-0.000493265646,0.001481270000
2026-05-26,DOTUSDT,288,1440,3,1.24900000,0.00755591,-0.016813450761,32812263.02915214,0.000051310000,0.000153930000,2.24518043,1.97038292,1.86379038,1.25018920,-0.000537008576,0.002973190000
2026-05-26,ETCUSDT,288,1440,3,8.62700000,-0.03918754,-0.021096557320,19809890.38307636,0.000018260000,0.000054780000,1.60950389,2.26609648,1.22923645,1.34355428,-0.000533760090,0.002208230000
2026-05-26,ETHUSDT,288,1440,3,2072.99000000,-0.00211606,-0.023777249287,4539810023.87042332,0.000035530000,0.000106590000,3.02098982,1.51830629,2.60160733,1.14356869,-0.000463564375,0.001556490000
2026-05-26,FILUSDT,288,1440,3,1.00800000,0.06873908,0.020833333333,42856186.09332641,-0.000021573333,-0.000064720000,2.15222991,2.93483084,1.79828642,1.50660361,-0.000549899361,0.002028380000
2026-05-26,INJUSDT,288,1440,3,5.67500000,0.09232934,-0.035594713656,27940017.75343955,-0.000130836667,-0.000392510000,1.64162836,1.17243768,1.66590353,1.21225694,-0.000705902764,0.002499360000
2026-05-26,LINKUSDT,288,1440,3,9.38000000,0.03436733,-0.026652452026,86145190.40707867,0.000062213333,0.000186640000,2.24435082,2.61916574,1.72319250,1.38138218,-0.000441018507,0.001857340000
2026-05-26,LTCUSDT,288,1440,3,51.89000000,0.00614633,0.000963576797,56874166.93294077,0.000002610000,0.000007830000,2.58833221,2.78609575,1.97443379,1.26409849,-0.000494673215,0.001234970000
2026-05-26,NEARUSDT,288,1440,3,2.55300000,0.05186491,-0.025460242852,174537673.59359342,-0.000096890000,-0.000290670000,0.94012141,1.60135976,0.98750344,1.11229016,-0.000454814431,0.003858260000
2026-05-26,OPUSDT,288,1440,3,0.12770000,0.00810628,-0.031323414252,16551725.77443705,0.000069386667,0.000208160000,1.39303110,1.90822903,1.05584722,1.45334309,-0.000424592306,0.002056510000
2026-05-26,SOLUSDT,288,1440,3,83.66000000,-0.01862273,-0.015300023906,792836143.83193612,-0.000003496667,-0.000010490000,3.38693862,1.99759616,3.16812935,1.13177040,-0.000584085826,0.001591770000
2026-05-26,UNIUSDT,288,1440,3,3.24900000,-0.00275672,-0.048630347799,67779239.93638901,0.000026760000,0.000080280000,1.53620182,3.24171427,1.08055034,1.40007674,-0.000486376000,0.001753680000
2026-05-26,XRPUSDT,288,1440,3,1.32830000,-0.01320610,-0.016110818339,403655253.54308248,-0.000022016667,-0.000066050000,3.17779280,1.81142945,2.78190185,1.12221871,-0.000540317014,0.001580530000
2026-05-27,ADAUSDT,288,1440,3,0.23710000,-0.00624344,-0.009700548292,86706663.95271862,-0.000004066667,-0.000012200000,2.79229976,1.49188203,2.37446561,1.14351192,-0.000483115486,0.001342090000
2026-05-27,APTUSDT,288,1440,3,0.94970000,-0.00999035,-0.010529640939,20025563.40799531,-0.000017100000,-0.000051300000,1.87999898,2.09094049,1.60955094,1.24215846,-0.000542691569,0.002034760000
2026-05-27,ARBUSDT,288,1440,3,0.10720000,-0.02485587,-0.026119402985,25706364.32755858,0.000030106667,0.000090320000,1.48683434,1.60013919,1.12518433,1.41013821,-0.000478244264,0.002209550000
2026-05-27,AVAXUSDT,288,1440,3,9.03500000,-0.00597453,-0.012506917543,71232383.10532755,0.000011746667,0.000035240000,2.30859929,1.76710459,1.84938144,1.18158985,-0.000484435083,0.001568430000
2026-05-27,BCHUSDT,288,1440,3,334.39000000,-0.01002332,-0.103681330183,115426050.91025627,-0.000231276667,-0.000693830000,2.08862758,1.17858512,1.71563744,1.07480201,-0.000707862292,0.001840250000
2026-05-27,BNBUSDT,288,1440,3,649.10000000,-0.00930566,-0.016083808350,385486904.85986072,0.000057776667,0.000173330000,2.50549447,1.48165426,2.65827322,1.13310773,0.000555803250,0.001051030000
2026-05-27,BTCUSDT,288,1440,3,74418.10000000,0.00632304,-0.011108856582,7629008412.42997837,0.000096206667,0.000288620000,1.48717674,1.33210820,1.49950217,1.08190592,-0.000399765764,0.001207220000
2026-05-27,DOGEUSDT,288,1440,3,0.10043000,0.02002141,-0.009160609380,231357801.79043204,0.000040573333,0.000121720000,2.60503774,2.24130898,2.26929499,1.16149694,-0.000447749833,0.001427420000
2026-05-27,DOTUSDT,288,1440,3,1.22800000,-0.00247967,-0.013843648208,32730899.39711300,-0.000072523333,-0.000217570000,2.36926049,1.75217380,2.01706985,1.20632084,-0.000517117764,0.002043950000
2026-05-27,ETCUSDT,288,1440,3,8.44500000,-0.01748019,-0.023801065719,19463609.82066371,0.000018033333,0.000054100000,1.51638708,2.15847356,1.11503230,1.03464405,-0.000513707035,0.001836210000
2026-05-27,ETHUSDT,288,1440,3,2023.70000000,0.02899366,-0.007303454069,4671435713.86958694,0.000055066667,0.000165200000,3.49451243,1.50953290,3.00693389,1.05733213,-0.000453495215,0.001393120000
2026-05-27,FILUSDT,288,1440,3,1.02900000,0.10609953,-0.068027210884,47403207.23070348,-0.000173996667,-0.000521990000,2.66027923,2.41574165,2.51682987,1.07599677,-0.000723983889,0.002810960000
2026-05-27,INJUSDT,288,1440,3,5.47300000,-0.03520115,-0.002375296912,26956497.03717507,-0.000266830000,-0.000800490000,1.82045396,1.06362308,1.95341059,1.26420164,-0.000737277667,0.004663220000
2026-05-27,LINKUSDT,288,1440,3,9.13000000,0.00080964,-0.014457831325,86214936.66359444,0.000026053333,0.000078160000,2.40276429,2.45661174,1.84189718,1.03147803,-0.000439732035,0.001822540000
2026-05-27,LTCUSDT,288,1440,3,51.94000000,0.01452631,-0.005775895264,57700338.95707632,-0.000004460000,-0.000013380000,2.51442868,2.66322557,1.99460268,1.29612728,-0.000503773257,0.001151850000
2026-05-27,NEARUSDT,288,1440,3,2.48800000,-0.14630998,-0.028135048232,149001070.08211038,0.000100000000,0.000300000000,1.08580100,1.71885848,1.14993346,1.09740324,-0.000228454479,0.004125480000
2026-05-27,OPUSDT,288,1440,3,0.12370000,-0.03893081,-0.042845594179,15907353.76554580,0.000093716667,0.000281150000,1.49708634,1.96669353,1.13835582,1.49254021,-0.000444058132,0.002455960000
2026-05-27,SOLUSDT,288,1440,3,82.38000000,0.00211735,-0.003763049284,794514857.34942305,-0.000073023333,-0.000219070000,3.61705308,1.93132577,3.43799539,1.10952426,-0.000531218694,0.001074870000
2026-05-27,UNIUSDT,288,1440,3,3.09100000,-0.01200624,-0.013264315755,66965466.01884878,0.000002703333,0.000008110000,1.51166775,3.00998929,1.08023683,1.33997665,-0.000470181104,0.001460330000
2026-05-27,XRPUSDT,288,1440,3,1.30690000,0.01048564,0.005891805035,407887835.62047309,-0.000014603333,-0.000043810000,3.26919919,1.90079406,2.88633921,1.08123132,-0.000492011882,0.001247600000
2026-05-28,ADAUSDT,288,1440,3,0.23480000,-0.02256501,-0.008517887564,84750126.91119237,-0.000090726667,-0.000272180000,2.79223890,1.34980738,2.35572388,1.07984882,-0.000556879194,0.001444560000
2026-05-28,APTUSDT,288,1440,3,0.93970000,0.01891027,-0.002766840481,20404252.25882921,-0.000187086667,-0.000561260000,1.66422332,1.65197469,1.37573302,1.17156909,-0.000628765757,0.002382610000
2026-05-28,ARBUSDT,288,1440,3,0.10440000,-0.02850976,-0.013409961686,24973481.97589235,-0.000016380000,-0.000049140000,1.48274070,1.38468482,1.11740765,1.64299841,-0.000463638271,0.002617190000
2026-05-28,AVAXUSDT,288,1440,3,8.92200000,-0.00573061,-0.011208249271,70824178.17420119,-0.000058423333,-0.000175270000,2.14102861,1.56027430,1.69628045,1.13458081,-0.000528960569,0.001920650000
2026-05-28,BCHUSDT,288,1440,3,299.72000000,-0.06705288,0.007740557854,107686401.32925975,-0.000232326667,-0.000696980000,2.12190970,1.06195458,1.75937208,1.03574985,-0.000836442160,0.009283340000
2026-05-28,BNBUSDT,288,1440,3,638.66000000,-0.02106582,0.007578367206,377366306.88542992,0.000019293333,0.000057880000,2.62590554,1.50884975,2.70916126,1.11053203,0.000379451625,0.000858560000
2026-05-28,BTCUSDT,288,1440,3,73591.40000000,0.00755693,-0.002217650432,7686660289.47700882,0.000083370000,0.000250110000,1.77607740,1.33473030,1.77639611,1.10661232,-0.000406817674,0.001650750000
2026-05-28,DOGEUSDT,288,1440,3,0.09951000,-0.03724568,0.001406893780,222740722.02990764,-0.000014160000,-0.000042480000,2.79367106,2.10733659,2.37323120,1.14235856,-0.000468272500,0.001281790000
2026-05-28,DOTUSDT,288,1440,3,1.21100000,0.00772625,-0.015689512799,32983786.62296497,-0.000107853333,-0.000323560000,2.30091347,1.48479331,1.94104294,1.17300908,-0.000577302292,0.002217620000
2026-05-28,ETCUSDT,288,1440,3,8.24400000,-0.01763967,-0.005579815623,19120278.14026063,-0.000074860000,-0.000224580000,1.43522654,1.86647744,1.05892751,1.22797502,-0.000604108417,0.002343950000
2026-05-28,ETHUSDT,288,1440,3,2008.92000000,-0.00079885,0.002205164964,4667703920.23998070,0.000026493333,0.000079480000,4.02580458,1.47708971,3.26595209,1.08732232,-0.000454723549,0.001402830000
2026-05-28,FILUSDT,288,1440,3,0.95900000,-0.03078886,-0.004171011470,45943716.60583226,-0.000123470000,-0.000370410000,2.76393018,1.98300289,2.48117557,1.27399982,-0.000539664708,0.002386130000
2026-05-28,INJUSDT,288,1440,3,5.46000000,-0.05222252,0.177106227106,25548760.82058945,-0.000180473333,-0.000541420000,1.66366947,0.87890619,1.78214985,1.20307101,-0.000839072049,0.002919000000
2026-05-28,LINKUSDT,288,1440,3,8.99800000,-0.02373053,0.002111580351,84169010.26178436,0.000010190000,0.000030570000,2.48084220,2.10199069,1.81747312,1.05933500,-0.000514188438,0.001795010000
2026-05-28,LTCUSDT,288,1440,3,51.64000000,-0.06263464,0.004453911696,54086298.86093111,-0.000009286667,-0.000027860000,2.83054329,2.73506724,2.15726981,1.22803074,-0.000502074062,0.001332400000
2026-05-28,NEARUSDT,288,1440,3,2.41800000,-0.09716401,-0.016542597188,134523527.97912228,0.000100000000,0.000300000000,1.14818131,1.69784610,1.15652022,1.11928221,-0.000321651063,0.002023850000
2026-05-28,OPUSDT,288,1440,3,0.11840000,-0.10616434,0.000844594595,14218560.10462428,-0.000106026667,-0.000318080000,1.38895255,1.68784126,1.02584856,1.15325575,-0.000652275181,0.002325530000
2026-05-28,SOLUSDT,288,1440,3,82.07000000,-0.00693412,-0.001096624832,789005593.27924633,-0.000075810000,-0.000227430000,3.86878552,1.86619795,3.63779118,1.11317491,-0.000544753292,0.001472640000
2026-05-28,UNIUSDT,288,1440,3,3.05000000,-0.08161077,-0.010819672131,61500362.73127709,0.000009510000,0.000028530000,1.56302805,3.03592531,1.11564113,1.36237906,-0.000494051382,0.001727410000
2026-05-28,XRPUSDT,288,1440,3,1.31460000,-0.00555214,0.010953902328,405623183.51728117,-0.000039716667,-0.000119150000,3.10560562,1.85383775,2.78520322,1.03584119,-0.000538166160,0.001229600000
2026-05-29,ADAUSDT,288,1440,3,0.23280000,-0.01820828,0.012886597938,83206973.08079270,0.000028523333,0.000085570000,2.80910421,1.43915685,2.37698092,1.19948383,-0.000509802507,0.001665470000
2026-05-29,APTUSDT,288,1440,3,0.93710000,-0.00558606,0.003414790311,20290272.80039938,0.000001546667,0.000004640000,1.56918108,1.81007319,1.28279904,1.20880182,-0.000473356681,0.002058980000
2026-05-29,ARBUSDT,288,1440,3,0.10300000,-0.01868589,0.001941747573,24506830.26279039,0.000100000000,0.000300000000,1.50155608,1.36184017,1.13689104,1.38608552,-0.000307228660,0.002051520000
2026-05-29,AVAXUSDT,288,1440,3,8.82200000,0.01046067,0.013602357742,71565046.39206603,0.000031090000,0.000093270000,2.16252564,1.57420162,1.68264155,1.15741727,-0.000449361715,0.001213870000
2026-05-29,BCHUSDT,288,1440,3,302.04000000,0.00171213,0.004767580453,107870774.10757385,-0.000479423333,-0.001438270000,2.07646787,0.89321843,1.73038358,1.17625499,-0.000842816062,0.002640050000
2026-05-29,BNBUSDT,288,1440,3,643.50000000,-0.00651543,0.117342657343,374907601.45877123,0.000026473333,0.000079420000,2.43767994,1.51650006,2.56090355,1.20779572,0.000497194681,0.000863050000
2026-05-29,BTCUSDT,288,1440,3,73428.20000000,0.00885504,0.005836994506,7754725943.30847073,0.000073643333,0.000220930000,1.68157648,1.37861903,1.67990711,1.10379127,-0.000445892597,0.000975490000
2026-05-29,DOGEUSDT,288,1440,3,0.09965000,-0.00706205,0.009131961867,221167715.32943359,0.000076326667,0.000228980000,2.84430083,2.18395258,2.40955534,1.22273389,-0.000421422090,0.001015020000
2026-05-29,DOTUSDT,288,1440,3,1.19200000,0.03917707,-0.002516778523,34275994.77685634,0.000001073333,0.000003220000,2.24219821,1.51503925,1.87298334,1.10871415,-0.000502346451,0.001847950000
2026-05-29,ETCUSDT,288,1440,3,8.19800000,0.02796013,0.001341790681,19654883.65365130,0.000009150000,0.000027450000,1.47506080,1.64080508,1.08305857,1.24271134,-0.000485235549,0.001790870000
2026-05-29,ETHUSDT,288,1440,3,2013.35000000,-0.02215229,0.004087714506,4564303609.89356136,0.000073960000,0.000221880000,3.33276683,1.47837199,2.79132390,1.11913501,-0.000435596111,0.001067630000
2026-05-29,FILUSDT,288,1440,3,0.95500000,-0.03353539,0.017801047120,44402976.25303642,0.000090693333,0.000272080000,2.18574394,2.28713324,1.79193752,1.33916428,-0.000423318868,0.002224370000
2026-05-29,INJUSDT,288,1440,3,6.42700000,0.19215348,0.025672942275,30458044.23274940,-0.000478516667,-0.001435550000,1.68533436,0.85938273,1.82199338,1.09709661,-0.000925307111,0.002822710000
2026-05-29,LINKUSDT,288,1440,3,9.01700000,-0.01613478,0.018853277143,82810961.80753016,0.000012040000,0.000036120000,2.49818529,1.87006172,1.81092538,1.03938998,-0.000468928785,0.001190230000
2026-05-29,LTCUSDT,288,1440,3,51.87000000,-0.02766226,0.010796221323,52590149.66203592,0.000067946667,0.000203840000,3.07334447,2.82361533,2.30204157,1.20334443,-0.000409803229,0.001224930000
2026-05-29,NEARUSDT,288,1440,3,2.37800000,0.00328961,-0.054667788057,134966057.95625797,0.000050536667,0.000151610000,1.12897516,1.85052144,1.14385702,1.12967442,-0.000436777854,0.001756770000
2026-05-29,OPUSDT,288,1440,3,0.11850000,-0.02150733,0.016877637131,13912756.82212486,-0.000130473333,-0.000391420000,1.38113489,1.51859885,0.99983093,1.34337127,-0.000609083931,0.003123050000
2026-05-29,SOLUSDT,288,1440,3,81.98000000,-0.01919896,0.008660648939,773857508.93767452,0.000043513333,0.000130540000,3.79258199,1.83596294,3.56255670,1.12832109,-0.000452804604,0.000873530000
2026-05-29,UNIUSDT,288,1440,3,3.01700000,0.02432308,0.011932383162,62996240.70768020,0.000063000000,0.000189000000,1.57409316,3.02447155,1.11934534,1.25204407,-0.000430661278,0.001424800000
2026-05-29,XRPUSDT,288,1440,3,1.32900000,-0.00667728,0.008427389014,402914725.50967139,0.000030343333,0.000091030000,3.05415472,1.93440490,2.73478519,1.16599693,-0.000452784972,0.001263580000
2026-05-30,ADAUSDT,288,1440,3,0.23580000,0.01054896,-0.001272264631,84084719.82018594,-0.000030080000,-0.000090240000,2.85400137,1.63240554,2.41662384,1.41956620,-0.000513657924,0.003169770000
2026-05-30,APTUSDT,288,1440,3,0.94030000,-0.01761671,0.006168244177,19932824.97741289,0.000030436667,0.000091310000,1.58726033,2.08026239,1.31386011,1.37300373,-0.000478256326,0.004546270000
2026-05-30,ARBUSDT,288,1440,3,0.10320000,-0.01727971,0.002906976744,24083359.22503115,0.000079130000,0.000237390000,1.52527705,1.50902308,1.14255269,1.93193677,-0.000447816090,0.003169940000
2026-05-30,AVAXUSDT,288,1440,3,8.94200000,0.00352153,0.004249608589,71817064.66971712,0.000070480000,0.000211440000,2.17310037,1.75217861,1.67126078,1.39016712,-0.000433218000,0.003389500000
2026-05-30,BCHUSDT,288,1440,3,303.48000000,-0.01806377,-0.002998550152,105922221.46862641,-0.000142916667,-0.000428750000,2.07462082,0.94564586,1.74257666,1.22787655,-0.000696036819,0.002363430000
2026-05-30,BNBUSDT,288,1440,3,719.01000000,0.23814819,-0.011265490049,464191168.68036926,0.000088563333,0.000265690000,1.53836027,1.38872336,1.71084071,1.20508570,0.000568833937,0.001922730000
2026-05-30,BTCUSDT,288,1440,3,73856.80000000,-0.01104154,-0.002756685911,7669101858.03965855,0.000048033333,0.000144100000,1.62776055,1.38897276,1.63913813,1.29650987,-0.000459481736,0.000847690000
2026-05-30,DOGEUSDT,288,1440,3,0.10056000,0.00868386,-0.001789976134,223088304.90052056,0.000040420000,0.000121260000,2.99696834,2.40212139,2.50217587,1.26877709,-0.000446994208,0.002022960000
2026-05-30,DOTUSDT,288,1440,3,1.18900000,0.02792152,-0.000841042893,35233032.52962419,-0.000001886667,-0.000005660000,2.27024795,1.62686909,1.84825153,1.38146233,-0.000534282486,0.004736350000
2026-05-30,ETCUSDT,288,1440,3,8.20900000,0.01431348,-0.003410890486,19936213.36739140,-0.000001156667,-0.000003470000,1.48388650,1.62840760,1.09741037,1.49791769,-0.000532876229,0.001903500000
2026-05-30,ETHUSDT,288,1440,3,2021.58000000,-0.02452605,-0.007553497759,4452359266.32217979,0.000056956667,0.000170870000,3.25291802,1.50590137,2.76586595,1.27792769,-0.000421295778,0.000769620000
2026-05-30,FILUSDT,288,1440,3,0.97200000,-0.02150871,-0.037037037037,43447925.69099143,0.000048346667,0.000145040000,2.07426379,2.55978101,1.72645448,1.64593857,-0.000364390833,0.004256780000
2026-05-30,INJUSDT,288,1440,3,6.59200000,0.13638165,-0.008495145631,34611962.43171268,-0.000400260000,-0.001200780000,1.65693500,0.96540264,1.83224398,1.13055765,-0.000830236965,0.004398060000
2026-05-30,LINKUSDT,288,1440,3,9.18700000,-0.00191827,-0.004789376293,82652108.13096462,0.000017713333,0.000053140000,2.45637091,1.93037280,1.81213822,1.33213536,-0.000472527389,0.002917050000
2026-05-30,LTCUSDT,288,1440,3,52.43000000,0.01817603,-0.007247758917,53546029.55193774,0.000030453333,0.000091360000,3.36846093,2.89240053,2.49152547,1.65149135,-0.000514496854,0.001839780000
2026-05-30,NEARUSDT,288,1440,3,2.24800000,-0.08871239,0.032028469751,122992895.92995904,0.000100000000,0.000300000000,1.15806990,1.90816375,1.10827338,1.11376738,-0.000341478271,0.003276500000
2026-05-30,OPUSDT,288,1440,3,0.12050000,0.01128178,-0.016597510373,14069717.43648112,-0.000029620000,-0.000088860000,1.39931695,1.54567870,1.03485579,1.60266680,-0.000522524188,0.003844630000
2026-05-30,SOLUSDT,288,1440,3,82.69000000,-0.01035527,-0.003628008223,765844004.90985417,0.000051580000,0.000154740000,3.69261872,1.82611480,3.48128203,1.43367500,-0.000465471965,0.002735470000
2026-05-30,UNIUSDT,288,1440,3,3.05300000,-0.00327912,-0.009498853587,62789668.27903794,0.000019276667,0.000057830000,1.65527744,3.18762879,1.16553447,1.24157069,-0.000477696507,0.002719270000
2026-05-30,XRPUSDT,288,1440,3,1.34020000,0.00606828,-0.005596179675,405359725.85190105,0.000022853333,0.000068560000,3.28651567,1.94462099,2.92029929,1.20446499,-0.000501904833,0.001007710000
2026-05-31,ADAUSDT,288,1440,3,0.23550000,0.00339841,-0.019532908705,84370474.29506186,0.000020750000,0.000062250000,2.85135014,1.64264414,2.41932669,1.29929413,-0.000477847951,0.001496310000
2026-05-31,APTUSDT,288,1440,3,0.94610000,-0.01327893,-0.004016488743,19668138.39736978,-0.000050436667,-0.000151310000,1.69584453,2.20693370,1.40100662,1.22896656,-0.000595560187,0.002061410000
2026-05-31,ARBUSDT,288,1440,3,0.10350000,-0.02277336,-0.010628019324,23534900.21718019,-0.000078830000,-0.000236490000,1.50670042,1.52296999,1.12474319,1.59688139,-0.000539687035,0.002477680000
2026-05-31,AVAXUSDT,288,1440,3,8.98000000,-0.00583289,-0.005345211581,71398163.96129262,0.000053056667,0.000159170000,2.24699886,1.78595076,1.73750036,1.22686470,-0.000463111958,0.001049450000
2026-05-31,BCHUSDT,288,1440,3,302.57000000,0.00164036,-0.030472287405,106095972.04639307,-0.000197973333,-0.000593920000,2.11842687,1.13495201,1.71587434,1.18235700,-0.000745605986,0.001755240000
2026-05-31,BNBUSDT,288,1440,3,710.91000000,0.18858498,-0.024560070895,551730651.12434113,0.000000383333,0.000001150000,1.28129170,1.17982598,1.41031544,1.11322799,0.000421289056,0.001144630000
2026-05-31,BTCUSDT,288,1440,3,73653.20000000,0.00917391,-0.030707423438,7739457502.09125042,0.000053610000,0.000160830000,1.50422810,1.37568182,1.49898618,1.22857050,-0.000439008153,0.000883770000
2026-05-31,DOGEUSDT,288,1440,3,0.10038000,0.01040832,0.006674636382,225410279.24434593,0.000062320000,0.000186960000,3.14202871,2.46341792,2.63239970,1.17456583,-0.000479987007,0.001043750000
2026-05-31,DOTUSDT,288,1440,3,1.18800000,0.04416946,-0.025252525253,36789256.46233003,-0.000047670000,-0.000143010000,2.18432326,1.67456860,1.76844629,1.34053684,-0.000597747028,0.001948020000
2026-05-31,ETCUSDT,288,1440,3,8.18100000,-0.00368419,-0.011612272338,19862764.54814424,-0.000003020000,-0.000009060000,1.46560706,1.62193081,1.09914271,1.40669972,-0.000469430458,0.001763190000
2026-05-31,ETHUSDT,288,1440,3,2006.31000000,0.00398736,-0.000154512513,4470112420.58651543,0.000061046667,0.000183140000,3.25545456,1.53751764,2.73941521,1.26158690,-0.000442916611,0.001109650000
2026-05-31,FILUSDT,288,1440,3,0.93600000,-0.05337954,0.021367521368,41128695.48815052,0.000041926667,0.000125780000,2.09458627,2.48917314,1.70443087,1.56919399,-0.000577379799,0.002355610000
2026-05-31,INJUSDT,288,1440,3,6.53600000,-0.05493936,0.068696450428,32710403.24347083,-0.000130910000,-0.000392730000,1.68169229,0.95701051,1.79337050,1.21090175,-0.000580288076,0.002441100000
2026-05-31,LINKUSDT,288,1440,3,9.14300000,-0.00516607,-0.009843596194,82225121.79950772,0.000050216667,0.000150650000,2.57528624,1.81600045,1.90683998,1.16167760,-0.000462376542,0.001239590000
2026-05-31,LTCUSDT,288,1440,3,52.05000000,0.02333216,-0.024783861671,54795374.01486037,-0.000033376667,-0.000100130000,3.49474410,2.79347420,2.59970443,1.67619723,-0.000520943292,0.001163630000
2026-05-31,NEARUSDT,288,1440,3,2.32000000,-0.08548814,0.136637931034,112478462.02248196,0.000042450000,0.000127350000,1.18552991,2.03959606,1.11210800,1.17938006,-0.000509222104,0.002411840000
2026-05-31,OPUSDT,288,1440,3,0.11850000,-0.01266352,0.049789029536,13891545.28794432,0.000056353333,0.000169060000,1.40479339,1.58689967,1.03026221,1.41857440,-0.000336354229,0.001854780000
2026-05-31,SOLUSDT,288,1440,3,82.39000000,0.00086802,-0.013836630659,766508769.64175963,0.000028720000,0.000086160000,3.79728839,1.82427456,3.52514934,1.23495858,-0.000478087597,0.001035160000
2026-05-31,UNIUSDT,288,1440,3,3.02400000,-0.02905759,-0.013558201058,60965151.80361574,-0.000002703333,-0.000008110000,1.67700442,3.10565578,1.17022159,1.34855474,-0.000519474604,0.001484340000
2026-05-31,XRPUSDT,288,1440,3,1.33270000,0.00964407,-0.027012831095,409269043.74077934,-0.000014253333,-0.000042760000,3.55461562,1.82285963,3.17720173,1.19538238,-0.000499573896,0.001363260000
2026-06-01,ADAUSDT,288,1440,0,0.23090000,0.00071433,-0.078388912949,84430742.58254215,0.000000000000,0.000000000000,2.86311614,1.61980626,2.42033523,1.05336014,-0.000438874625,0.001616020000
2026-06-01,APTUSDT,288,1440,0,0.94230000,-0.00275327,-0.125119388730,19613986.66304247,0.000000000000,0.000000000000,1.57114253,2.30392480,1.24349827,1.17502751,-0.000447651306,0.001998920000
2026-06-01,ARBUSDT,288,1440,0,0.10240000,-0.00732262,-0.093750000000,23362563.00835495,0.000000000000,0.000000000000,1.51361007,1.54150315,1.12774473,1.40214883,-0.000455282083,0.002601780000
2026-06-01,AVAXUSDT,288,1440,0,8.93200000,-0.01227737,-0.084639498433,70521582.37692945,0.000000000000,0.000000000000,2.21943258,1.74325358,1.69930261,1.05873840,-0.000433466674,0.001194470000
2026-06-01,BCHUSDT,288,1440,0,293.35000000,-0.04158550,-0.085017896710,101683917.88001984,0.000000000000,0.000000000000,2.19065660,0.98016330,1.80321136,1.11737126,-0.001087540507,0.002502020000
2026-06-01,BNBUSDT,288,1440,0,693.45000000,-0.11907856,-0.061114716274,486031359.81192189,0.000000000000,0.000000000000,1.84585324,1.11630541,1.99002935,1.07768013,0.000463092194,0.001345080000
2026-06-01,BTCUSDT,288,1440,0,71391.50000000,-0.01393715,-0.065294888047,7631591494.19248772,0.000000000000,0.000000000000,1.82801103,1.47564626,1.77541987,1.12036522,-0.000394180771,0.000790090000
2026-06-01,DOGEUSDT,288,1440,0,0.10105000,-0.00991965,-0.082434438397,223174288.64721951,0.000000000000,0.000000000000,3.18380778,2.57607268,2.62249018,1.08671639,-0.000378317396,0.001008280000
2026-06-01,DOTUSDT,288,1440,0,1.15800000,-0.00794118,-0.068221070812,36497106.20052133,0.000000000000,0.000000000000,2.20270479,1.62963478,1.76643574,1.12133156,-0.000427211201,0.002024170000
2026-06-01,ETCUSDT,288,1440,0,8.08600000,-0.02522086,-0.060103883255,19361808.45217035,0.000000000000,0.000000000000,1.46670015,1.60425609,1.10622100,1.35081776,-0.000494560868,0.002126850000
2026-06-01,ETHUSDT,288,1440,0,2006.00000000,0.01964478,-0.073300099701,4557926799.56366539,0.000000000000,0.000000000000,3.77769113,1.62140961,3.06598809,1.05396384,-0.000388336833,0.000825110000
2026-06-01,FILUSDT,288,1440,0,0.95600000,0.02051858,-0.099372384937,41972598.04970464,0.000000000000,0.000000000000,1.74237900,2.40736332,1.35351630,1.10910823,-0.000461062868,0.002408710000
2026-06-01,INJUSDT,288,1440,0,6.98500000,0.04337374,-0.057981388690,34129175.79785204,0.000000000000,0.000000000000,1.70655390,0.95626689,1.81130277,1.09055993,-0.000554583646,0.003589630000
2026-06-01,LINKUSDT,288,1440,0,9.05300000,-0.02883324,-0.075444603999,79854305.31348360,0.000000000000,0.000000000000,2.58704743,1.86893752,1.88136928,1.08607231,-0.000414614889,0.001146990000
2026-06-01,LTCUSDT,288,1440,0,50.76000000,0.01276401,-0.076635145784,55494782.78478783,0.000000000000,0.000000000000,3.33047204,2.68573929,2.43260642,1.19652766,-0.000448184590,0.001047890000
2026-06-01,NEARUSDT,288,1440,0,2.63700000,0.04109057,-0.004171406902,117100265.89593185,0.000000000000,0.000000000000,1.28941876,1.97344245,1.21791654,1.11119856,-0.000563292229,0.002426100000
2026-06-01,OPUSDT,288,1440,0,0.12440000,0.00183923,-0.071543408360,13917094.97905393,0.000000000000,0.000000000000,1.33363967,1.64624898,0.96981448,1.28204792,-0.000511530146,0.002353500000
2026-06-01,SOLUSDT,288,1440,0,81.25000000,0.00299964,-0.087015384615,768808021.24495387,0.000000000000,0.000000000000,4.08133276,1.83072717,3.74452113,1.08829875,-0.000435188229,0.001001130000
2026-06-01,UNIUSDT,288,1440,0,2.98300000,-0.01538974,-0.061682869594,60026914.13238519,0.000000000000,0.000000000000,1.68667191,3.05755144,1.16727634,1.18956907,-0.000409009861,0.001359830000
2026-06-01,XRPUSDT,288,1440,0,1.29670000,0.00535236,-0.066090845994,411459598.82703179,0.000000000000,0.000000000000,3.57121252,1.83235226,3.13482257,0.99163575,-0.000456131639,0.000908130000
2026-06-02,ADAUSDT,288,1440,0,0.21280000,-0.02225588,-0.059210526316,82551661.85438104,0.000000000000,0.000000000000,2.89270227,1.60672477,2.40098660,1.08797245,-0.000552374222,0.004466980000
2026-06-02,APTUSDT,288,1440,0,0.82440000,-0.01294356,-0.016375545852,19360111.89882672,0.000000000000,0.000000000000,1.49460742,2.24216139,1.16389466,1.03441148,-0.000732783424,0.005707820000
2026-06-02,ARBUSDT,288,1440,0,0.09280000,-0.04327381,0.000000000000,22351575.87260927,0.000000000000,0.000000000000,1.57257783,1.59089933,1.16067422,1.17234116,-0.000529403167,0.004449130000
2026-06-02,AVAXUSDT,288,1440,0,8.17600000,-0.00183959,-0.016144814090,70391851.28102164,0.000000000000,0.000000000000,2.23873634,1.68179911,1.70812140,1.09386521,-0.000521244542,0.002786900000
2026-06-02,BCHUSDT,288,1440,0,268.41000000,-0.03797854,-0.093960731716,97822110.88636708,0.000000000000,0.000000000000,2.13356204,0.73869695,1.73827160,1.16586962,-0.000801833590,0.003903730000
2026-06-02,BNBUSDT,288,1440,0,651.07000000,-0.07702285,-0.046216228670,448595838.11633873,0.000000000000,0.000000000000,2.41686034,1.17883308,2.52847812,1.12326122,0.000564584521,0.001471780000
2026-06-02,BTCUSDT,288,1440,0,66730.00000000,-0.03027230,-0.039147310055,7400565649.30449295,0.000000000000,0.000000000000,2.25373683,1.48944044,2.12493458,1.14791563,-0.000414849715,0.001570680000
2026-06-02,DOGEUSDT,288,1440,0,0.09272000,-0.02414810,-0.014667817084,217785052.67359728,0.000000000000,0.000000000000,3.22487065,2.50455798,2.61670554,1.08962287,-0.000504710944,0.002553470000
2026-06-02,DOTUSDT,288,1440,0,1.07900000,-0.03539682,0.022242817424,35205224.81828172,0.000000000000,0.000000000000,2.24691979,1.66364121,1.80315368,1.05501640,-0.000644425910,0.004819220000
2026-06-02,ETCUSDT,288,1440,0,7.60000000,-0.02789338,0.014605263158,18821742.12542725,0.000000000000,0.000000000000,1.45420292,1.59791766,1.10141307,1.18020253,-0.000543074438,0.002575630000
2026-06-02,ETHUSDT,288,1440,0,1858.96000000,0.01309718,-0.025013986315,4617622766.78765965,0.000000000000,0.000000000000,3.95219066,1.81138863,2.93884157,1.04722107,-0.000416137715,0.002015970000
2026-06-02,FILUSDT,288,1440,0,0.86100000,-0.02154482,0.074332171893,41068305.94132114,0.000000000000,0.000000000000,1.68742947,2.31309989,1.31375129,1.16335539,-0.000632588583,0.003815870000
2026-06-02,INJUSDT,288,1440,0,6.58000000,-0.00462391,-0.010638297872,33971365.59066983,0.000000000000,0.000000000000,1.78201695,0.99448968,1.88637341,1.04830429,-0.000518843958,0.004475830000
2026-06-02,LINKUSDT,288,1440,0,8.37000000,-0.00054005,-0.004898446834,79811179.64610779,0.000000000000,0.000000000000,2.63617036,1.99281598,1.86865719,1.07908065,-0.000479366903,0.003250960000
2026-06-02,LTCUSDT,288,1440,0,46.87000000,-0.02278189,0.005120546192,54230506.70339171,0.000000000000,0.000000000000,3.20303502,2.70579281,2.33332917,1.15666073,-0.000506970285,0.002933010000
2026-06-02,NEARUSDT,288,1440,0,2.62600000,0.04905584,0.072353389185,122844717.42206705,0.000000000000,0.000000000000,1.35378679,1.93884135,1.30669520,1.04147579,-0.000424689785,0.003073060000
2026-06-02,OPUSDT,288,1440,0,0.11550000,0.00611441,0.062337662338,14002189.81523032,0.000000000000,0.000000000000,1.55231365,1.52118686,1.16065680,1.16727293,-0.000538692819,0.006267300000
2026-06-02,SOLUSDT,288,1440,0,74.18000000,-0.00497025,-0.035049878673,764986849.75399649,0.000000000000,0.000000000000,4.33015573,1.84437295,3.87537552,1.07293253,-0.000544341243,0.003578170000
2026-06-02,UNIUSDT,288,1440,0,2.79900000,-0.03574390,0.000000000000,57881317.85466013,0.000000000000,0.000000000000,1.69731290,3.09324127,1.16502952,1.14955074,-0.000478302785,0.002138170000
2026-06-02,XRPUSDT,288,1440,0,1.21100000,-0.01874138,-0.008670520231,403748276.99911964,0.000000000000,0.000000000000,3.37871693,1.97001486,2.94058030,1.03917826,-0.000548309306,0.003090100000
2026-06-03,ADAUSDT,288,1440,0,0.20020000,-0.06335761,-0.102897102897,77321385.61460871,0.000000000000,0.000000000000,2.80905046,1.46971389,2.35875489,1.11248232,-0.000448039556,0.002558290000
2026-06-03,APTUSDT,288,1440,0,0.81090000,-0.00520533,-0.070538907387,19259336.19028921,0.000000000000,0.000000000000,1.37192364,2.19202445,1.08441539,1.05485244,-0.000627409472,0.003155100000
2026-06-03,ARBUSDT,288,1440,0,0.09280000,-0.08048190,-0.037715517241,20552678.54520541,0.000000000000,0.000000000000,1.55890811,1.66296124,1.16930378,1.19944383,-0.000617297375,0.003175570000
2026-06-03,AVAXUSDT,288,1440,0,8.04400000,-0.04045346,-0.042640477374,67544257.50590675,0.000000000000,0.000000000000,2.16419947,1.55154917,1.67916930,1.03405889,-0.000499386667,0.001906250000
2026-06-03,BCHUSDT,288,1440,0,243.19000000,-0.04516587,0.008552983264,93403890.00078629,0.000000000000,0.000000000000,2.10204172,0.95149803,1.67023198,1.10144600,-0.000497544347,0.002409690000
2026-06-03,BNBUSDT,288,1440,0,620.98000000,-0.10758925,-0.025975071661,400331747.53179830,0.000000000000,0.000000000000,2.73678211,1.37178869,2.87846304,1.07851468,0.000522771354,0.001283800000
2026-06-03,BTCUSDT,288,1440,0,64117.70000000,-0.04243241,-0.004122106688,7086541789.55741596,0.000000000000,0.000000000000,2.30240810,1.56102991,2.24587577,1.09897011,-0.000447089139,0.001507690000
2026-06-03,DOGEUSDT,288,1440,0,0.09136000,-0.05350747,-0.031195271454,206131925.80162144,0.000000000000,0.000000000000,2.94392853,2.39578581,2.43045251,1.12920071,-0.000452095528,0.002078450000
2026-06-03,DOTUSDT,288,1440,0,1.10300000,-0.06928461,-0.059836808704,32766044.71576655,0.000000000000,0.000000000000,2.25829049,1.61829240,1.83401243,1.10446068,-0.000479968500,0.002735970000
2026-06-03,ETCUSDT,288,1440,0,7.71100000,-0.04734834,-0.057450395539,17930563.86483443,0.000000000000,0.000000000000,1.36812594,1.43909102,1.04391098,1.24842332,-0.000419921917,0.002334560000
2026-06-03,ETHUSDT,288,1440,0,1812.46000000,-0.05542705,-0.023503966984,4361681581.21685410,0.000000000000,0.000000000000,4.10928573,1.81503685,2.94757245,1.06704191,-0.000425093757,0.002102430000
2026-06-03,FILUSDT,288,1440,0,0.92500000,0.02872737,-0.063783783784,42248090.52777103,0.000000000000,0.000000000000,1.57026664,2.22565018,1.28066276,1.18353658,-0.000453359167,0.003340490000
2026-06-03,INJUSDT,288,1440,0,6.51000000,-0.11986178,-0.170506912442,29899497.32423408,0.000000000000,0.000000000000,1.66813585,1.18881452,1.73951384,1.07042526,-0.000508544104,0.002378610000
2026-06-03,LINKUSDT,288,1440,0,8.32900000,-0.04362056,-0.038059791091,76329771.39410634,0.000000000000,0.000000000000,2.57276017,1.87727632,1.86985061,1.11402123,-0.000457230132,0.002433410000
2026-06-03,LTCUSDT,288,1440,0,47.11000000,-0.04400520,-0.031628104436,51844082.54815529,0.000000000000,0.000000000000,2.99788721,2.50195431,2.21365452,1.12930128,-0.000504194896,0.001968990000
2026-06-03,NEARUSDT,288,1440,0,2.81600000,0.12168214,-0.218750000000,137792725.17164239,0.000000000000,0.000000000000,1.37555289,1.84143550,1.39035690,1.07408943,-0.000501910257,0.004391180000
2026-06-03,OPUSDT,288,1440,0,0.12270000,0.05650535,-0.087204563977,14793388.40190942,0.000000000000,0.000000000000,1.70282955,1.32599565,1.35023705,1.17484364,-0.000350442493,0.002369090000
2026-06-03,SOLUSDT,288,1440,0,71.58000000,-0.02875090,-0.038558256496,742992790.38357496,0.000000000000,0.000000000000,4.14698493,1.71138931,3.78529407,1.06633701,-0.000580875243,0.002192500000
2026-06-03,UNIUSDT,288,1440,0,2.79900000,-0.01660508,-0.052161486245,56920194.03230628,0.000000000000,0.000000000000,1.71939711,3.08456602,1.19976507,1.23299535,-0.000370876854,0.001798860000
2026-06-03,XRPUSDT,288,1440,0,1.20050000,-0.03272927,-0.027155351937,390533889.90949553,0.000000000000,0.000000000000,3.04297534,1.91351068,2.74036887,1.05036252,-0.000523099938,0.001864200000
2026-06-04,ADAUSDT,288,1440,0,0.17960000,-0.05842719,-0.128619153675,72803714.02523051,0.000000000000,0.000000000000,2.83649727,1.32109925,2.36719238,1.01415590,-0.000488943743,0.002853050000
2026-06-04,APTUSDT,288,1440,0,0.75370000,-0.05480535,-0.116491972934,18203821.51056971,0.000000000000,0.000000000000,1.35323868,2.31540594,1.04874685,1.05848468,-0.000715916049,0.003780490000
2026-06-04,ARBUSDT,288,1440,0,0.08930000,-0.09567437,-0.100783874580,18586313.98128625,0.000000000000,0.000000000000,1.63424809,1.57811767,1.23504084,1.16847456,-0.000611737028,0.003320890000
2026-06-04,AVAXUSDT,288,1440,0,7.70100000,-0.08610238,-0.126996493962,61728536.08181417,0.000000000000,0.000000000000,2.06510644,1.73643960,1.61348555,1.03592675,-0.000558748229,0.002396340000
2026-06-04,BCHUSDT,288,1440,0,245.27000000,-0.06121542,-0.144942308476,87686131.84190585,0.000000000000,0.000000000000,1.79383235,1.13018245,1.37319832,1.11791144,-0.000499689694,0.002324050000
2026-06-04,BNBUSDT,288,1440,0,604.85000000,-0.08135691,-0.053583533107,367761992.15955532,0.000000000000,0.000000000000,2.68058166,1.31671213,2.75702993,1.04210484,0.000502943035,0.001502490000
2026-06-04,BTCUSDT,288,1440,0,63853.40000000,-0.09135443,-0.044342196343,6439154810.62860680,0.000000000000,0.000000000000,2.08819432,1.35064128,1.99385990,1.04944584,-0.000495792681,0.002930160000
2026-06-04,DOGEUSDT,288,1440,0,0.08851000,-0.07146316,-0.079990961473,191401086.79018244,0.000000000000,0.000000000000,2.82937222,2.62605840,2.25416105,1.12070573,-0.000506700694,0.002250240000
2026-06-04,DOTUSDT,288,1440,0,1.03700000,-0.09189449,-0.089681774349,29755025.71147185,0.000000000000,0.000000000000,2.22461224,1.54188324,1.79443848,1.03430038,-0.000641898958,0.003817430000
2026-06-04,ETCUSDT,288,1440,0,7.26800000,-0.10551721,-0.064529444139,16038580.82903814,0.000000000000,0.000000000000,1.40895225,1.51173074,1.03338480,1.05990978,-0.000545519063,0.003472630000
2026-06-04,ETHUSDT,288,1440,0,1769.86000000,-0.07584296,-0.105946233035,4030878735.26671314,0.000000000000,0.000000000000,3.59011696,1.68851551,2.54781605,1.08686365,-0.000454967896,0.002569360000
2026-06-04,FILUSDT,288,1440,0,0.86600000,-0.02407648,-0.153579676674,41230905.12818897,0.000000000000,0.000000000000,1.64605299,2.07593133,1.37782204,1.10765709,-0.000866639972,0.005316040000
2026-06-04,INJUSDT,288,1440,0,5.40000000,-0.15551770,-0.045370370370,25249596.35216151,0.000000000000,0.000000000000,1.50570525,1.15633741,1.44763252,1.06589595,-0.000531508396,0.002708520000
2026-06-04,LINKUSDT,288,1440,0,8.01200000,-0.07064101,-0.081377933100,70937759.39956300,0.000000000000,0.000000000000,2.56781040,1.67158095,1.84475584,1.23365150,-0.000476103556,0.002355660000
2026-06-04,LTCUSDT,288,1440,0,45.62000000,-0.04378237,-0.051074090311,49574225.62737787,0.000000000000,0.000000000000,3.00133949,2.39488973,2.15747663,1.06754760,-0.000497272965,0.002043660000
2026-06-04,NEARUSDT,288,1440,0,2.20000000,-0.13487302,-0.105454545455,119208203.51330625,0.000000000000,0.000000000000,1.47770134,1.66044964,1.45783234,1.05240568,-0.000403750639,0.007058570000
2026-06-04,OPUSDT,288,1440,0,0.11200000,-0.09081647,-0.127678571429,13449905.09682891,0.000000000000,0.000000000000,1.72812650,1.19499468,1.30903700,0.99371773,-0.000804078181,0.004129970000
2026-06-04,SOLUSDT,288,1440,0,68.82000000,-0.06017129,-0.075850043592,698285955.41560090,0.000000000000,0.000000000000,4.04430318,1.62125738,3.64189728,1.02193251,-0.000624901000,0.002800360000
2026-06-04,UNIUSDT,288,1440,0,2.65300000,-0.08745127,-0.073124764418,51942450.98042853,0.000000000000,0.000000000000,1.78752527,3.10472509,1.22931336,1.15826147,-0.000487428000,0.002373880000
2026-06-04,XRPUSDT,288,1440,0,1.16790000,-0.05666334,-0.060707252333,368404933.77681345,0.000000000000,0.000000000000,3.03796825,1.64960903,2.67795994,1.00780472,-0.000587304313,0.002254750000
2026-06-05,ADAUSDT,288,1440,0,0.15650000,0.09744352,0.004472843450,79897963.92090364,0.000000000000,0.000000000000,2.58515380,1.32064271,2.15100843,1.02556726,-0.000554244903,0.002402600000
2026-06-05,APTUSDT,288,1440,0,0.66590000,-0.07074179,-0.015617960655,16916050.51778461,0.000000000000,0.000000000000,1.32744384,2.04751505,1.01683759,1.11695269,-0.000584327806,0.003543680000
2026-06-05,ARBUSDT,288,1440,0,0.08030000,-0.11751554,-0.006226650062,16402133.27236275,0.000000000000,0.000000000000,1.72253840,1.33726930,1.30955917,1.06742250,-0.000589842465,0.002837610000
2026-06-05,AVAXUSDT,288,1440,0,6.72300000,-0.05107167,-0.009519559720,58575956.62411813,0.000000000000,0.000000000000,2.06473591,1.73523548,1.59556679,1.01038885,-0.000487441375,0.002205230000
2026-06-05,BCHUSDT,288,1440,0,209.72000000,-0.11122325,0.035428189968,77933395.41765118,0.000000000000,0.000000000000,1.94292507,1.04276632,1.54950553,1.04226550,-0.000639248646,0.012691010000
2026-06-05,BNBUSDT,288,1440,0,572.44000000,-0.06373818,0.003982950178,344321513.24660861,0.000000000000,0.000000000000,2.70967408,1.29305303,2.69262250,1.05104398,0.000468314472,0.002266610000
2026-06-05,BTCUSDT,288,1440,0,61022.00000000,-0.03455165,-0.002823571827,6216671401.85241413,0.000000000000,0.000000000000,2.22689139,1.25307447,2.08417401,1.04535539,-0.000510461806,0.001753660000
2026-06-05,DOGEUSDT,288,1440,0,0.08143000,-0.10668655,0.005280609112,170981165.44808465,0.000000000000,0.000000000000,2.82715080,2.42334663,2.23397230,1.02999271,-0.000496897014,0.002558750000
2026-06-05,DOTUSDT,288,1440,0,0.94400000,-0.06455538,-0.002118644068,27834178.69885461,0.000000000000,0.000000000000,2.21009713,1.36138640,1.77494935,1.01439129,-0.000647188792,0.004021610000
2026-06-05,ETCUSDT,288,1440,0,6.79900000,-0.06984459,-0.001617884983,14918372.71077244,0.000000000000,0.000000000000,1.40870418,1.35778237,1.03956599,1.05384150,-0.000555753681,0.003024910000
2026-06-05,ETHUSDT,288,1440,0,1582.35000000,-0.05620670,-0.008689607230,3804316331.47458887,0.000000000000,0.000000000000,3.84311552,1.47839535,2.63321621,1.05697150,-0.000547744924,0.002016850000
2026-06-05,FILUSDT,288,1440,0,0.73300000,-0.06659398,-0.002728512960,38485175.14331415,0.000000000000,0.000000000000,1.64499148,1.81541625,1.34993780,1.01020781,-0.000818317806,0.004092300000
2026-06-05,INJUSDT,288,1440,0,5.15500000,-0.12463678,0.001357904947,22102567.84989925,0.000000000000,0.000000000000,1.09806021,1.40848830,0.99979934,1.12075047,-0.000512414201,0.002854770000
2026-06-05,LINKUSDT,288,1440,0,7.36000000,-0.09705738,0.004076086957,64052726.40363777,0.000000000000,0.000000000000,2.46548901,1.47279201,1.77518917,1.02480754,-0.000450614625,0.001837190000
2026-06-05,LTCUSDT,288,1440,0,43.29000000,-0.06935305,-0.044583044583,46136101.72200166,0.000000000000,0.000000000000,2.78472806,2.24789435,2.01315356,1.01636705,-0.000514661701,0.002412810000
2026-06-05,NEARUSDT,288,1440,0,1.96800000,-0.16272043,-0.055894308943,99810593.41473356,0.000000000000,0.000000000000,1.28318358,1.67720802,1.17872541,1.03099563,-0.000440009431,0.002960600000
2026-06-05,OPUSDT,288,1440,0,0.09770000,-0.03600176,-0.041965199591,12965684.85120263,0.000000000000,0.000000000000,1.52691258,1.12871564,1.14868963,1.03223537,-0.000670884104,0.010109970000
2026-06-05,SOLUSDT,288,1440,0,63.60000000,-0.06270484,-0.022641509434,654500044.85974944,0.000000000000,0.000000000000,3.95175756,1.55832922,3.46524888,1.00895778,-0.000650554181,0.002305860000
2026-06-05,UNIUSDT,288,1440,0,2.45900000,-0.09951000,0.002033346889,46773657.47819736,0.000000000000,0.000000000000,1.77289738,2.68467389,1.22184543,0.99594337,-0.000458387986,0.001991460000
2026-06-05,XRPUSDT,288,1440,0,1.09700000,-0.05650577,-0.004010938924,347587928.34298056,0.000000000000,0.000000000000,2.94937284,1.50906809,2.55767477,0.98991172,-0.000558017757,0.001648600000
2026-06-06,ADAUSDT,288,1440,0,0.15720000,-0.06958460,0.000000000000,74338296.36196674,0.000000000000,0.000000000000,2.49924854,1.36340907,2.12378940,1.10476861,-0.000560808861,0.002460170000
2026-06-06,APTUSDT,288,1440,0,0.65550000,-0.04988772,0.000000000000,16072147.38323964,0.000000000000,0.000000000000,1.30339931,1.95859494,1.00767866,1.10932078,-0.000576492236,0.003739080000
2026-06-06,ARBUSDT,288,1440,0,0.07980000,-0.06861967,0.000000000000,15276624.32324884,0.000000000000,0.000000000000,1.67495003,1.18080498,1.28429041,1.32964160,-0.000578482597,0.002999620000
2026-06-06,AVAXUSDT,288,1440,0,6.65900000,-0.02824198,0.000000000000,56921655.79423033,0.000000000000,0.000000000000,1.96279764,1.68852598,1.54602431,1.00627692,-0.000530439875,0.002050290000
2026-06-06,BCHUSDT,288,1440,0,217.15000000,-0.08557541,0.000000000000,71264212.95002687,0.000000000000,0.000000000000,1.90063187,1.01452075,1.56037737,1.13264895,-0.000606762521,0.002744050000
2026-06-06,BNBUSDT,288,1440,0,574.72000000,-0.05677564,0.000000000000,324772440.03160810,0.000000000000,0.000000000000,2.60472749,1.29534150,2.51104003,1.14283929,0.000364262632,0.001492580000
2026-06-06,BTCUSDT,288,1440,0,60849.70000000,-0.00363516,0.000000000000,6194072826.40645027,0.000000000000,0.000000000000,2.03078410,1.14808100,1.92703465,1.06258727,-0.000501955493,0.001623180000
2026-06-06,DOGEUSDT,288,1440,0,0.08186000,-0.03043705,0.000000000000,165777003.75995442,0.000000000000,0.000000000000,2.69942461,2.31263108,2.16283113,1.21139523,-0.000501449604,0.001718270000
2026-06-06,DOTUSDT,288,1440,0,0.94200000,-0.02431604,0.000000000000,27157361.63142891,0.000000000000,0.000000000000,2.19910340,1.44480989,1.76155138,1.08856468,-0.000655009625,0.004136180000
2026-06-06,ETCUSDT,288,1440,0,6.78800000,-0.03791387,0.000000000000,14352759.46871875,0.000000000000,0.000000000000,1.38391178,1.23045359,1.03775479,1.10240221,-0.000532837896,0.002888350000
2026-06-06,ETHUSDT,288,1440,0,1568.60000000,-0.03069422,0.000000000000,3687545827.43413544,0.000000000000,0.000000000000,3.32958088,1.24751965,2.38583229,1.05741475,-0.000558037958,0.001540100000
2026-06-06,FILUSDT,288,1440,0,0.73100000,-0.03640625,0.000000000000,37084074.09444857,0.000000000000,0.000000000000,1.61654988,1.49307818,1.32328048,1.26209484,-0.000731033285,0.002988540000
2026-06-06,INJUSDT,288,1440,0,5.16200000,-0.03265417,0.000000000000,21380826.88333111,0.000000000000,0.000000000000,1.19265640,1.47940042,1.14256726,1.13811538,-0.000705167451,0.005608620000
2026-06-06,LINKUSDT,288,1440,0,7.39000000,-0.03894077,0.000000000000,61558463.91282403,0.000000000000,0.000000000000,2.35696446,1.27969678,1.74641979,1.12569285,-0.000511013500,0.001645980000
2026-06-06,LTCUSDT,288,1440,0,41.36000000,-0.04531528,0.000000000000,44045431.20144434,0.000000000000,0.000000000000,2.64565297,2.25150527,1.93256506,1.13299933,-0.000487116417,0.001385510000
2026-06-06,NEARUSDT,288,1440,0,1.85800000,-0.09254536,0.000000000000,90573586.05847725,0.000000000000,0.000000000000,1.19591701,1.55706338,1.11190237,1.10385457,-0.000411659389,0.004640400000
2026-06-06,OPUSDT,288,1440,0,0.09360000,-0.01526458,0.000000000000,12767769.10857406,0.000000000000,0.000000000000,1.44123102,1.06235744,1.08684858,1.15715206,-0.000763114972,0.002882360000
2026-06-06,SOLUSDT,288,1440,0,62.16000000,-0.05138763,0.000000000000,620866838.26205480,0.000000000000,0.000000000000,3.73160684,1.56546323,3.30411693,1.03362580,-0.000643882771,0.001890300000
2026-06-06,UNIUSDT,288,1440,0,2.46400000,-0.06247733,0.000000000000,43851364.10141103,0.000000000000,0.000000000000,1.82500487,2.46265533,1.27614419,1.12918689,-0.000501778507,0.002048590000
2026-06-06,XRPUSDT,288,1440,0,1.09260000,-0.01672284,0.000000000000,341775272.01666814,0.000000000000,0.000000000000,2.77599903,1.43874829,2.42984755,1.10530269,-0.000575479167,0.001489240000
