timestamp,asset,long_venue,short_venue,annualized_spread,rough_round_trip_cost,breakeven_hold_hours,net_8h_proxy,net_24h_proxy,capacity_proxy_notional,notes
2026-06-07T12:13:38.340098+00:00,BTC,OkxSwap,HlPerp,0.12649064,0.00010937,7.5742,0.00000615,0.00023718,486104.62199000,OKX and Hyperliquid context available
2026-06-07T12:13:38.340098+00:00,SOL,HlPerp,OkxSwap,0.10966079,0.00017175,13.7198,-0.00007160,0.00012869,3115751.33736709,OKX and Hyperliquid context available
2026-06-07T12:13:38.340098+00:00,DOGE,OkxSwap,HlPerp,0.10783969,0.00031113,25.2737,-0.00021265,-0.00001568,98160.46700641,OKX and Hyperliquid context available
2026-06-07T12:13:38.340098+00:00,ZEC,OkxSwap,HlPerp,0.32946305,0.00058254,15.4890,-0.00028166,0.00032010,101988.86880000,OKX and Hyperliquid context available
2026-06-07T12:13:38.340098+00:00,AI,HlPerp,OkxSwap,0.10950000,0.00043057,34.4456,-0.00033057,-0.00013057,0.00000000,missing Hyperliquid context
2026-06-07T12:13:38.340098+00:00,BNB,OkxSwap,HlPerp,0.05824901,0.00042509,63.9289,-0.00037190,-0.00026550,65930.77765220,OKX and Hyperliquid context available
2026-06-07T12:13:38.340098+00:00,HYPE,OkxSwap,HlPerp,0.17103645,0.00054330,27.8261,-0.00038710,-0.00007470,3399092.74100000,OKX and Hyperliquid context available
2026-06-07T12:13:38.340098+00:00,AVAX,HlPerp,OkxSwap,0.01204888,0.00045246,328.9585,-0.00044146,-0.00041945,96904.74793410,OKX and Hyperliquid context available
2026-06-07T12:13:38.340098+00:00,LINK,OkxSwap,HlPerp,0.09859068,0.00056181,49.9177,-0.00047177,-0.00029169,37199.29982120,OKX and Hyperliquid context available
2026-06-07T12:13:38.340098+00:00,SUI,OkxSwap,HlPerp,0.02612752,0.00050086,167.9283,-0.00047700,-0.00042928,319113.08008864,OKX and Hyperliquid context available
2026-06-07T12:13:38.340098+00:00,LTC,OkxSwap,HlPerp,0.10759494,0.00074352,60.5350,-0.00064526,-0.00044874,31557.43442480,OKX and Hyperliquid context available
2026-06-07T12:13:38.340098+00:00,TRX,HlPerp,OkxSwap,0.01858774,0.00068867,324.5574,-0.00067170,-0.00063775,47784.54344060,OKX and Hyperliquid context available
2026-06-07T12:13:38.340098+00:00,AAVE,OkxSwap,HlPerp,0.26377718,0.00095527,31.7242,-0.00071437,-0.00023259,52842.80606930,OKX and Hyperliquid context available
2026-06-07T12:13:38.340098+00:00,MEW,HlPerp,OkxSwap,0.10950000,0.00083647,66.9176,-0.00073647,-0.00053647,0.00000000,missing Hyperliquid context
2026-06-07T12:13:38.340098+00:00,XRP,OkxSwap,HlPerp,0.34543409,0.00106363,26.9730,-0.00074816,-0.00011723,377347.09497800,OKX and Hyperliquid context available
2026-06-07T12:13:38.340098+00:00,WLFI,OkxSwap,HlPerp,0.22848580,0.00107210,41.1036,-0.00086344,-0.00044611,10117.96074111,OKX and Hyperliquid context available
2026-06-07T12:13:38.340098+00:00,TAO,OkxSwap,HlPerp,0.25306412,0.00116631,40.3727,-0.00093520,-0.00047298,67449.60653460,OKX and Hyperliquid context available
2026-06-07T12:13:38.340098+00:00,ADA,OkxSwap,HlPerp,0.24812826,0.00116799,41.2352,-0.00094139,-0.00048819,139872.63097200,OKX and Hyperliquid context available
2026-06-07T12:13:38.340098+00:00,WLD,OkxSwap,HlPerp,0.40737525,0.00140239,30.1563,-0.00103036,-0.00028629,484224.74153383,OKX and Hyperliquid context available
2026-06-07T12:13:38.340098+00:00,TIA,OkxSwap,HlPerp,0.61020052,0.00160138,22.9894,-0.00104412,0.00007040,6989.64272241,OKX and Hyperliquid context available
2026-06-07T12:13:38.340098+00:00,CRV,OkxSwap,HlPerp,0.19340559,0.00126287,57.1997,-0.00108624,-0.00073299,24654.53498463,OKX and Hyperliquid context available
2026-06-07T12:13:38.340098+00:00,ASTER,OkxSwap,HlPerp,0.01592518,0.00111251,611.9582,-0.00109796,-0.00106887,44251.55195260,OKX and Hyperliquid context available
2026-06-07T12:13:38.340098+00:00,BCH,OkxSwap,HlPerp,0.18282207,0.00131155,62.8436,-0.00114459,-0.00081067,26725.50709520,OKX and Hyperliquid context available
2026-06-07T12:13:38.340098+00:00,APT,OkxSwap,HlPerp,0.20395875,0.00135868,58.3553,-0.00117242,-0.00079989,16632.20410574,OKX and Hyperliquid context available
2026-06-07T12:13:38.340098+00:00,NEAR,OkxSwap,HlPerp,0.28044636,0.00143064,44.6875,-0.00117453,-0.00066230,316832.03367390,OKX and Hyperliquid context available
2026-06-07T12:13:38.340098+00:00,VIRTUAL,OkxSwap,HlPerp,0.13233701,0.00129937,86.0113,-0.00117851,-0.00093680,12463.82311789,OKX and Hyperliquid context available
2026-06-07T12:13:38.340098+00:00,STRK,OkxSwap,HlPerp,0.02027182,0.00121947,526.9641,-0.00120095,-0.00116393,8540.63315492,OKX and Hyperliquid context available
2026-06-07T12:13:38.340098+00:00,TON,OkxSwap,HlPerp,0.24422677,0.00144838,51.9510,-0.00122534,-0.00077927,336406.14803600,OKX and Hyperliquid context available
2026-06-07T12:13:38.340098+00:00,UNI,OkxSwap,HlPerp,0.05243314,0.00134090,224.0240,-0.00129302,-0.00119725,10469.66072200,OKX and Hyperliquid context available
2026-06-07T12:13:38.340098+00:00,ARB,OkxSwap,HlPerp,0.19076155,0.00147115,67.5571,-0.00129694,-0.00094852,20316.99782233,OKX and Hyperliquid context available
2026-06-07T12:13:38.340098+00:00,LIT,OkxSwap,HlPerp,0.06947845,0.00136443,172.0302,-0.00130098,-0.00117408,51507.22360000,OKX and Hyperliquid context available
2026-06-07T12:13:38.340098+00:00,XPL,OkxSwap,HlPerp,0.38968704,0.00167953,37.7552,-0.00132365,-0.00061190,77667.82460582,OKX and Hyperliquid context available
2026-06-07T12:13:38.340098+00:00,CHIP,OkxSwap,HlPerp,0.28410844,0.00159376,49.1410,-0.00133430,-0.00081539,9080.03782982,OKX and Hyperliquid context available
2026-06-07T12:13:38.340098+00:00,HBAR,OkxSwap,HlPerp,0.18257360,0.00157033,75.3457,-0.00140360,-0.00107013,12043.80390234,OKX and Hyperliquid context available
2026-06-07T12:13:38.340098+00:00,S,OkxSwap,HlPerp,0.34036385,0.00175768,45.2378,-0.00144685,-0.00082518,1577.99862947,OKX and Hyperliquid context available
2026-06-07T12:13:38.340098+00:00,XLM,OkxSwap,HlPerp,0.19611480,0.00164953,73.6806,-0.00147043,-0.00111223,103414.71051660,OKX and Hyperliquid context available
2026-06-07T12:13:38.340098+00:00,TRUMP,HlPerp,OkxSwap,0.05985079,0.00153868,225.2077,-0.00148402,-0.00137471,12234.41408050,OKX and Hyperliquid context available
2026-06-07T12:13:38.340098+00:00,LDO,OkxSwap,HlPerp,0.18253803,0.00166223,79.7703,-0.00149553,-0.00116212,5998.67580833,OKX and Hyperliquid context available
2026-06-07T12:13:38.340098+00:00,IP,OkxSwap,HlPerp,0.30158865,0.00177317,51.5038,-0.00149774,-0.00094690,3305.49756795,OKX and Hyperliquid context available
2026-06-07T12:13:38.340098+00:00,MON,OkxSwap,HlPerp,0.65732301,0.00211765,28.2214,-0.00151735,-0.00031676,24321.40515464,OKX and Hyperliquid context available
2026-06-07T12:13:38.340098+00:00,ONDO,OkxSwap,HlPerp,0.12837078,0.00165130,112.6844,-0.00153407,-0.00129960,120023.53234770,OKX and Hyperliquid context available
2026-06-07T12:13:38.340098+00:00,JTO,OkxSwap,HlPerp,1.05760207,0.00253887,21.0292,-0.00157303,0.00035867,51282.51745880,OKX and Hyperliquid context available
2026-06-07T12:13:38.340098+00:00,INJ,OkxSwap,HlPerp,0.46064574,0.00199658,37.9685,-0.00157590,-0.00073454,20673.25069510,OKX and Hyperliquid context available
2026-06-07T12:13:38.340098+00:00,MEME,HlPerp,OkxSwap,0.14901986,0.00174839,102.7776,-0.00161230,-0.00134012,5892.74333277,OKX and Hyperliquid context available
2026-06-07T12:13:38.340098+00:00,AERO,HlPerp,OkxSwap,0.07207986,0.00170813,207.5928,-0.00164231,-0.00151066,3458.19878440,OKX and Hyperliquid context available
2026-06-07T12:13:38.340098+00:00,ICP,OkxSwap,HlPerp,0.00000000,0.00171932,0.0000,-0.00171932,-0.00171932,11499.14010300,OKX and Hyperliquid context available
2026-06-07T12:13:38.340098+00:00,BERA,OkxSwap,HlPerp,0.19135634,0.00191132,87.4972,-0.00173656,-0.00138705,2845.24601554,OKX and Hyperliquid context available
2026-06-07T12:13:38.340098+00:00,WIF,HlPerp,OkxSwap,0.07278028,0.00189191,227.7141,-0.00182544,-0.00169251,12242.79397380,OKX and Hyperliquid context available
2026-06-07T12:13:38.340098+00:00,ZRO,OkxSwap,HlPerp,0.00000000,0.00186090,0.0000,-0.00186090,-0.00186090,24386.37570040,OKX and Hyperliquid context available
2026-06-07T12:13:38.340098+00:00,SEI,OkxSwap,HlPerp,0.11545247,0.00203904,154.7126,-0.00193360,-0.00172273,9167.19107656,OKX and Hyperliquid context available
2026-06-07T12:13:38.340098+00:00,BIO,OkxSwap,HlPerp,0.23140400,0.00215067,81.4153,-0.00193934,-0.00151668,5816.04167706,OKX and Hyperliquid context available
2026-06-07T12:13:38.340098+00:00,MEGA,OkxSwap,HlPerp,0.43002471,0.00240123,48.9154,-0.00200852,-0.00122308,9733.01498915,OKX and Hyperliquid context available
2026-06-07T12:13:38.340098+00:00,ZEN,HlPerp,OkxSwap,0.39072754,0.00242130,54.2848,-0.00206447,-0.00135081,3054.14813634,OKX and Hyperliquid context available
2026-06-07T12:13:38.340098+00:00,STABLE,OkxSwap,HlPerp,0.39764314,0.00245779,54.1447,-0.00209465,-0.00136836,11491.09580401,OKX and Hyperliquid context available
2026-06-07T12:13:38.340098+00:00,CC,OkxSwap,HlPerp,0.24931836,0.00232397,81.6544,-0.00209628,-0.00164090,35513.77162800,OKX and Hyperliquid context available
2026-06-07T12:13:38.340098+00:00,JUP,OkxSwap,HlPerp,0.23328211,0.00231636,86.9818,-0.00210331,-0.00167723,10923.64453410,OKX and Hyperliquid context available
2026-06-07T12:13:38.340098+00:00,EIGEN,OkxSwap,HlPerp,0.27859530,0.00238326,74.9379,-0.00212883,-0.00161998,8210.35895463,OKX and Hyperliquid context available
2026-06-07T12:13:38.340098+00:00,CFX,OkxSwap,HlPerp,0.25584710,0.00238273,81.5828,-0.00214908,-0.00168178,4953.41671190,OKX and Hyperliquid context available
2026-06-07T12:13:38.340098+00:00,DOT,OkxSwap,HlPerp,0.25834460,0.00238783,80.9671,-0.00215190,-0.00168004,8768.36796011,OKX and Hyperliquid context available
2026-06-07T12:13:38.340098+00:00,ANIME,OkxSwap,HlPerp,0.06685496,0.00232895,305.1625,-0.00226790,-0.00214579,2258.25815143,OKX and Hyperliquid context available
2026-06-07T12:13:38.340098+00:00,BABY,HlPerp,OkxSwap,1.32149565,0.00353524,23.4346,-0.00232840,0.00008529,18227.01764335,OKX and Hyperliquid context available
2026-06-07T12:13:38.340098+00:00,SPX,OkxSwap,HlPerp,0.00000000,0.00242951,0.0000,-0.00242951,-0.00242951,14348.73324474,OKX and Hyperliquid context available
2026-06-07T12:13:38.340098+00:00,AR,OkxSwap,HlPerp,0.33632300,0.00274889,71.5986,-0.00244174,-0.00182746,12135.55461097,OKX and Hyperliquid context available
2026-06-07T12:13:38.340098+00:00,ATOM,OkxSwap,HlPerp,0.46842458,0.00287081,53.6869,-0.00244302,-0.00158745,4512.75462657,OKX and Hyperliquid context available
2026-06-07T12:13:38.340098+00:00,STX,OkxSwap,HlPerp,0.24706758,0.00270349,95.8547,-0.00247786,-0.00202659,2339.15843477,OKX and Hyperliquid context available
2026-06-07T12:13:38.340098+00:00,YGG,OkxSwap,HlPerp,0.00000000,0.00250980,0.0000,-0.00250980,-0.00250980,1724.54849252,OKX and Hyperliquid context available
2026-06-07T12:13:38.340098+00:00,LAYER,OkxSwap,HlPerp,0.27095585,0.00276002,89.2314,-0.00251257,-0.00201767,1713.26659582,OKX and Hyperliquid context available
2026-06-07T12:13:38.340098+00:00,2Z,HlPerp,OkxSwap,0.03741648,0.00258948,606.2525,-0.00255531,-0.00248697,1292.55286915,OKX and Hyperliquid context available
2026-06-07T12:13:38.340098+00:00,SYRUP,OkxSwap,HlPerp,0.00000000,0.00268543,0.0000,-0.00268543,-0.00268543,3547.22223140,OKX and Hyperliquid context available
2026-06-07T12:13:38.340098+00:00,ALGO,OkxSwap,HlPerp,0.31119266,0.00308018,86.7063,-0.00279599,-0.00222760,3895.45118596,OKX and Hyperliquid context available
2026-06-07T12:13:38.340098+00:00,ZK,HlPerp,OkxSwap,0.03505071,0.00289529,723.6015,-0.00286328,-0.00279926,2442.80760935,OKX and Hyperliquid context available
2026-06-07T12:13:38.340098+00:00,DASH,OkxSwap,HlPerp,0.10891331,0.00300146,241.4105,-0.00290200,-0.00270307,14599.00318110,OKX and Hyperliquid context available
2026-06-07T12:13:38.340098+00:00,KAITO,OkxSwap,HlPerp,0.00000000,0.00309028,0.0000,-0.00309028,-0.00309028,1608.05105480,OKX and Hyperliquid context available
2026-06-07T12:13:38.340098+00:00,OP,OkxSwap,HlPerp,0.41002102,0.00350617,74.9086,-0.00313173,-0.00238283,7356.72854162,OKX and Hyperliquid context available
2026-06-07T12:13:38.340098+00:00,IMX,OkxSwap,HlPerp,0.18866568,0.00336900,156.4271,-0.00319670,-0.00285211,2347.49876749,OKX and Hyperliquid context available
2026-06-07T12:13:38.340098+00:00,MORPHO,OkxSwap,HlPerp,0.36116622,0.00357587,86.7320,-0.00324604,-0.00258638,7861.79418320,OKX and Hyperliquid context available
2026-06-07T12:13:38.340098+00:00,SKY,OkxSwap,HlPerp,0.00000000,0.00330382,0.0000,-0.00330382,-0.00330382,5386.47507309,OKX and Hyperliquid context available
2026-06-07T12:13:38.340098+00:00,AZTEC,OkxSwap,HlPerp,0.51981221,0.00385910,65.0345,-0.00338439,-0.00243496,2441.55674656,OKX and Hyperliquid context available
2026-06-07T12:13:38.340098+00:00,GALA,OkxSwap,HlPerp,0.12151957,0.00350596,252.7348,-0.00339499,-0.00317303,1443.99222167,OKX and Hyperliquid context available
2026-06-07T12:13:38.340098+00:00,AIXBT,HlPerp,OkxSwap,0.39300682,0.00378326,84.3277,-0.00342435,-0.00270653,2426.24786877,OKX and Hyperliquid context available
2026-06-07T12:13:38.340098+00:00,SUSHI,HlPerp,OkxSwap,0.15786834,0.00359640,199.5618,-0.00345223,-0.00316389,1947.36985751,OKX and Hyperliquid context available
2026-06-07T12:13:38.340098+00:00,AXS,OkxSwap,HlPerp,0.17877985,0.00367244,179.9451,-0.00350917,-0.00318263,1412.86622619,OKX and Hyperliquid context available
2026-06-07T12:13:38.340098+00:00,APE,OkxSwap,HlPerp,0.16606689,0.00367471,193.8405,-0.00352305,-0.00321973,8153.05516711,OKX and Hyperliquid context available
2026-06-07T12:13:38.340098+00:00,TURBO,OkxSwap,HlPerp,0.05204928,0.00362153,609.5108,-0.00357400,-0.00347893,920.62974128,low Hyperliquid day volume
2026-06-07T12:13:38.340098+00:00,0G,OkxSwap,HlPerp,0.00084571,0.00360495,37340.4867,-0.00360418,-0.00360263,1739.16632920,OKX and Hyperliquid context available
2026-06-07T12:13:38.340098+00:00,MOODENG,OkxSwap,HlPerp,0.00000000,0.00361528,0.0000,-0.00361528,-0.00361528,1721.35821250,OKX and Hyperliquid context available
2026-06-07T12:13:38.340098+00:00,SNX,HlPerp,OkxSwap,0.59656590,0.00433474,63.6515,-0.00378993,-0.00270031,2555.68713950,OKX and Hyperliquid context available
2026-06-07T12:13:38.340098+00:00,ZORA,HlPerp,OkxSwap,0.23305496,0.00409357,153.8678,-0.00388073,-0.00345506,1653.14640847,OKX and Hyperliquid context available
2026-06-07T12:13:38.340098+00:00,AVNT,OkxSwap,HlPerp,0.00000000,0.00388899,0.0000,-0.00388899,-0.00388899,3979.15907403,OKX and Hyperliquid context available
2026-06-07T12:13:38.340098+00:00,GAS,OkxSwap,HlPerp,0.00000000,0.00396077,0.0000,-0.00396077,-0.00396077,664.25240490,low Hyperliquid day volume
2026-06-07T12:13:38.340098+00:00,COMP,HlPerp,OkxSwap,0.00556495,0.00402027,6328.4620,-0.00401519,-0.00400503,2368.01313460,OKX and Hyperliquid context available
2026-06-07T12:13:38.340098+00:00,MERL,HlPerp,OkxSwap,0.34493989,0.00433497,110.0896,-0.00401995,-0.00338993,2407.13942795,OKX and Hyperliquid context available
2026-06-07T12:13:38.340098+00:00,LINEA,OkxSwap,HlPerp,0.00000000,0.00403128,0.0000,-0.00403128,-0.00403128,2529.02311231,OKX and Hyperliquid context available
2026-06-07T12:13:38.340098+00:00,GMT,OkxSwap,HlPerp,0.18193441,0.00420278,202.3607,-0.00403663,-0.00370433,1121.16158816,OKX and Hyperliquid context available
2026-06-07T12:13:38.340098+00:00,MET,OkxSwap,HlPerp,0.00000000,0.00412392,0.0000,-0.00412392,-0.00412392,1583.25909414,OKX and Hyperliquid context available
2026-06-07T12:13:38.340098+00:00,DOOD,OkxSwap,HlPerp,0.00000000,0.00436643,0.0000,-0.00436643,-0.00436643,758.15611069,low Hyperliquid day volume
2026-06-07T12:13:38.340098+00:00,GMX,OkxSwap,HlPerp,0.32786131,0.00467483,124.9050,-0.00437541,-0.00377658,2216.83946579,OKX and Hyperliquid context available
2026-06-07T12:13:38.340098+00:00,FOGO,OkxSwap,HlPerp,0.00000000,0.00438681,0.0000,-0.00438681,-0.00438681,882.23973384,low Hyperliquid day volume
2026-06-07T12:13:38.340098+00:00,SAND,OkxSwap,HlPerp,0.00000000,0.00446463,0.0000,-0.00446463,-0.00446463,1775.45201389,OKX and Hyperliquid context available
2026-06-07T12:13:38.340098+00:00,NEO,OkxSwap,HlPerp,0.21960898,0.00474050,189.0941,-0.00453994,-0.00413883,1122.98221760,OKX and Hyperliquid context available
2026-06-07T12:13:38.340098+00:00,BLUR,OkxSwap,HlPerp,0.08340019,0.00474974,498.8928,-0.00467358,-0.00452125,1788.00341512,OKX and Hyperliquid context available
2026-06-07T12:13:38.340098+00:00,BRETT,OkxSwap,HlPerp,0.11167847,0.00484937,380.3822,-0.00474738,-0.00454340,1383.48216823,OKX and Hyperliquid context available
2026-06-07T12:13:38.340098+00:00,GRASS,OkxSwap,HlPerp,0.39300325,0.00530875,118.3315,-0.00494985,-0.00423203,6036.05046479,OKX and Hyperliquid context available
2026-06-07T12:13:38.340098+00:00,BIGTIME,OkxSwap,HlPerp,0.20382974,0.00522109,224.3871,-0.00503495,-0.00466265,1204.43312202,OKX and Hyperliquid context available
2026-06-07T12:13:38.340098+00:00,MOVE,OkxSwap,HlPerp,0.00000000,0.00510783,0.0000,-0.00510783,-0.00510783,780.94920200,low Hyperliquid day volume
2026-06-07T12:13:38.340098+00:00,W,OkxSwap,HlPerp,0.12184696,0.00528151,379.7058,-0.00517023,-0.00494768,2771.74023881,OKX and Hyperliquid context available
2026-06-07T12:13:38.340098+00:00,INIT,HlPerp,OkxSwap,0.07019125,0.00530317,661.8453,-0.00523907,-0.00511086,2629.70462452,thin OKX top-50 book
2026-06-07T12:13:38.340098+00:00,BOME,OkxSwap,HlPerp,0.03832884,0.00540456,1235.2045,-0.00536956,-0.00529955,267.65633292,low Hyperliquid day volume
2026-06-07T12:13:38.340098+00:00,NOT,OkxSwap,HlPerp,0.00000000,0.00577359,0.0000,-0.00577359,-0.00577359,597.37258625,low Hyperliquid day volume; wide Hyperliquid impact spread
2026-06-07T12:13:38.340098+00:00,TRB,OkxSwap,HlPerp,0.00000000,0.00594659,0.0000,-0.00594659,-0.00594659,1137.61360230,wide Hyperliquid impact spread
2026-06-07T12:13:38.340098+00:00,HMSTR,OkxSwap,HlPerp,0.00000000,0.00600989,0.0000,-0.00600989,-0.00600989,1676.51433694,wide Hyperliquid impact spread
2026-06-07T12:13:38.340098+00:00,UMA,OkxSwap,HlPerp,0.53408177,0.00707470,116.0391,-0.00658695,-0.00561146,678.55872721,low Hyperliquid day volume; wide Hyperliquid impact spread
2026-06-07T12:13:38.340098+00:00,IOTA,OkxSwap,HlPerp,0.08271166,0.00682306,722.6311,-0.00674753,-0.00659645,920.32674227,low Hyperliquid day volume; wide Hyperliquid impact spread
2026-06-07T12:13:38.340098+00:00,ME,OkxSwap,HlPerp,0.21381755,0.00769364,315.2045,-0.00749837,-0.00710783,1628.20657104,wide Hyperliquid impact spread
2026-06-07T12:13:38.340098+00:00,ZETA,OkxSwap,HlPerp,0.00000000,0.00923253,0.0000,-0.00923253,-0.00923253,536.98210172,low Hyperliquid day volume; wide Hyperliquid impact spread
2026-06-07T12:13:38.340098+00:00,WCT,OkxSwap,HlPerp,0.12332859,0.00965156,685.5480,-0.00953893,-0.00931367,695.15129827,low Hyperliquid day volume; wide Hyperliquid impact spread
2026-06-07T12:13:38.340098+00:00,SOPH,OkxSwap,HlPerp,0.00000000,0.00966577,0.0000,-0.00966577,-0.00966577,302.13281464,low Hyperliquid day volume; wide Hyperliquid impact spread
2026-06-07T12:13:38.340098+00:00,RSR,OkxSwap,HlPerp,0.13613679,0.01026420,660.4708,-0.01013987,-0.00989122,266.07708479,low Hyperliquid day volume; wide Hyperliquid impact spread
2026-06-07T12:13:38.340098+00:00,MINA,OkxSwap,HlPerp,0.07596867,0.01050798,1211.6826,-0.01043860,-0.01029985,1195.47053885,wide Hyperliquid impact spread
2026-06-07T12:13:38.340098+00:00,CELO,OkxSwap,HlPerp,0.00000000,0.01183285,0.0000,-0.01183285,-0.01183285,1280.38509859,wide Hyperliquid impact spread
2026-06-07T12:13:56.650974+00:00,BTC,OkxSwap,HlPerp,0.12649064,0.00001770,1.2259,0.00009782,0.00032885,798913.06051000,OKX and Hyperliquid context available
2026-06-07T12:13:56.650974+00:00,SOL,HlPerp,OkxSwap,0.11953243,0.00017203,12.6073,-0.00006287,0.00015546,3117260.02342169,OKX and Hyperliquid context available
2026-06-07T12:13:56.650974+00:00,ZEC,OkxSwap,HlPerp,0.35256493,0.00044112,10.9603,-0.00011914,0.00052481,97177.59550000,OKX and Hyperliquid context available
2026-06-07T12:13:56.650974+00:00,DOGE,OkxSwap,HlPerp,0.11388059,0.00035944,27.6491,-0.00025544,-0.00004744,98188.55910583,OKX and Hyperliquid context available
2026-06-07T12:13:56.650974+00:00,AI,HlPerp,OkxSwap,0.10950000,0.00043150,34.5200,-0.00033150,-0.00013150,0.00000000,missing Hyperliquid context
2026-06-07T12:13:56.650974+00:00,HYPE,OkxSwap,HlPerp,0.17103645,0.00051864,26.5634,-0.00036245,-0.00005005,3463200.02200000,OKX and Hyperliquid context available
2026-06-07T12:13:56.650974+00:00,BNB,OkxSwap,HlPerp,0.05333991,0.00043733,71.8230,-0.00038862,-0.00029120,65944.92997260,OKX and Hyperliquid context available
2026-06-07T12:13:56.650974+00:00,SUI,OkxSwap,HlPerp,0.02612752,0.00043356,145.3620,-0.00040970,-0.00036197,319135.96860576,OKX and Hyperliquid context available
2026-06-07T12:13:56.650974+00:00,MEW,HlPerp,OkxSwap,0.10950000,0.00055866,44.6927,-0.00045866,-0.00025866,0.00000000,missing Hyperliquid context
2026-06-07T12:13:56.650974+00:00,LINK,OkxSwap,HlPerp,0.09859068,0.00067347,59.8397,-0.00058344,-0.00040336,37226.01249480,OKX and Hyperliquid context available
2026-06-07T12:13:56.650974+00:00,AVAX,HlPerp,OkxSwap,0.00574694,0.00060407,920.7723,-0.00059882,-0.00058832,96912.21101269,OKX and Hyperliquid context available
2026-06-07T12:13:56.650974+00:00,AAVE,OkxSwap,HlPerp,0.27720012,0.00089008,28.1281,-0.00063693,-0.00013063,52844.76815230,OKX and Hyperliquid context available
2026-06-07T12:13:56.650974+00:00,TRX,HlPerp,OkxSwap,0.01601668,0.00068560,374.9742,-0.00067097,-0.00064172,47784.80963900,OKX and Hyperliquid context available
2026-06-07T12:13:56.650974+00:00,LTC,OkxSwap,HlPerp,0.11774164,0.00078967,58.7518,-0.00068215,-0.00046709,31567.07282960,OKX and Hyperliquid context available
2026-06-07T12:13:56.650974+00:00,XRP,OkxSwap,HlPerp,0.33470309,0.00108486,28.3935,-0.00077920,-0.00016787,377381.99037800,OKX and Hyperliquid context available
2026-06-07T12:13:56.650974+00:00,TAO,OkxSwap,HlPerp,0.25306412,0.00104100,36.0351,-0.00080989,-0.00034768,67452.14366260,OKX and Hyperliquid context available
2026-06-07T12:13:56.650974+00:00,BCH,OkxSwap,HlPerp,0.18449085,0.00102287,48.5678,-0.00085438,-0.00051741,26725.62794720,OKX and Hyperliquid context available
2026-06-07T12:13:56.650974+00:00,ADA,OkxSwap,HlPerp,0.24693865,0.00112671,39.9694,-0.00090120,-0.00045017,139873.00465940,OKX and Hyperliquid context available
2026-06-07T12:13:56.650974+00:00,WLFI,OkxSwap,HlPerp,0.22848580,0.00112631,43.1822,-0.00091765,-0.00050033,10118.46671491,OKX and Hyperliquid context available
2026-06-07T12:13:56.650974+00:00,VIRTUAL,OkxSwap,HlPerp,0.16167338,0.00108707,58.9008,-0.00093942,-0.00064412,12463.82311789,OKX and Hyperliquid context available
2026-06-07T12:13:56.650974+00:00,WLD,OkxSwap,HlPerp,0.40279728,0.00131031,28.4966,-0.00094246,-0.00020676,484293.41568161,OKX and Hyperliquid context available
2026-06-07T12:13:56.650974+00:00,ASTER,OkxSwap,HlPerp,0.01592518,0.00097242,534.9011,-0.00095788,-0.00092879,44251.55195260,OKX and Hyperliquid context available
2026-06-07T12:13:56.650974+00:00,TIA,OkxSwap,HlPerp,0.61023994,0.00160336,23.0162,-0.00104606,0.00006853,7003.45085661,OKX and Hyperliquid context available
2026-06-07T12:13:56.650974+00:00,HBAR,OkxSwap,HlPerp,0.18257360,0.00122461,58.7575,-0.00105787,-0.00072441,12043.80390234,OKX and Hyperliquid context available
2026-06-07T12:13:56.650974+00:00,NEAR,OkxSwap,HlPerp,0.28044636,0.00134717,42.0800,-0.00109105,-0.00057882,316839.79461670,OKX and Hyperliquid context available
2026-06-07T12:13:56.650974+00:00,TON,OkxSwap,HlPerp,0.24422677,0.00141205,50.6480,-0.00118902,-0.00074294,336407.26389100,OKX and Hyperliquid context available
2026-06-07T12:13:56.650974+00:00,CRV,OkxSwap,HlPerp,0.19340559,0.00136932,62.0210,-0.00119269,-0.00083944,24654.53498463,OKX and Hyperliquid context available
2026-06-07T12:13:56.650974+00:00,STRK,HlPerp,OkxSwap,0.00452248,0.00122124,2365.5186,-0.00121710,-0.00120884,8542.02133276,OKX and Hyperliquid context available
2026-06-07T12:13:56.650974+00:00,JTO,OkxSwap,HlPerp,1.06098080,0.00223687,18.4687,-0.00126793,0.00066993,51284.68028540,OKX and Hyperliquid context available
2026-06-07T12:13:56.650974+00:00,UNI,OkxSwap,HlPerp,0.05243314,0.00136171,227.5014,-0.00131383,-0.00121806,10476.18657320,OKX and Hyperliquid context available
2026-06-07T12:13:56.650974+00:00,APT,OkxSwap,HlPerp,0.20395875,0.00151081,64.8892,-0.00132455,-0.00095202,16632.20410574,OKX and Hyperliquid context available
2026-06-07T12:13:56.650974+00:00,MON,OkxSwap,HlPerp,0.63111133,0.00194236,26.9605,-0.00136600,-0.00021329,24321.40515464,OKX and Hyperliquid context available
2026-06-07T12:13:56.650974+00:00,CHIP,OkxSwap,HlPerp,0.28410844,0.00162972,50.2497,-0.00137026,-0.00085134,9080.24620810,OKX and Hyperliquid context available
2026-06-07T12:13:56.650974+00:00,ONDO,OkxSwap,HlPerp,0.13380899,0.00153069,100.2090,-0.00140849,-0.00116409,120024.59042010,OKX and Hyperliquid context available
2026-06-07T12:13:56.650974+00:00,TRUMP,HlPerp,OkxSwap,0.05270876,0.00149040,247.6988,-0.00144226,-0.00134599,12234.41408050,OKX and Hyperliquid context available
2026-06-07T12:13:56.650974+00:00,LDO,OkxSwap,HlPerp,0.18253803,0.00162574,78.0193,-0.00145904,-0.00112564,5998.78057678,OKX and Hyperliquid context available
2026-06-07T12:13:56.650974+00:00,ICP,OkxSwap,HlPerp,0.00000000,0.00150250,0.0000,-0.00150250,-0.00150250,11505.21159370,OKX and Hyperliquid context available
2026-06-07T12:13:56.650974+00:00,BERA,OkxSwap,HlPerp,0.19135634,0.00170461,78.0346,-0.00152986,-0.00118035,2845.24601554,OKX and Hyperliquid context available
2026-06-07T12:13:56.650974+00:00,ARB,OkxSwap,HlPerp,0.19076155,0.00171781,78.8841,-0.00154360,-0.00119518,20320.58732908,OKX and Hyperliquid context available
2026-06-07T12:13:56.650974+00:00,INJ,OkxSwap,HlPerp,0.46064574,0.00200225,38.0763,-0.00158157,-0.00074021,20673.61374310,OKX and Hyperliquid context available
2026-06-07T12:13:56.650974+00:00,WIF,HlPerp,OkxSwap,0.05915936,0.00174864,258.9299,-0.00169462,-0.00158656,12292.99651300,OKX and Hyperliquid context available
2026-06-07T12:13:56.650974+00:00,STABLE,OkxSwap,HlPerp,0.29577310,0.00197852,58.5984,-0.00170841,-0.00116818,11491.09580401,OKX and Hyperliquid context available
2026-06-07T12:13:56.650974+00:00,IP,OkxSwap,HlPerp,0.30158865,0.00200163,58.1396,-0.00172620,-0.00117536,3305.49756795,OKX and Hyperliquid context available
2026-06-07T12:13:56.650974+00:00,LIT,OkxSwap,HlPerp,0.06947845,0.00180452,227.5184,-0.00174107,-0.00161417,50113.13900000,OKX and Hyperliquid context available
2026-06-07T12:13:56.650974+00:00,SEI,OkxSwap,HlPerp,0.12387783,0.00187592,132.6550,-0.00176278,-0.00153652,9168.68726656,OKX and Hyperliquid context available
2026-06-07T12:13:56.650974+00:00,XLM,OkxSwap,HlPerp,0.20375965,0.00194983,83.8267,-0.00176375,-0.00139158,103414.71051660,OKX and Hyperliquid context available
2026-06-07T12:13:56.650974+00:00,XPL,OkxSwap,HlPerp,0.38968704,0.00222718,50.0661,-0.00187130,-0.00115955,77675.96277932,OKX and Hyperliquid context available
2026-06-07T12:13:56.650974+00:00,S,OkxSwap,HlPerp,0.31692385,0.00219906,60.7836,-0.00190963,-0.00133078,1578.20561885,OKX and Hyperliquid context available
2026-06-07T12:13:56.650974+00:00,YGG,OkxSwap,HlPerp,0.00000000,0.00192334,0.0000,-0.00192334,-0.00192334,1724.54849252,OKX and Hyperliquid context available
2026-06-07T12:13:56.650974+00:00,JUP,OkxSwap,HlPerp,0.22311613,0.00219497,86.1791,-0.00199121,-0.00158369,10923.64453410,OKX and Hyperliquid context available
2026-06-07T12:13:56.650974+00:00,ZEN,HlPerp,OkxSwap,0.35779081,0.00235677,57.7021,-0.00203002,-0.00137652,3054.14813634,OKX and Hyperliquid context available
2026-06-07T12:13:56.650974+00:00,PUMP,OkxSwap,HlPerp,0.00000000,0.00203505,0.0000,-0.00203505,-0.00203505,32824.62356978,OKX and Hyperliquid context available
2026-06-07T12:13:56.650974+00:00,CFX,OkxSwap,HlPerp,0.25584710,0.00231644,79.3130,-0.00208279,-0.00161549,4954.56081134,OKX and Hyperliquid context available
2026-06-07T12:13:56.650974+00:00,LAYER,OkxSwap,HlPerp,0.27095585,0.00238285,77.0376,-0.00213540,-0.00164051,1713.26659582,OKX and Hyperliquid context available
2026-06-07T12:13:56.650974+00:00,BABY,HlPerp,OkxSwap,1.36261597,0.00340963,21.9199,-0.00216524,0.00032356,18227.01764335,OKX and Hyperliquid context available
2026-06-07T12:13:56.650974+00:00,MEGA,OkxSwap,HlPerp,0.45200968,0.00258080,50.0162,-0.00216801,-0.00134242,9733.17972077,OKX and Hyperliquid context available
2026-06-07T12:13:56.650974+00:00,SPX,OkxSwap,HlPerp,0.00000000,0.00220221,0.0000,-0.00220221,-0.00220221,14348.73324474,OKX and Hyperliquid context available
2026-06-07T12:13:56.650974+00:00,CC,OkxSwap,HlPerp,0.20194954,0.00241984,104.9657,-0.00223541,-0.00186655,35513.77162800,OKX and Hyperliquid context available
2026-06-07T12:13:56.650974+00:00,DASH,OkxSwap,HlPerp,0.13998153,0.00239154,149.6621,-0.00226371,-0.00200803,14599.23638170,OKX and Hyperliquid context available
2026-06-07T12:13:56.650974+00:00,ANIME,OkxSwap,HlPerp,0.06685496,0.00233028,305.3369,-0.00226923,-0.00214712,2258.42738308,OKX and Hyperliquid context available
2026-06-07T12:13:56.650974+00:00,BIO,OkxSwap,HlPerp,0.25075834,0.00251152,87.7376,-0.00228252,-0.00182451,5816.04167706,OKX and Hyperliquid context available
2026-06-07T12:13:56.650974+00:00,AERO,HlPerp,OkxSwap,0.07968179,0.00240534,264.4369,-0.00233257,-0.00218704,3458.19878440,OKX and Hyperliquid context available
2026-06-07T12:13:56.650974+00:00,ALGO,OkxSwap,HlPerp,0.31119266,0.00264342,74.4118,-0.00235923,-0.00179084,3895.64309201,OKX and Hyperliquid context available
2026-06-07T12:13:56.650974+00:00,KAITO,OkxSwap,HlPerp,0.00000000,0.00253157,0.0000,-0.00253157,-0.00253157,1608.23321480,OKX and Hyperliquid context available
2026-06-07T12:13:56.650974+00:00,2Z,HlPerp,OkxSwap,0.02002262,0.00259057,1133.3876,-0.00257228,-0.00253571,1292.55286915,OKX and Hyperliquid context available
2026-06-07T12:13:56.650974+00:00,DOT,OkxSwap,HlPerp,0.28440823,0.00285996,88.0891,-0.00260023,-0.00208076,8768.91374079,OKX and Hyperliquid context available
2026-06-07T12:13:56.650974+00:00,GALA,OkxSwap,HlPerp,0.12151957,0.00272851,196.6908,-0.00261754,-0.00239558,1444.37228537,OKX and Hyperliquid context available
2026-06-07T12:13:56.650974+00:00,AZTEC,OkxSwap,HlPerp,0.51981221,0.00316669,53.3658,-0.00269198,-0.00174255,2441.71831656,OKX and Hyperliquid context available
2026-06-07T12:13:56.650974+00:00,SYRUP,OkxSwap,HlPerp,0.00000000,0.00279532,0.0000,-0.00279532,-0.00279532,3547.22223140,OKX and Hyperliquid context available
2026-06-07T12:13:56.650974+00:00,LINEA,OkxSwap,HlPerp,0.00000000,0.00282331,0.0000,-0.00282331,-0.00282331,2529.02311231,OKX and Hyperliquid context available
2026-06-07T12:13:56.650974+00:00,STX,OkxSwap,HlPerp,0.25494632,0.00314029,107.9008,-0.00290746,-0.00244180,2339.15843477,OKX and Hyperliquid context available
2026-06-07T12:13:56.650974+00:00,OP,OkxSwap,HlPerp,0.41002102,0.00329744,70.4489,-0.00292299,-0.00217409,7361.39219244,OKX and Hyperliquid context available
2026-06-07T12:13:56.650974+00:00,AR,OkxSwap,HlPerp,0.33632300,0.00330110,85.9817,-0.00299395,-0.00237967,12135.55461097,OKX and Hyperliquid context available
2026-06-07T12:13:56.650974+00:00,DYDX,OkxSwap,HlPerp,0.13126980,0.00316031,210.8962,-0.00304043,-0.00280067,2413.62694381,OKX and Hyperliquid context available
2026-06-07T12:13:56.650974+00:00,MOODENG,OkxSwap,HlPerp,0.00000000,0.00308925,0.0000,-0.00308925,-0.00308925,1721.52083062,OKX and Hyperliquid context available
2026-06-07T12:13:56.650974+00:00,MEME,HlPerp,OkxSwap,0.22201694,0.00333862,131.7301,-0.00313586,-0.00273035,5892.74333277,OKX and Hyperliquid context available
2026-06-07T12:13:56.650974+00:00,RENDER,OkxSwap,HlPerp,0.18461897,0.00339348,161.0173,-0.00322487,-0.00288767,6584.65550300,OKX and Hyperliquid context available
2026-06-07T12:13:56.650974+00:00,AIXBT,HlPerp,OkxSwap,0.34762126,0.00359729,90.6511,-0.00327983,-0.00264490,2426.24786877,OKX and Hyperliquid context available
2026-06-07T12:13:56.650974+00:00,AXS,OkxSwap,HlPerp,0.17877985,0.00345680,169.3790,-0.00329353,-0.00296699,1412.86622619,OKX and Hyperliquid context available
2026-06-07T12:13:56.650974+00:00,GAS,OkxSwap,HlPerp,0.00000000,0.00332721,0.0000,-0.00332721,-0.00332721,664.25240490,low Hyperliquid day volume
2026-06-07T12:13:56.650974+00:00,APE,OkxSwap,HlPerp,0.16606689,0.00351491,185.4110,-0.00336325,-0.00305993,8153.05516711,OKX and Hyperliquid context available
2026-06-07T12:13:56.650974+00:00,ATOM,OkxSwap,HlPerp,0.49073104,0.00383340,68.4297,-0.00338524,-0.00248893,4524.35921219,OKX and Hyperliquid context available
2026-06-07T12:13:56.650974+00:00,SNX,HlPerp,OkxSwap,0.51803688,0.00391937,66.2766,-0.00344628,-0.00250010,2555.68713950,OKX and Hyperliquid context available
2026-06-07T12:13:56.650974+00:00,MET,OkxSwap,HlPerp,0.00000000,0.00351579,0.0000,-0.00351579,-0.00351579,1583.75600097,OKX and Hyperliquid context available
2026-06-07T12:13:56.650974+00:00,MORPHO,OkxSwap,HlPerp,0.36116622,0.00386456,93.7340,-0.00353473,-0.00287507,7861.79418320,OKX and Hyperliquid context available
2026-06-07T12:13:56.650974+00:00,SUSHI,HlPerp,OkxSwap,0.11850791,0.00365833,270.4209,-0.00355011,-0.00333366,1947.36985751,OKX and Hyperliquid context available
2026-06-07T12:13:56.650974+00:00,AVNT,OkxSwap,HlPerp,0.00000000,0.00368645,0.0000,-0.00368645,-0.00368645,3979.15907403,OKX and Hyperliquid context available
2026-06-07T12:13:56.650974+00:00,0G,HlPerp,OkxSwap,0.00539403,0.00376940,6121.5666,-0.00376447,-0.00375462,1739.32960630,OKX and Hyperliquid context available
2026-06-07T12:13:56.650974+00:00,GMX,OkxSwap,HlPerp,0.32786131,0.00406888,108.7149,-0.00376947,-0.00317063,2216.83946579,OKX and Hyperliquid context available
2026-06-07T12:13:56.650974+00:00,PYTH,OkxSwap,HlPerp,0.05473754,0.00393562,629.8433,-0.00388564,-0.00378566,5278.75604004,OKX and Hyperliquid context available
2026-06-07T12:13:56.650974+00:00,IMX,OkxSwap,HlPerp,0.18866568,0.00407873,189.3810,-0.00390643,-0.00356184,2347.49876749,OKX and Hyperliquid context available
2026-06-07T12:13:56.650974+00:00,TURBO,OkxSwap,HlPerp,0.05204928,0.00397278,668.6275,-0.00392525,-0.00383018,920.62974128,low Hyperliquid day volume
2026-06-07T12:13:56.650974+00:00,GMT,OkxSwap,HlPerp,0.14845018,0.00407692,240.5779,-0.00394135,-0.00367021,1121.16158816,OKX and Hyperliquid context available
2026-06-07T12:13:56.650974+00:00,GRASS,OkxSwap,HlPerp,0.39300325,0.00432382,96.3774,-0.00396491,-0.00324710,6036.05046479,OKX and Hyperliquid context available
2026-06-07T12:13:56.650974+00:00,SAND,OkxSwap,HlPerp,0.00000000,0.00408375,0.0000,-0.00408375,-0.00408375,1775.76950045,OKX and Hyperliquid context available
2026-06-07T12:13:56.650974+00:00,W,OkxSwap,HlPerp,0.11603995,0.00423001,319.3286,-0.00412404,-0.00391209,2771.74023881,OKX and Hyperliquid context available
2026-06-07T12:13:56.650974+00:00,SKY,OkxSwap,HlPerp,0.00000000,0.00413555,0.0000,-0.00413555,-0.00413555,5388.71967957,OKX and Hyperliquid context available
2026-06-07T12:13:56.650974+00:00,MERL,HlPerp,OkxSwap,0.31866778,0.00448657,123.3333,-0.00419555,-0.00361351,2407.13942795,OKX and Hyperliquid context available
2026-06-07T12:13:56.650974+00:00,COMP,OkxSwap,HlPerp,0.04383707,0.00430272,859.8167,-0.00426269,-0.00418262,2370.33355900,OKX and Hyperliquid context available
2026-06-07T12:13:56.650974+00:00,BRETT,OkxSwap,HlPerp,0.11167847,0.00448111,351.4963,-0.00437913,-0.00417515,1383.48216823,OKX and Hyperliquid context available
2026-06-07T12:13:56.650974+00:00,BIGTIME,OkxSwap,HlPerp,0.20382974,0.00464455,199.6092,-0.00445841,-0.00408612,1204.43312202,OKX and Hyperliquid context available
2026-06-07T12:13:56.650974+00:00,NEO,OkxSwap,HlPerp,0.21960898,0.00483266,192.7703,-0.00463210,-0.00423099,1122.98221760,OKX and Hyperliquid context available
2026-06-07T12:13:56.650974+00:00,INIT,HlPerp,OkxSwap,0.03408341,0.00479450,1232.2647,-0.00476337,-0.00470112,2629.90391276,thin OKX top-50 book
2026-06-07T12:13:56.650974+00:00,BOME,OkxSwap,HlPerp,0.03832884,0.00515986,1179.2774,-0.00512485,-0.00505485,267.65633292,low Hyperliquid day volume
2026-06-07T12:13:56.650974+00:00,BLUR,OkxSwap,HlPerp,0.08340019,0.00522549,548.8631,-0.00514932,-0.00499700,1790.28725017,OKX and Hyperliquid context available
2026-06-07T12:13:56.650974+00:00,MOVE,OkxSwap,HlPerp,0.00000000,0.00527992,0.0000,-0.00527992,-0.00527992,780.94920200,low Hyperliquid day volume
2026-06-07T12:13:56.650974+00:00,NOT,OkxSwap,HlPerp,0.00000000,0.00577442,0.0000,-0.00577442,-0.00577442,597.37258625,low Hyperliquid day volume; wide Hyperliquid impact spread
2026-06-07T12:13:56.650974+00:00,FOGO,OkxSwap,HlPerp,0.00000000,0.00579476,0.0000,-0.00579476,-0.00579476,882.23973384,low Hyperliquid day volume
2026-06-07T12:13:56.650974+00:00,HMSTR,OkxSwap,HlPerp,0.00000000,0.00601018,0.0000,-0.00601018,-0.00601018,1676.51433694,wide Hyperliquid impact spread
2026-06-07T12:13:56.650974+00:00,DOOD,OkxSwap,HlPerp,0.00000000,0.00624221,0.0000,-0.00624221,-0.00624221,758.15611069,low Hyperliquid day volume
2026-06-07T12:13:56.650974+00:00,TRB,OkxSwap,HlPerp,0.00000000,0.00682507,0.0000,-0.00682507,-0.00682507,1137.61360230,wide Hyperliquid impact spread
2026-06-07T12:13:56.650974+00:00,UMA,OkxSwap,HlPerp,0.56992068,0.00763794,117.3994,-0.00711746,-0.00607651,678.55872721,low Hyperliquid day volume; wide Hyperliquid impact spread
2026-06-07T12:13:56.650974+00:00,ME,OkxSwap,HlPerp,0.22524322,0.00819580,318.7452,-0.00799010,-0.00757869,1628.20657104,wide Hyperliquid impact spread
2026-06-07T12:13:56.650974+00:00,IOTA,OkxSwap,HlPerp,0.07558190,0.00806735,935.0115,-0.00799832,-0.00786027,920.32674227,low Hyperliquid day volume; wide Hyperliquid impact spread
2026-06-07T12:13:56.650974+00:00,RESOLV,OkxSwap,HlPerp,0.00000000,0.00832525,0.0000,-0.00832525,-0.00832525,3335.11709274,wide Hyperliquid impact spread
2026-06-07T12:13:56.650974+00:00,SOPH,OkxSwap,HlPerp,0.00000000,0.00948052,0.0000,-0.00948052,-0.00948052,302.13281464,low Hyperliquid day volume; wide Hyperliquid impact spread
2026-06-07T12:13:56.650974+00:00,MINA,OkxSwap,HlPerp,0.07596867,0.00991107,1142.8518,-0.00984169,-0.00970293,1195.47053885,wide Hyperliquid impact spread
2026-06-07T12:13:56.650974+00:00,WCT,OkxSwap,HlPerp,0.12332859,0.01025059,728.0972,-0.01013796,-0.00991271,695.15129827,low Hyperliquid day volume; wide Hyperliquid impact spread
2026-06-07T12:13:56.650974+00:00,CELO,OkxSwap,HlPerp,0.00000000,0.01041759,0.0000,-0.01041759,-0.01041759,1280.38509859,wide Hyperliquid impact spread
2026-06-07T12:13:56.650974+00:00,RSR,OkxSwap,HlPerp,0.13613679,0.01245852,801.6688,-0.01233419,-0.01208554,266.07708479,low Hyperliquid day volume; wide Hyperliquid impact spread
2026-06-07T12:14:14.108483+00:00,BTC,OkxSwap,HlPerp,0.12645740,0.00001770,1.2262,0.00009779,0.00032876,380215.72946000,OKX and Hyperliquid context available
2026-06-07T12:14:14.108483+00:00,SOL,HlPerp,OkxSwap,0.11841941,0.00021580,15.9637,-0.00010766,0.00010864,3117687.06496149,OKX and Hyperliquid context available
2026-06-07T12:14:14.108483+00:00,ZEC,OkxSwap,HlPerp,0.35316513,0.00044263,10.9792,-0.00012011,0.00052494,133236.84410000,OKX and Hyperliquid context available
2026-06-07T12:14:14.108483+00:00,HYPE,OkxSwap,HlPerp,0.16977254,0.00040679,20.9896,-0.00025174,0.00005834,3712393.87200000,OKX and Hyperliquid context available
2026-06-07T12:14:14.108483+00:00,AI,HlPerp,OkxSwap,0.10950000,0.00043076,34.4605,-0.00033076,-0.00013076,0.00000000,missing Hyperliquid context
2026-06-07T12:14:14.108483+00:00,DOGE,OkxSwap,HlPerp,0.11443518,0.00044312,33.9207,-0.00033861,-0.00012960,98222.15430439,OKX and Hyperliquid context available
2026-06-07T12:14:14.108483+00:00,AVAX,HlPerp,OkxSwap,0.00574694,0.00046831,713.8405,-0.00046306,-0.00045256,96928.16797440,OKX and Hyperliquid context available
2026-06-07T12:14:14.108483+00:00,SUI,OkxSwap,HlPerp,0.02602812,0.00056922,191.5775,-0.00054545,-0.00049791,319197.02468688,OKX and Hyperliquid context available
2026-06-07T12:14:14.108483+00:00,TRX,HlPerp,OkxSwap,0.01574235,0.00070696,393.3943,-0.00069258,-0.00066383,47788.63172220,OKX and Hyperliquid context available
2026-06-07T12:14:14.108483+00:00,LINK,OkxSwap,HlPerp,0.09920158,0.00078995,69.7566,-0.00069936,-0.00051817,37252.30608520,OKX and Hyperliquid context available
2026-06-07T12:14:14.108483+00:00,LTC,OkxSwap,HlPerp,0.12005630,0.00082808,60.4215,-0.00071844,-0.00049916,31571.39656040,OKX and Hyperliquid context available
2026-06-07T12:14:14.108483+00:00,MEW,HlPerp,OkxSwap,0.10950000,0.00083787,67.0297,-0.00073787,-0.00053787,0.00000000,missing Hyperliquid context
2026-06-07T12:14:14.108483+00:00,BNB,OkxSwap,HlPerp,0.05333991,0.00081849,134.4206,-0.00076978,-0.00067235,66024.33955580,OKX and Hyperliquid context available
2026-06-07T12:14:14.108483+00:00,ENA,OkxSwap,HlPerp,0.42375830,0.00115919,23.9630,-0.00077220,0.00000179,70679.88313293,OKX and Hyperliquid context available
2026-06-07T12:14:14.108483+00:00,TAO,OkxSwap,HlPerp,0.25373240,0.00106912,36.9109,-0.00083740,-0.00037396,67660.37058020,OKX and Hyperliquid context available
2026-06-07T12:14:14.108483+00:00,WLFI,OkxSwap,HlPerp,0.23117919,0.00107341,40.6744,-0.00086229,-0.00044004,10119.19649571,OKX and Hyperliquid context available
2026-06-07T12:14:14.108483+00:00,ADA,OkxSwap,HlPerp,0.24693865,0.00108891,38.6284,-0.00086339,-0.00041236,139885.62113620,OKX and Hyperliquid context available
2026-06-07T12:14:14.108483+00:00,BCH,OkxSwap,HlPerp,0.18449085,0.00108580,51.5561,-0.00091732,-0.00058035,26725.62794720,OKX and Hyperliquid context available
2026-06-07T12:14:14.108483+00:00,XRP,OkxSwap,HlPerp,0.33695763,0.00124818,32.4495,-0.00094046,-0.00032501,378024.19797800,OKX and Hyperliquid context available
2026-06-07T12:14:14.108483+00:00,AAVE,OkxSwap,HlPerp,0.27720012,0.00123912,39.1585,-0.00098597,-0.00047967,52848.73029410,OKX and Hyperliquid context available
2026-06-07T12:14:14.108483+00:00,TIA,OkxSwap,HlPerp,0.61006511,0.00160239,23.0089,-0.00104525,0.00006902,7007.00256435,OKX and Hyperliquid context available
2026-06-07T12:14:14.108483+00:00,WLD,OkxSwap,HlPerp,0.40710903,0.00144574,31.1088,-0.00107395,-0.00033037,484468.70109135,OKX and Hyperliquid context available
2026-06-07T12:14:14.108483+00:00,HBAR,OkxSwap,HlPerp,0.18354467,0.00129871,61.9835,-0.00113109,-0.00079585,12046.24336194,OKX and Hyperliquid context available
2026-06-07T12:14:14.108483+00:00,ASTER,OkxSwap,HlPerp,0.01592518,0.00121698,669.4253,-0.00120243,-0.00117335,44253.50022400,OKX and Hyperliquid context available
2026-06-07T12:14:14.108483+00:00,MON,OkxSwap,HlPerp,0.63606694,0.00181097,24.9410,-0.00123009,-0.00006832,24322.92493445,OKX and Hyperliquid context available
2026-06-07T12:14:14.108483+00:00,CRV,OkxSwap,HlPerp,0.19371393,0.00142137,64.2762,-0.00124446,-0.00089065,24655.46624903,OKX and Hyperliquid context available
2026-06-07T12:14:14.108483+00:00,LIT,OkxSwap,HlPerp,0.07942250,0.00133465,147.2068,-0.00126212,-0.00111705,48677.56890000,OKX and Hyperliquid context available
2026-06-07T12:14:14.108483+00:00,APT,OkxSwap,HlPerp,0.20395875,0.00151063,64.8814,-0.00132437,-0.00095184,16637.54036576,OKX and Hyperliquid context available
2026-06-07T12:14:14.108483+00:00,VIRTUAL,OkxSwap,HlPerp,0.16488257,0.00147970,78.6146,-0.00132912,-0.00102797,12465.21332133,OKX and Hyperliquid context available
2026-06-07T12:14:14.108483+00:00,JTO,OkxSwap,HlPerp,1.05588932,0.00240652,19.9653,-0.00144224,0.00048633,51285.22574900,OKX and Hyperliquid context available
2026-06-07T12:14:14.108483+00:00,NEAR,OkxSwap,HlPerp,0.28006272,0.00170247,53.2510,-0.00144670,-0.00093517,316960.49330590,OKX and Hyperliquid context available
2026-06-07T12:14:14.108483+00:00,ONDO,OkxSwap,HlPerp,0.13504538,0.00159271,103.3143,-0.00146938,-0.00122272,120026.68251780,OKX and Hyperliquid context available
2026-06-07T12:14:14.108483+00:00,CHIP,OkxSwap,HlPerp,0.27859125,0.00172852,54.3514,-0.00147410,-0.00096525,9080.24620810,OKX and Hyperliquid context available
2026-06-07T12:14:14.108483+00:00,XLM,OkxSwap,HlPerp,0.20417558,0.00168155,72.1458,-0.00149509,-0.00112217,103414.93679760,OKX and Hyperliquid context available
2026-06-07T12:14:14.108483+00:00,UNI,OkxSwap,HlPerp,0.05130451,0.00154965,264.5950,-0.00150279,-0.00140909,10525.93919480,OKX and Hyperliquid context available
2026-06-07T12:14:14.108483+00:00,STRK,HlPerp,OkxSwap,0.00768595,0.00152621,1739.4801,-0.00151919,-0.00150515,8546.27729636,OKX and Hyperliquid context available
2026-06-07T12:14:14.108483+00:00,ARB,OkxSwap,HlPerp,0.19076155,0.00171935,78.9547,-0.00154514,-0.00119672,20322.59943214,OKX and Hyperliquid context available
2026-06-07T12:14:14.108483+00:00,TON,OkxSwap,HlPerp,0.24421087,0.00177442,63.6496,-0.00155140,-0.00110535,336458.73399040,OKX and Hyperliquid context available
2026-06-07T12:14:14.108483+00:00,TRUMP,HlPerp,OkxSwap,0.04564651,0.00159666,306.4150,-0.00155498,-0.00147161,12244.62965150,OKX and Hyperliquid context available
2026-06-07T12:14:14.108483+00:00,IP,OkxSwap,HlPerp,0.30576044,0.00186688,53.4860,-0.00158765,-0.00102918,3311.86883670,OKX and Hyperliquid context available
2026-06-07T12:14:14.108483+00:00,XPL,OkxSwap,HlPerp,0.39225626,0.00199339,44.5172,-0.00163517,-0.00091872,77686.15018292,OKX and Hyperliquid context available
2026-06-07T12:14:14.108483+00:00,ZRO,OkxSwap,HlPerp,0.00000000,0.00168276,0.0000,-0.00168276,-0.00168276,24411.59130550,OKX and Hyperliquid context available
2026-06-07T12:14:14.108483+00:00,BABY,HlPerp,OkxSwap,1.36261597,0.00295583,19.0025,-0.00171143,0.00077737,18227.12846659,OKX and Hyperliquid context available
2026-06-07T12:14:14.108483+00:00,ICP,OkxSwap,HlPerp,0.00000000,0.00172544,0.0000,-0.00172544,-0.00172544,11510.31183540,OKX and Hyperliquid context available
2026-06-07T12:14:14.108483+00:00,LDO,OkxSwap,HlPerp,0.18371533,0.00192805,91.9341,-0.00176027,-0.00142472,5998.78057678,OKX and Hyperliquid context available
2026-06-07T12:14:14.108483+00:00,WIF,HlPerp,OkxSwap,0.05881330,0.00182652,272.0532,-0.00177281,-0.00166539,12300.27062500,OKX and Hyperliquid context available
2026-06-07T12:14:14.108483+00:00,SEI,OkxSwap,HlPerp,0.12869134,0.00189891,129.2584,-0.00178138,-0.00154633,9188.61950974,OKX and Hyperliquid context available
2026-06-07T12:14:14.108483+00:00,BERA,OkxSwap,HlPerp,0.19135634,0.00203782,93.2881,-0.00186306,-0.00151355,2845.24601554,OKX and Hyperliquid context available
2026-06-07T12:14:14.108483+00:00,MEGA,OkxSwap,HlPerp,0.45573614,0.00238157,45.7776,-0.00196537,-0.00113298,9733.17972077,OKX and Hyperliquid context available
2026-06-07T12:14:14.108483+00:00,CFX,OkxSwap,HlPerp,0.25584710,0.00225077,77.0646,-0.00201712,-0.00154982,4959.03456860,OKX and Hyperliquid context available
2026-06-07T12:14:14.108483+00:00,INJ,OkxSwap,HlPerp,0.45978053,0.00244610,46.6045,-0.00202621,-0.00118643,20686.94797750,OKX and Hyperliquid context available
2026-06-07T12:14:14.108483+00:00,PUMP,OkxSwap,HlPerp,0.00000000,0.00203459,0.0000,-0.00203459,-0.00203459,32830.64068478,OKX and Hyperliquid context available
2026-06-07T12:14:14.108483+00:00,S,OkxSwap,HlPerp,0.30885505,0.00240119,68.1045,-0.00211913,-0.00155501,1614.55493675,OKX and Hyperliquid context available
2026-06-07T12:14:14.108483+00:00,JUP,OkxSwap,HlPerp,0.22816277,0.00235073,90.2531,-0.00214236,-0.00172563,10933.40356690,OKX and Hyperliquid context available
2026-06-07T12:14:14.108483+00:00,BIO,OkxSwap,HlPerp,0.25075834,0.00244571,85.4386,-0.00221671,-0.00175870,5816.51788371,OKX and Hyperliquid context available
2026-06-07T12:14:14.108483+00:00,DASH,OkxSwap,HlPerp,0.14997286,0.00238480,139.2977,-0.00224784,-0.00197392,14616.50074870,OKX and Hyperliquid context available
2026-06-07T12:14:14.108483+00:00,ANIME,OkxSwap,HlPerp,0.06685496,0.00232995,305.2932,-0.00226890,-0.00214679,2260.93006526,OKX and Hyperliquid context available
2026-06-07T12:14:14.108483+00:00,STABLE,OkxSwap,HlPerp,0.30605577,0.00260886,74.6714,-0.00232936,-0.00177035,11491.09580401,OKX and Hyperliquid context available
2026-06-07T12:14:14.108483+00:00,LAYER,OkxSwap,HlPerp,0.26601610,0.00260407,85.7530,-0.00236114,-0.00187526,1714.15835278,OKX and Hyperliquid context available
2026-06-07T12:14:14.108483+00:00,CC,OkxSwap,HlPerp,0.20194954,0.00255125,110.6659,-0.00236682,-0.00199796,35522.66941560,OKX and Hyperliquid context available
2026-06-07T12:14:14.108483+00:00,SYRUP,OkxSwap,HlPerp,0.00000000,0.00241185,0.0000,-0.00241185,-0.00241185,3555.67923980,OKX and Hyperliquid context available
2026-06-07T12:14:14.108483+00:00,STX,OkxSwap,HlPerp,0.25115937,0.00270800,94.4504,-0.00247863,-0.00201989,2339.15843477,OKX and Hyperliquid context available
2026-06-07T12:14:14.108483+00:00,YGG,OkxSwap,HlPerp,0.00000000,0.00251222,0.0000,-0.00251222,-0.00251222,1724.54849252,OKX and Hyperliquid context available
2026-06-07T12:14:14.108483+00:00,OP,OkxSwap,HlPerp,0.41626486,0.00297981,62.7081,-0.00259966,-0.00183936,7372.13923805,OKX and Hyperliquid context available
2026-06-07T12:14:14.108483+00:00,2Z,HlPerp,OkxSwap,0.02002262,0.00266368,1165.3755,-0.00264540,-0.00260883,1292.55286915,OKX and Hyperliquid context available
2026-06-07T12:14:14.108483+00:00,ATOM,OkxSwap,HlPerp,0.49073104,0.00317419,56.6622,-0.00272603,-0.00182972,4524.47567386,OKX and Hyperliquid context available
2026-06-07T12:14:14.108483+00:00,SPX,OkxSwap,HlPerp,0.00000000,0.00276151,0.0000,-0.00276151,-0.00276151,14352.74042012,OKX and Hyperliquid context available
2026-06-07T12:14:14.108483+00:00,ALGO,OkxSwap,HlPerp,0.31119266,0.00307165,86.4662,-0.00278745,-0.00221907,3895.64309201,OKX and Hyperliquid context available
2026-06-07T12:14:14.108483+00:00,AERO,HlPerp,OkxSwap,0.07968179,0.00291590,320.5659,-0.00284313,-0.00269759,3485.42524440,OKX and Hyperliquid context available
2026-06-07T12:14:14.108483+00:00,MORPHO,OkxSwap,HlPerp,0.35433893,0.00320980,79.3531,-0.00288621,-0.00223901,7863.43381900,OKX and Hyperliquid context available
2026-06-07T12:14:14.108483+00:00,KAITO,OkxSwap,HlPerp,0.00000000,0.00289219,0.0000,-0.00289219,-0.00289219,1608.23321480,OKX and Hyperliquid context available
2026-06-07T12:14:14.108483+00:00,GALA,OkxSwap,HlPerp,0.11939701,0.00311898,228.8357,-0.00300995,-0.00279187,1444.54822637,OKX and Hyperliquid context available
2026-06-07T12:14:14.108483+00:00,AR,OkxSwap,HlPerp,0.33632300,0.00340505,88.6892,-0.00309790,-0.00248361,12137.17182709,OKX and Hyperliquid context available
2026-06-07T12:14:14.108483+00:00,DYDX,OkxSwap,HlPerp,0.12871147,0.00323612,220.2477,-0.00311857,-0.00288348,2413.74566402,OKX and Hyperliquid context available
2026-06-07T12:14:14.108483+00:00,APE,OkxSwap,HlPerp,0.16606689,0.00335030,176.7280,-0.00319864,-0.00289533,8153.05516711,OKX and Hyperliquid context available
2026-06-07T12:14:14.108483+00:00,LINEA,OkxSwap,HlPerp,0.00000000,0.00322841,0.0000,-0.00322841,-0.00322841,2532.22841892,OKX and Hyperliquid context available
2026-06-07T12:14:14.108483+00:00,0G,HlPerp,OkxSwap,0.00539403,0.00336662,5467.4402,-0.00336169,-0.00335184,1741.60932430,OKX and Hyperliquid context available
2026-06-07T12:14:14.108483+00:00,SUSHI,HlPerp,OkxSwap,0.11850791,0.00347970,257.2166,-0.00337148,-0.00315502,1947.36985751,OKX and Hyperliquid context available
2026-06-07T12:14:14.108483+00:00,RENDER,OkxSwap,HlPerp,0.18005746,0.00360200,175.2415,-0.00343757,-0.00310869,6591.83149300,OKX and Hyperliquid context available
2026-06-07T12:14:14.108483+00:00,AVNT,OkxSwap,HlPerp,0.00000000,0.00352930,0.0000,-0.00352930,-0.00352930,3979.63914723,OKX and Hyperliquid context available
2026-06-07T12:14:14.108483+00:00,AIXBT,HlPerp,OkxSwap,0.34762126,0.00387957,97.7646,-0.00356211,-0.00292718,2429.55019561,OKX and Hyperliquid context available
2026-06-07T12:14:14.108483+00:00,GRASS,OkxSwap,HlPerp,0.39549942,0.00394758,87.4357,-0.00358639,-0.00286402,6036.05046479,OKX and Hyperliquid context available
2026-06-07T12:14:14.108483+00:00,IMX,OkxSwap,HlPerp,0.18425658,0.00384259,182.6858,-0.00367432,-0.00333777,2352.60432529,OKX and Hyperliquid context available
2026-06-07T12:14:14.108483+00:00,DOOD,OkxSwap,HlPerp,0.00000000,0.00374844,0.0000,-0.00374844,-0.00374844,758.15611069,low Hyperliquid day volume
2026-06-07T12:14:14.108483+00:00,MOODENG,OkxSwap,HlPerp,0.00000000,0.00377759,0.0000,-0.00377759,-0.00377759,1721.52083062,OKX and Hyperliquid context available
2026-06-07T12:14:14.108483+00:00,PYTH,OkxSwap,HlPerp,0.05172942,0.00383882,650.0769,-0.00379158,-0.00369710,5280.19709484,OKX and Hyperliquid context available
2026-06-07T12:14:14.108483+00:00,SNX,HlPerp,OkxSwap,0.50953615,0.00433785,74.5767,-0.00387252,-0.00294186,2556.46488702,OKX and Hyperliquid context available
2026-06-07T12:14:14.108483+00:00,FOGO,OkxSwap,HlPerp,0.00000000,0.00395091,0.0000,-0.00395091,-0.00395091,882.23973384,low Hyperliquid day volume
2026-06-07T12:14:14.108483+00:00,SKY,OkxSwap,HlPerp,0.00000000,0.00396179,0.0000,-0.00396179,-0.00396179,5388.71967957,OKX and Hyperliquid context available
2026-06-07T12:14:14.108483+00:00,MET,OkxSwap,HlPerp,0.00000000,0.00402749,0.0000,-0.00402749,-0.00402749,1583.86311861,OKX and Hyperliquid context available
2026-06-07T12:14:14.108483+00:00,GAS,OkxSwap,HlPerp,0.00000000,0.00408243,0.0000,-0.00408243,-0.00408243,664.25240490,low Hyperliquid day volume
2026-06-07T12:14:14.108483+00:00,GMT,OkxSwap,HlPerp,0.17317154,0.00433630,219.3549,-0.00417816,-0.00386186,1121.39523924,OKX and Hyperliquid context available
2026-06-07T12:14:14.108483+00:00,MERL,HlPerp,OkxSwap,0.31866778,0.00448621,123.3235,-0.00419519,-0.00361315,2409.13098947,OKX and Hyperliquid context available
2026-06-07T12:14:14.108483+00:00,AZTEC,OkxSwap,HlPerp,0.51981221,0.00469270,79.0825,-0.00421799,-0.00326856,2442.33228256,OKX and Hyperliquid context available
2026-06-07T12:14:14.108483+00:00,GMX,OkxSwap,HlPerp,0.33923704,0.00480340,124.0364,-0.00449359,-0.00387398,2219.49726879,OKX and Hyperliquid context available
2026-06-07T12:14:14.108483+00:00,AXS,OkxSwap,HlPerp,0.17877985,0.00470023,230.3056,-0.00453696,-0.00421042,1413.37218459,OKX and Hyperliquid context available
2026-06-07T12:14:14.108483+00:00,BIGTIME,OkxSwap,HlPerp,0.20382974,0.00487921,209.6941,-0.00469307,-0.00432077,1204.43312202,OKX and Hyperliquid context available
2026-06-07T12:14:14.108483+00:00,MEME,HlPerp,OkxSwap,0.22201694,0.00492839,194.4569,-0.00472564,-0.00432013,5914.10248719,OKX and Hyperliquid context available
2026-06-07T12:14:14.108483+00:00,SAND,OkxSwap,HlPerp,0.00000000,0.00489370,0.0000,-0.00489370,-0.00489370,1775.76950045,OKX and Hyperliquid context available
2026-06-07T12:14:14.108483+00:00,BRETT,OkxSwap,HlPerp,0.11261596,0.00504308,392.2837,-0.00494024,-0.00473455,1383.66270983,OKX and Hyperliquid context available
2026-06-07T12:14:14.108483+00:00,COMP,OkxSwap,HlPerp,0.04086207,0.00505576,1083.8524,-0.00501844,-0.00494381,2377.26844500,OKX and Hyperliquid context available
2026-06-07T12:14:14.108483+00:00,TURBO,OkxSwap,HlPerp,0.04835433,0.00514664,932.3786,-0.00510248,-0.00501416,920.62974128,low Hyperliquid day volume
2026-06-07T12:14:14.108483+00:00,BOME,OkxSwap,HlPerp,0.03832884,0.00515974,1179.2498,-0.00512473,-0.00505472,267.65633292,low Hyperliquid day volume
2026-06-07T12:14:14.108483+00:00,W,OkxSwap,HlPerp,0.11502712,0.00529269,403.0697,-0.00518764,-0.00497754,2772.03043221,OKX and Hyperliquid context available
2026-06-07T12:14:14.108483+00:00,INIT,HlPerp,OkxSwap,0.03408341,0.00536081,1377.8171,-0.00532968,-0.00526743,2629.90391276,thin OKX top-50 book
2026-06-07T12:14:14.108483+00:00,MOVE,OkxSwap,HlPerp,0.00000000,0.00545293,0.0000,-0.00545293,-0.00545293,780.94920200,low Hyperliquid day volume
2026-06-07T12:14:14.108483+00:00,NOT,OkxSwap,HlPerp,0.00000000,0.00551191,0.0000,-0.00551191,-0.00551191,597.37258625,low Hyperliquid day volume; wide Hyperliquid impact spread
2026-06-07T12:14:14.108483+00:00,NEO,OkxSwap,HlPerp,0.21920447,0.00576786,230.4991,-0.00556767,-0.00516730,1122.98221760,OKX and Hyperliquid context available
2026-06-07T12:14:14.108483+00:00,HMSTR,OkxSwap,HlPerp,0.00000000,0.00600989,0.0000,-0.00600989,-0.00600989,1676.51433694,wide Hyperliquid impact spread
2026-06-07T12:14:14.108483+00:00,TRB,OkxSwap,HlPerp,0.00000000,0.00611933,0.0000,-0.00611933,-0.00611933,1141.14209730,wide Hyperliquid impact spread
2026-06-07T12:14:14.108483+00:00,BLUR,OkxSwap,HlPerp,0.08340019,0.00652156,684.9966,-0.00644539,-0.00629306,1837.20133696,wide Hyperliquid impact spread
2026-06-07T12:14:14.108483+00:00,IOTA,OkxSwap,HlPerp,0.07871965,0.00715419,796.1250,-0.00708230,-0.00693852,920.32674227,low Hyperliquid day volume; wide Hyperliquid impact spread
2026-06-07T12:14:14.108483+00:00,UMA,OkxSwap,HlPerp,0.57301136,0.00814335,124.4927,-0.00762005,-0.00657346,678.55872721,low Hyperliquid day volume; wide Hyperliquid impact spread
2026-06-07T12:14:14.108483+00:00,ME,OkxSwap,HlPerp,0.23056457,0.00803112,305.1320,-0.00782056,-0.00739944,1628.20657104,wide Hyperliquid impact spread
2026-06-07T12:14:14.108483+00:00,RESOLV,OkxSwap,HlPerp,0.00000000,0.00849850,0.0000,-0.00849850,-0.00849850,3335.30992902,wide Hyperliquid impact spread
2026-06-07T12:14:14.108483+00:00,WCT,OkxSwap,HlPerp,0.11818834,0.00933395,691.8229,-0.00922602,-0.00901015,695.34726643,low Hyperliquid day volume; wide Hyperliquid impact spread
2026-06-07T12:14:14.108483+00:00,SOPH,OkxSwap,HlPerp,0.00000000,0.01004490,0.0000,-0.01004490,-0.01004490,302.13281464,low Hyperliquid day volume; wide Hyperliquid impact spread
2026-06-07T12:14:14.108483+00:00,MINA,OkxSwap,HlPerp,0.09729971,0.01015088,913.8947,-0.01006202,-0.00988430,1195.82869247,wide Hyperliquid impact spread
2026-06-07T12:14:14.108483+00:00,RSR,OkxSwap,HlPerp,0.13673995,0.01101403,705.5938,-0.01088915,-0.01063940,266.51297290,low Hyperliquid day volume; wide Hyperliquid impact spread
2026-06-07T12:14:14.108483+00:00,CELO,OkxSwap,HlPerp,0.00000000,0.01216735,0.0000,-0.01216735,-0.01216735,1280.49666699,wide Hyperliquid impact spread
2026-06-07T12:14:32.349005+00:00,BTC,OkxSwap,HlPerp,0.12645740,0.00015137,10.4857,-0.00003588,0.00019509,427195.45146000,OKX and Hyperliquid context available
2026-06-07T12:14:32.349005+00:00,WLD,OkxSwap,HlPerp,0.40710903,0.00049031,10.5504,-0.00011853,0.00062505,484511.71294541,OKX and Hyperliquid context available
2026-06-07T12:14:32.349005+00:00,HYPE,OkxSwap,HlPerp,0.16977254,0.00039966,20.6218,-0.00024462,0.00006547,3847931.81300000,OKX and Hyperliquid context available
2026-06-07T12:14:32.349005+00:00,AI,HlPerp,OkxSwap,0.10950000,0.00043131,34.5051,-0.00033131,-0.00013131,0.00000000,missing Hyperliquid context
2026-06-07T12:14:32.349005+00:00,SOL,HlPerp,OkxSwap,0.11841941,0.00044706,33.0707,-0.00033891,-0.00012262,3118808.66787129,OKX and Hyperliquid context available
2026-06-07T12:14:32.349005+00:00,ZEC,OkxSwap,HlPerp,0.35316513,0.00066758,16.5589,-0.00034506,0.00029999,128866.35140000,OKX and Hyperliquid context available
2026-06-07T12:14:32.349005+00:00,BNB,OkxSwap,HlPerp,0.05571624,0.00044262,69.5916,-0.00039174,-0.00028998,66047.60843800,OKX and Hyperliquid context available
2026-06-07T12:14:32.349005+00:00,DOGE,OkxSwap,HlPerp,0.11443518,0.00052719,40.3561,-0.00042268,-0.00021367,98232.15355981,OKX and Hyperliquid context available
2026-06-07T12:14:32.349005+00:00,MEW,HlPerp,OkxSwap,0.10950000,0.00055866,44.6927,-0.00045866,-0.00025866,0.00000000,missing Hyperliquid context
2026-06-07T12:14:32.349005+00:00,LINK,OkxSwap,HlPerp,0.09920158,0.00062899,55.5433,-0.00053840,-0.00035721,37280.78046040,OKX and Hyperliquid context available
2026-06-07T12:14:32.349005+00:00,AVAX,HlPerp,OkxSwap,0.00468274,0.00057454,1074.7952,-0.00057027,-0.00056171,97061.49611884,OKX and Hyperliquid context available
2026-06-07T12:14:32.349005+00:00,XRP,OkxSwap,HlPerp,0.33695763,0.00102891,26.7490,-0.00072119,-0.00010574,378071.15457800,OKX and Hyperliquid context available
2026-06-07T12:14:32.349005+00:00,LTC,OkxSwap,HlPerp,0.12005630,0.00088084,64.2709,-0.00077120,-0.00055192,31571.39656040,OKX and Hyperliquid context available
2026-06-07T12:14:32.349005+00:00,TRX,HlPerp,OkxSwap,0.01574235,0.00080750,449.3441,-0.00079313,-0.00076437,47788.63172220,OKX and Hyperliquid context available
2026-06-07T12:14:32.349005+00:00,AAVE,OkxSwap,HlPerp,0.27635482,0.00107346,34.0270,-0.00082108,-0.00031633,52848.97713680,OKX and Hyperliquid context available
2026-06-07T12:14:32.349005+00:00,TIA,OkxSwap,HlPerp,0.61006511,0.00144243,20.7120,-0.00088529,0.00022899,7007.00256435,OKX and Hyperliquid context available
2026-06-07T12:14:32.349005+00:00,TAO,OkxSwap,HlPerp,0.25373240,0.00113591,39.2169,-0.00090419,-0.00044076,67680.24195380,OKX and Hyperliquid context available
2026-06-07T12:14:32.349005+00:00,WLFI,OkxSwap,HlPerp,0.23117919,0.00123472,46.7870,-0.00102360,-0.00060136,10119.19649571,OKX and Hyperliquid context available
2026-06-07T12:14:32.349005+00:00,BCH,OkxSwap,HlPerp,0.18379569,0.00123989,59.0950,-0.00107204,-0.00073634,26725.62794720,OKX and Hyperliquid context available
2026-06-07T12:14:32.349005+00:00,CRV,OkxSwap,HlPerp,0.19371393,0.00126405,57.1618,-0.00108714,-0.00073332,24655.46624903,OKX and Hyperliquid context available
2026-06-07T12:14:32.349005+00:00,ADA,OkxSwap,HlPerp,0.24968097,0.00135455,47.5241,-0.00112653,-0.00067049,139901.37197780,OKX and Hyperliquid context available
2026-06-07T12:14:32.349005+00:00,ONDO,OkxSwap,HlPerp,0.13504538,0.00125137,81.1728,-0.00112804,-0.00088138,120030.71556000,OKX and Hyperliquid context available
2026-06-07T12:14:32.349005+00:00,SUI,OkxSwap,HlPerp,0.02602812,0.00115257,387.9080,-0.00112880,-0.00108126,323751.10253903,OKX and Hyperliquid context available
2026-06-07T12:14:32.349005+00:00,VIRTUAL,OkxSwap,HlPerp,0.16488257,0.00130141,69.1421,-0.00115083,-0.00084967,12473.37576889,OKX and Hyperliquid context available
2026-06-07T12:14:32.349005+00:00,ASTER,OkxSwap,HlPerp,0.01452818,0.00121594,733.1696,-0.00120267,-0.00117614,44253.50022400,OKX and Hyperliquid context available
2026-06-07T12:14:32.349005+00:00,TRUMP,HlPerp,OkxSwap,0.04564651,0.00132876,255.0013,-0.00128707,-0.00120370,12245.20218150,OKX and Hyperliquid context available
2026-06-07T12:14:32.349005+00:00,CHIP,OkxSwap,HlPerp,0.27859125,0.00156236,49.1268,-0.00130794,-0.00079910,9080.24620810,OKX and Hyperliquid context available
2026-06-07T12:14:32.349005+00:00,TON,OkxSwap,HlPerp,0.24421087,0.00153569,55.0861,-0.00131266,-0.00086662,336470.37493310,OKX and Hyperliquid context available
2026-06-07T12:14:32.349005+00:00,UNI,OkxSwap,HlPerp,0.05130451,0.00138218,235.9998,-0.00133532,-0.00124161,10525.93919480,OKX and Hyperliquid context available
2026-06-07T12:14:32.349005+00:00,HBAR,OkxSwap,HlPerp,0.18354467,0.00151067,72.0995,-0.00134305,-0.00100781,12046.67073634,OKX and Hyperliquid context available
2026-06-07T12:14:32.349005+00:00,NEAR,OkxSwap,HlPerp,0.28006272,0.00164904,51.5800,-0.00139328,-0.00088175,316986.20826750,OKX and Hyperliquid context available
2026-06-07T12:14:32.349005+00:00,LIT,OkxSwap,HlPerp,0.07942250,0.00146897,162.0216,-0.00139644,-0.00125137,52140.17360000,OKX and Hyperliquid context available
2026-06-07T12:14:32.349005+00:00,JTO,OkxSwap,HlPerp,1.05588932,0.00237531,19.7064,-0.00141103,0.00051754,51290.57256080,OKX and Hyperliquid context available
2026-06-07T12:14:32.349005+00:00,MON,OkxSwap,HlPerp,0.63606694,0.00203305,27.9994,-0.00145217,-0.00029040,24322.92493445,OKX and Hyperliquid context available
2026-06-07T12:14:32.349005+00:00,APT,OkxSwap,HlPerp,0.20353000,0.00166240,71.5501,-0.00147652,-0.00110478,16637.54036576,OKX and Hyperliquid context available
2026-06-07T12:14:32.349005+00:00,XPL,OkxSwap,HlPerp,0.39225626,0.00187715,41.9210,-0.00151892,-0.00080247,77689.26860660,OKX and Hyperliquid context available
2026-06-07T12:14:32.349005+00:00,XLM,OkxSwap,HlPerp,0.20417558,0.00170645,73.2138,-0.00151999,-0.00114706,103414.93679760,OKX and Hyperliquid context available
2026-06-07T12:14:32.349005+00:00,LAYER,OkxSwap,HlPerp,0.26601610,0.00181530,59.7783,-0.00157236,-0.00108648,1717.26412702,OKX and Hyperliquid context available
2026-06-07T12:14:32.349005+00:00,BERA,OkxSwap,HlPerp,0.18714166,0.00178917,83.7502,-0.00161827,-0.00127645,2849.75731897,OKX and Hyperliquid context available
2026-06-07T12:14:32.349005+00:00,ARB,OkxSwap,HlPerp,0.19301367,0.00184367,83.6755,-0.00166740,-0.00131486,20330.60025919,OKX and Hyperliquid context available
2026-06-07T12:14:32.349005+00:00,INJ,OkxSwap,HlPerp,0.45978053,0.00208787,39.7792,-0.00166798,-0.00082819,20689.41151750,OKX and Hyperliquid context available
2026-06-07T12:14:32.349005+00:00,SEI,OkxSwap,HlPerp,0.12869134,0.00181892,123.8137,-0.00170140,-0.00146634,9189.22995526,OKX and Hyperliquid context available
2026-06-07T12:14:32.349005+00:00,BIO,OkxSwap,HlPerp,0.28514273,0.00201486,61.8994,-0.00175446,-0.00123365,5818.29200374,OKX and Hyperliquid context available
2026-06-07T12:14:32.349005+00:00,DOT,OkxSwap,HlPerp,0.28129254,0.00203547,63.3884,-0.00177858,-0.00126480,8772.18454031,OKX and Hyperliquid context available
2026-06-07T12:14:32.349005+00:00,STRK,HlPerp,OkxSwap,0.00768595,0.00183318,2089.3525,-0.00182616,-0.00181212,8548.38375344,OKX and Hyperliquid context available
2026-06-07T12:14:32.349005+00:00,IP,OkxSwap,HlPerp,0.30576044,0.00222556,63.7620,-0.00194633,-0.00138786,3320.44139811,OKX and Hyperliquid context available
2026-06-07T12:14:32.349005+00:00,LDO,OkxSwap,HlPerp,0.18371533,0.00211827,101.0042,-0.00195049,-0.00161494,5998.78057678,OKX and Hyperliquid context available
2026-06-07T12:14:32.349005+00:00,ICP,OkxSwap,HlPerp,0.00000000,0.00199221,0.0000,-0.00199221,-0.00199221,11516.39753950,OKX and Hyperliquid context available
2026-06-07T12:14:32.349005+00:00,DASH,OkxSwap,HlPerp,0.14997286,0.00226113,132.0739,-0.00212417,-0.00185025,14631.59860690,OKX and Hyperliquid context available
2026-06-07T12:14:32.349005+00:00,ZEN,HlPerp,OkxSwap,0.35779081,0.00246985,60.4707,-0.00214310,-0.00148960,3061.42338294,OKX and Hyperliquid context available
2026-06-07T12:14:32.349005+00:00,CC,OkxSwap,HlPerp,0.20194954,0.00237334,102.9489,-0.00218891,-0.00182006,35527.01955860,OKX and Hyperliquid context available
2026-06-07T12:14:32.349005+00:00,ZRO,OkxSwap,HlPerp,0.00000000,0.00219836,0.0000,-0.00219836,-0.00219836,24424.31335351,OKX and Hyperliquid context available
2026-06-07T12:14:32.349005+00:00,BABY,HlPerp,OkxSwap,1.36013408,0.00347465,22.3786,-0.00223252,0.00025175,18227.12846659,OKX and Hyperliquid context available
2026-06-07T12:14:32.349005+00:00,WIF,HlPerp,OkxSwap,0.05881330,0.00230489,343.3042,-0.00225118,-0.00214376,12300.75556580,OKX and Hyperliquid context available
2026-06-07T12:14:32.349005+00:00,ANIME,OkxSwap,HlPerp,0.06369740,0.00233061,320.5184,-0.00227244,-0.00215610,2260.93006526,OKX and Hyperliquid context available
2026-06-07T12:14:32.349005+00:00,MEGA,OkxSwap,HlPerp,0.45573614,0.00269802,51.8604,-0.00228182,-0.00144943,9733.17972077,OKX and Hyperliquid context available
2026-06-07T12:14:32.349005+00:00,YGG,OkxSwap,HlPerp,0.00000000,0.00239608,0.0000,-0.00239608,-0.00239608,1724.72808052,OKX and Hyperliquid context available
2026-06-07T12:14:32.349005+00:00,JUP,OkxSwap,HlPerp,0.22816277,0.00260582,100.0470,-0.00239745,-0.00198072,10933.81051810,OKX and Hyperliquid context available
2026-06-07T12:14:32.349005+00:00,ALGO,OkxSwap,HlPerp,0.31198321,0.00279490,78.4763,-0.00250998,-0.00194015,3895.64309201,OKX and Hyperliquid context available
2026-06-07T12:14:32.349005+00:00,IMX,OkxSwap,HlPerp,0.18425658,0.00282304,134.2140,-0.00265477,-0.00231823,2354.89350904,OKX and Hyperliquid context available
2026-06-07T12:14:32.349005+00:00,CFX,OkxSwap,HlPerp,0.25404608,0.00296662,102.2949,-0.00273462,-0.00227061,4961.57640356,OKX and Hyperliquid context available
2026-06-07T12:14:32.349005+00:00,STX,OkxSwap,HlPerp,0.25115937,0.00297927,103.9117,-0.00274990,-0.00229116,2339.15843477,OKX and Hyperliquid context available
2026-06-07T12:14:32.349005+00:00,ATOM,OkxSwap,HlPerp,0.48712196,0.00341506,61.4136,-0.00297020,-0.00208048,4524.47567386,OKX and Hyperliquid context available
2026-06-07T12:14:32.349005+00:00,ZK,HlPerp,OkxSwap,0.00207537,0.00299544,12643.5557,-0.00299354,-0.00298975,2466.53135420,OKX and Hyperliquid context available
2026-06-07T12:14:32.349005+00:00,GALA,OkxSwap,HlPerp,0.11939701,0.00311914,228.8469,-0.00301010,-0.00279202,1446.70783727,OKX and Hyperliquid context available
2026-06-07T12:14:32.349005+00:00,SPX,OkxSwap,HlPerp,0.00000000,0.00302489,0.0000,-0.00302489,-0.00302489,14355.73017039,OKX and Hyperliquid context available
2026-06-07T12:14:32.349005+00:00,DYDX,OkxSwap,HlPerp,0.12871147,0.00316278,215.2566,-0.00304524,-0.00281015,2416.86203490,OKX and Hyperliquid context available
2026-06-07T12:14:32.349005+00:00,AR,OkxSwap,HlPerp,0.33783350,0.00335849,87.0853,-0.00304996,-0.00243292,12137.72085936,OKX and Hyperliquid context available
2026-06-07T12:14:32.349005+00:00,STABLE,OkxSwap,HlPerp,0.30605577,0.00336084,96.1948,-0.00308134,-0.00252233,11491.09580401,OKX and Hyperliquid context available
2026-06-07T12:14:32.349005+00:00,KAITO,OkxSwap,HlPerp,0.00000000,0.00313166,0.0000,-0.00313166,-0.00313166,1608.56565680,OKX and Hyperliquid context available
2026-06-07T12:14:32.349005+00:00,MEME,HlPerp,OkxSwap,0.22201694,0.00334396,131.9409,-0.00314121,-0.00273570,5914.82460093,OKX and Hyperliquid context available
2026-06-07T12:14:32.349005+00:00,0G,HlPerp,OkxSwap,0.00201429,0.00315251,13710.0022,-0.00315067,-0.00314699,1741.79724700,OKX and Hyperliquid context available
2026-06-07T12:14:32.349005+00:00,AERO,HlPerp,OkxSwap,0.07368989,0.00322879,383.8273,-0.00316149,-0.00302690,3485.93989090,OKX and Hyperliquid context available
2026-06-07T12:14:32.349005+00:00,SYRUP,OkxSwap,HlPerp,0.00000000,0.00316698,0.0000,-0.00316698,-0.00316698,3555.67923980,OKX and Hyperliquid context available
2026-06-07T12:14:32.349005+00:00,MOODENG,OkxSwap,HlPerp,0.00000000,0.00319767,0.0000,-0.00319767,-0.00319767,1721.52083062,OKX and Hyperliquid context available
2026-06-07T12:14:32.349005+00:00,PENDLE,OkxSwap,HlPerp,0.00000000,0.00320124,0.0000,-0.00320124,-0.00320124,7888.35464300,OKX and Hyperliquid context available
2026-06-07T12:14:32.349005+00:00,LINEA,OkxSwap,HlPerp,0.00000000,0.00323004,0.0000,-0.00323004,-0.00323004,2532.22841892,OKX and Hyperliquid context available
2026-06-07T12:14:32.349005+00:00,GAS,OkxSwap,HlPerp,0.00000000,0.00323996,0.0000,-0.00323996,-0.00323996,664.25240490,low Hyperliquid day volume
2026-06-07T12:14:32.349005+00:00,MERL,HlPerp,OkxSwap,0.31866778,0.00365264,100.4090,-0.00336162,-0.00277958,2409.13098947,OKX and Hyperliquid context available
2026-06-07T12:14:32.349005+00:00,ORDI,OkxSwap,HlPerp,0.00000000,0.00341347,0.0000,-0.00341347,-0.00341347,1430.22515592,OKX and Hyperliquid context available
2026-06-07T12:14:32.349005+00:00,MORPHO,OkxSwap,HlPerp,0.35433893,0.00377523,93.3316,-0.00345163,-0.00280444,7863.43381900,OKX and Hyperliquid context available
2026-06-07T12:14:32.349005+00:00,AIXBT,HlPerp,OkxSwap,0.33763402,0.00378841,98.2914,-0.00348007,-0.00286339,2431.16200420,OKX and Hyperliquid context available
2026-06-07T12:14:32.349005+00:00,GRASS,OkxSwap,HlPerp,0.39549942,0.00394875,87.4616,-0.00358756,-0.00286519,6042.21139141,OKX and Hyperliquid context available
2026-06-07T12:14:32.349005+00:00,COMP,OkxSwap,HlPerp,0.04086207,0.00362775,777.7161,-0.00359043,-0.00351580,2377.26844500,OKX and Hyperliquid context available
2026-06-07T12:14:32.349005+00:00,2Z,HlPerp,OkxSwap,0.02438140,0.00362695,1303.1291,-0.00360469,-0.00356015,1292.99680231,OKX and Hyperliquid context available
2026-06-07T12:14:32.349005+00:00,APE,OkxSwap,HlPerp,0.16773786,0.00384502,200.8034,-0.00369183,-0.00338546,8159.91392194,OKX and Hyperliquid context available
2026-06-07T12:14:32.349005+00:00,S,OkxSwap,HlPerp,0.30885505,0.00402593,114.1869,-0.00374388,-0.00317976,1614.55493675,OKX and Hyperliquid context available
2026-06-07T12:14:32.349005+00:00,AVNT,OkxSwap,HlPerp,0.00000000,0.00389638,0.0000,-0.00389638,-0.00389638,3979.63914723,OKX and Hyperliquid context available
2026-06-07T12:14:32.349005+00:00,TURBO,OkxSwap,HlPerp,0.04835433,0.00397650,720.3932,-0.00393234,-0.00384402,920.62974128,low Hyperliquid day volume
2026-06-07T12:14:32.349005+00:00,AZTEC,OkxSwap,HlPerp,0.53746823,0.00444203,72.3990,-0.00395119,-0.00296951,2442.33228256,OKX and Hyperliquid context available
2026-06-07T12:14:32.349005+00:00,BRETT,OkxSwap,HlPerp,0.11261596,0.00411159,319.8263,-0.00400875,-0.00380305,1383.66270983,OKX and Hyperliquid context available
2026-06-07T12:14:32.349005+00:00,W,OkxSwap,HlPerp,0.11502712,0.00423280,322.3532,-0.00412776,-0.00391766,2772.03043221,OKX and Hyperliquid context available
2026-06-07T12:14:32.349005+00:00,GMX,OkxSwap,HlPerp,0.33923704,0.00444750,114.8462,-0.00413769,-0.00351808,2219.49726879,OKX and Hyperliquid context available
2026-06-07T12:14:32.349005+00:00,SUSHI,HlPerp,OkxSwap,0.11850791,0.00426407,315.1960,-0.00415584,-0.00393939,1947.36985751,OKX and Hyperliquid context available
2026-06-07T12:14:32.349005+00:00,SKY,OkxSwap,HlPerp,0.00000000,0.00426473,0.0000,-0.00426473,-0.00426473,5388.71967957,OKX and Hyperliquid context available
2026-06-07T12:14:32.349005+00:00,SAND,OkxSwap,HlPerp,0.00000000,0.00429752,0.0000,-0.00429752,-0.00429752,1775.76950045,OKX and Hyperliquid context available
2026-06-07T12:14:32.349005+00:00,SNX,HlPerp,OkxSwap,0.50953615,0.00484207,83.2454,-0.00437674,-0.00344608,2556.79096882,OKX and Hyperliquid context available
2026-06-07T12:14:32.349005+00:00,GMT,OkxSwap,HlPerp,0.17317154,0.00459071,232.2240,-0.00443256,-0.00411626,1121.56681181,OKX and Hyperliquid context available
2026-06-07T12:14:32.349005+00:00,BIGTIME,OkxSwap,HlPerp,0.20648367,0.00499398,211.8678,-0.00480541,-0.00442827,1204.59377706,OKX and Hyperliquid context available
2026-06-07T12:14:32.349005+00:00,AXS,OkxSwap,HlPerp,0.17613962,0.00506187,251.7434,-0.00490101,-0.00457930,1413.37218459,OKX and Hyperliquid context available
2026-06-07T12:14:32.349005+00:00,DOOD,OkxSwap,HlPerp,0.00000000,0.00499922,0.0000,-0.00499922,-0.00499922,758.32460518,low Hyperliquid day volume
2026-06-07T12:14:32.349005+00:00,NEO,OkxSwap,HlPerp,0.21920447,0.00525792,210.1207,-0.00505774,-0.00465736,1123.14792040,OKX and Hyperliquid context available
2026-06-07T12:14:32.349005+00:00,INIT,HlPerp,OkxSwap,0.03408341,0.00527557,1355.9099,-0.00524445,-0.00518220,2629.90391276,thin OKX top-50 book
2026-06-07T12:14:32.349005+00:00,NOT,OkxSwap,HlPerp,0.00000000,0.00551178,0.0000,-0.00551178,-0.00551178,597.37258625,low Hyperliquid day volume; wide Hyperliquid impact spread
2026-06-07T12:14:32.349005+00:00,TRB,OkxSwap,HlPerp,0.00000000,0.00562102,0.0000,-0.00562102,-0.00562102,1144.10905980,OKX and Hyperliquid context available
2026-06-07T12:14:32.349005+00:00,MET,OkxSwap,HlPerp,0.00000000,0.00596070,0.0000,-0.00596070,-0.00596070,1583.86311861,OKX and Hyperliquid context available
2026-06-07T12:14:32.349005+00:00,HMSTR,OkxSwap,HlPerp,0.00000000,0.00600989,0.0000,-0.00600989,-0.00600989,1676.51433694,wide Hyperliquid impact spread
2026-06-07T12:14:32.349005+00:00,MOVE,OkxSwap,HlPerp,0.00000000,0.00605137,0.0000,-0.00605137,-0.00605137,780.94920200,low Hyperliquid day volume
2026-06-07T12:14:32.349005+00:00,UMA,OkxSwap,HlPerp,0.57301136,0.00661723,101.1619,-0.00609393,-0.00504734,683.99697251,low Hyperliquid day volume; wide Hyperliquid impact spread
2026-06-07T12:14:32.349005+00:00,BLUR,OkxSwap,HlPerp,0.08361954,0.00705215,738.7850,-0.00697579,-0.00682306,1837.20133696,wide Hyperliquid impact spread
2026-06-07T12:14:32.349005+00:00,ME,OkxSwap,HlPerp,0.23056457,0.00770265,292.6523,-0.00749209,-0.00707097,1628.20657104,wide Hyperliquid impact spread
2026-06-07T12:14:32.349005+00:00,ZETA,OkxSwap,HlPerp,0.00000000,0.00784032,0.0000,-0.00784032,-0.00784032,544.00654355,low Hyperliquid day volume; wide Hyperliquid impact spread
2026-06-07T12:14:32.349005+00:00,BOME,OkxSwap,HlPerp,0.04886817,0.00810802,1453.4252,-0.00806339,-0.00797413,267.65633292,low Hyperliquid day volume; wide Hyperliquid impact spread
2026-06-07T12:14:32.349005+00:00,IOTA,OkxSwap,HlPerp,0.07871965,0.00836225,930.5599,-0.00829036,-0.00814658,920.32674227,low Hyperliquid day volume; wide Hyperliquid impact spread
2026-06-07T12:14:32.349005+00:00,RESOLV,OkxSwap,HlPerp,0.00000000,0.00903418,0.0000,-0.00903418,-0.00903418,3335.30992902,wide Hyperliquid impact spread
2026-06-07T12:14:32.349005+00:00,WCT,OkxSwap,HlPerp,0.11818834,0.00958492,710.4248,-0.00947699,-0.00926112,695.52554302,low Hyperliquid day volume; wide Hyperliquid impact spread
2026-06-07T12:14:32.349005+00:00,MINA,OkxSwap,HlPerp,0.09729971,0.00960019,864.3156,-0.00951133,-0.00933362,1195.82869247,wide Hyperliquid impact spread
2026-06-07T12:14:32.349005+00:00,SOPH,OkxSwap,HlPerp,0.00000000,0.00967857,0.0000,-0.00967857,-0.00967857,302.13281464,low Hyperliquid day volume; wide Hyperliquid impact spread
2026-06-07T12:14:32.349005+00:00,RSR,OkxSwap,HlPerp,0.13673995,0.01174824,752.6300,-0.01162336,-0.01137361,266.51297290,low Hyperliquid day volume; wide Hyperliquid impact spread
2026-06-07T12:14:32.349005+00:00,CELO,OkxSwap,HlPerp,0.00000000,0.01186166,0.0000,-0.01186166,-0.01186166,1280.49666699,wide Hyperliquid impact spread
2026-06-07T12:14:49.695266+00:00,BTC,OkxSwap,HlPerp,0.12645740,0.00018046,12.5009,-0.00006497,0.00016600,448717.46114000,OKX and Hyperliquid context available
2026-06-07T12:14:49.695266+00:00,ZEC,OkxSwap,HlPerp,0.34357381,0.00056174,14.3226,-0.00024798,0.00037956,94998.94260000,OKX and Hyperliquid context available
2026-06-07T12:14:49.695266+00:00,SOL,HlPerp,OkxSwap,0.13769579,0.00038955,24.7825,-0.00026380,-0.00001230,3119366.11022209,OKX and Hyperliquid context available
2026-06-07T12:14:49.695266+00:00,AI,HlPerp,OkxSwap,0.10950000,0.00043187,34.5498,-0.00033187,-0.00013187,0.00000000,missing Hyperliquid context
2026-06-07T12:14:49.695266+00:00,HYPE,OkxSwap,HlPerp,0.16977254,0.00055424,28.5978,-0.00039919,-0.00008911,3905508.05800000,OKX and Hyperliquid context available
2026-06-07T12:14:49.695266+00:00,DOGE,OkxSwap,HlPerp,0.12067756,0.00056314,40.8787,-0.00045294,-0.00023252,98240.25898483,OKX and Hyperliquid context available
2026-06-07T12:14:49.695266+00:00,AVAX,HlPerp,OkxSwap,0.01030491,0.00048382,411.2826,-0.00047441,-0.00045558,97090.51195516,OKX and Hyperliquid context available
2026-06-07T12:14:49.695266+00:00,BNB,OkxSwap,HlPerp,0.05020444,0.00068102,118.8292,-0.00063517,-0.00054348,66060.93036240,OKX and Hyperliquid context available
2026-06-07T12:14:49.695266+00:00,UNI,OkxSwap,HlPerp,0.05130451,0.00076925,131.3460,-0.00072240,-0.00062869,10525.93919480,OKX and Hyperliquid context available
2026-06-07T12:14:49.695266+00:00,TRX,HlPerp,OkxSwap,0.01192737,0.00074658,548.3191,-0.00073568,-0.00071390,47788.89792060,OKX and Hyperliquid context available
2026-06-07T12:14:49.695266+00:00,MEW,HlPerp,OkxSwap,0.10950000,0.00083834,67.0672,-0.00073834,-0.00053834,0.00000000,missing Hyperliquid context
2026-06-07T12:14:49.695266+00:00,WLD,OkxSwap,HlPerp,0.40396945,0.00112139,24.3171,-0.00075247,-0.00001462,484529.57971545,OKX and Hyperliquid context available
2026-06-07T12:14:49.695266+00:00,XRP,OkxSwap,HlPerp,0.31582238,0.00106455,29.5274,-0.00077612,-0.00019928,378079.96677800,OKX and Hyperliquid context available
2026-06-07T12:14:49.695266+00:00,LINK,OkxSwap,HlPerp,0.09920158,0.00089087,78.6679,-0.00080027,-0.00061908,37304.25688040,OKX and Hyperliquid context available
2026-06-07T12:14:49.695266+00:00,LTC,OkxSwap,HlPerp,0.12336671,0.00096527,68.5418,-0.00085261,-0.00062728,31571.39656040,OKX and Hyperliquid context available
2026-06-07T12:14:49.695266+00:00,WLFI,OkxSwap,HlPerp,0.23117919,0.00107440,40.7120,-0.00086328,-0.00044103,10119.71833431,OKX and Hyperliquid context available
2026-06-07T12:14:49.695266+00:00,ADA,OkxSwap,HlPerp,0.24312849,0.00111303,40.1027,-0.00089099,-0.00044692,139905.96816820,OKX and Hyperliquid context available
2026-06-07T12:14:49.695266+00:00,ASTER,OkxSwap,HlPerp,0.01452818,0.00093396,563.1485,-0.00092070,-0.00089416,44253.50022400,OKX and Hyperliquid context available
2026-06-07T12:14:49.695266+00:00,AAVE,OkxSwap,HlPerp,0.28029769,0.00131359,41.0530,-0.00105761,-0.00054565,52857.50903320,OKX and Hyperliquid context available
2026-06-07T12:14:49.695266+00:00,BCH,OkxSwap,HlPerp,0.18407513,0.00124946,59.4611,-0.00108136,-0.00074515,26725.62794720,OKX and Hyperliquid context available
2026-06-07T12:14:49.695266+00:00,NEAR,OkxSwap,HlPerp,0.28006272,0.00134652,42.1173,-0.00109075,-0.00057922,317483.89720070,OKX and Hyperliquid context available
2026-06-07T12:14:49.695266+00:00,TIA,OkxSwap,HlPerp,0.60531194,0.00166760,24.1334,-0.00111481,-0.00000922,7014.34538865,OKX and Hyperliquid context available
2026-06-07T12:14:49.695266+00:00,HBAR,OkxSwap,HlPerp,0.18354467,0.00131249,62.6412,-0.00114487,-0.00080963,12047.47818034,OKX and Hyperliquid context available
2026-06-07T12:14:49.695266+00:00,TAO,OkxSwap,HlPerp,0.25373240,0.00141689,48.9176,-0.00118517,-0.00072174,67694.28841700,OKX and Hyperliquid context available
2026-06-07T12:14:49.695266+00:00,LIT,OkxSwap,HlPerp,0.07942250,0.00131583,145.1307,-0.00124330,-0.00109823,46925.97840000,OKX and Hyperliquid context available
2026-06-07T12:14:49.695266+00:00,ONDO,OkxSwap,HlPerp,0.13504538,0.00139365,90.4019,-0.00127032,-0.00102366,120090.82643940,OKX and Hyperliquid context available
2026-06-07T12:14:49.695266+00:00,JTO,OkxSwap,HlPerp,1.03234944,0.00221929,18.8317,-0.00127650,0.00060907,51293.72483300,OKX and Hyperliquid context available
2026-06-07T12:14:49.695266+00:00,MON,OkxSwap,HlPerp,0.61387786,0.00185650,26.4922,-0.00129588,-0.00017465,24325.22789537,OKX and Hyperliquid context available
2026-06-07T12:14:49.695266+00:00,CRV,OkxSwap,HlPerp,0.19371393,0.00147483,66.6936,-0.00129792,-0.00094410,24656.35229708,OKX and Hyperliquid context available
2026-06-07T12:14:49.695266+00:00,TON,OkxSwap,HlPerp,0.24421087,0.00154681,55.4849,-0.00132378,-0.00087773,336502.72442790,OKX and Hyperliquid context available
2026-06-07T12:14:49.695266+00:00,TRUMP,HlPerp,OkxSwap,0.05284723,0.00139744,231.6413,-0.00134918,-0.00125266,12269.73918150,OKX and Hyperliquid context available
2026-06-07T12:14:49.695266+00:00,VIRTUAL,OkxSwap,HlPerp,0.18503758,0.00153420,72.6317,-0.00136522,-0.00102725,12473.37576889,OKX and Hyperliquid context available
2026-06-07T12:14:49.695266+00:00,STRK,HlPerp,OkxSwap,0.03489451,0.00152826,383.6574,-0.00149639,-0.00143266,8548.51703344,OKX and Hyperliquid context available
2026-06-07T12:14:49.695266+00:00,XPL,OkxSwap,HlPerp,0.39225626,0.00189205,42.2539,-0.00153383,-0.00081738,77690.44285346,OKX and Hyperliquid context available
2026-06-07T12:14:49.695266+00:00,IP,OkxSwap,HlPerp,0.30576044,0.00189740,54.3604,-0.00161817,-0.00105970,3321.43794177,OKX and Hyperliquid context available
2026-06-07T12:14:49.695266+00:00,ARB,OkxSwap,HlPerp,0.19301367,0.00184392,83.6871,-0.00166765,-0.00131512,20331.22958776,OKX and Hyperliquid context available
2026-06-07T12:14:49.695266+00:00,CHIP,OkxSwap,HlPerp,0.27859125,0.00192878,60.6483,-0.00167436,-0.00116551,9080.24620810,OKX and Hyperliquid context available
2026-06-07T12:14:49.695266+00:00,SUI,OkxSwap,HlPerp,0.02602812,0.00172667,581.1255,-0.00170290,-0.00165536,332042.93369035,OKX and Hyperliquid context available
2026-06-07T12:14:49.695266+00:00,CFX,OkxSwap,HlPerp,0.25404608,0.00194022,66.9025,-0.00170821,-0.00124420,4964.64786350,OKX and Hyperliquid context available
2026-06-07T12:14:49.695266+00:00,ICP,OkxSwap,HlPerp,0.00000000,0.00173884,0.0000,-0.00173884,-0.00173884,11516.39753950,OKX and Hyperliquid context available
2026-06-07T12:14:49.695266+00:00,ZEN,HlPerp,OkxSwap,0.34358822,0.00206236,52.5812,-0.00174858,-0.00112102,3063.08097714,OKX and Hyperliquid context available
2026-06-07T12:14:49.695266+00:00,LDO,OkxSwap,HlPerp,0.18371533,0.00193004,92.0292,-0.00176227,-0.00142671,5998.78057678,OKX and Hyperliquid context available
2026-06-07T12:14:49.695266+00:00,APT,OkxSwap,HlPerp,0.20353000,0.00196497,84.5729,-0.00177910,-0.00140735,16640.07920283,OKX and Hyperliquid context available
2026-06-07T12:14:49.695266+00:00,SEI,OkxSwap,HlPerp,0.14726167,0.00194333,115.6006,-0.00180884,-0.00153987,9189.77506715,OKX and Hyperliquid context available
2026-06-07T12:14:49.695266+00:00,LAYER,OkxSwap,HlPerp,0.26601610,0.00208413,68.6313,-0.00184120,-0.00135532,1717.38520609,OKX and Hyperliquid context available
2026-06-07T12:14:49.695266+00:00,BIO,OkxSwap,HlPerp,0.29208678,0.00215672,64.6824,-0.00188998,-0.00135648,5818.29200374,OKX and Hyperliquid context available
2026-06-07T12:14:49.695266+00:00,WIF,HlPerp,OkxSwap,0.04593172,0.00194975,371.8520,-0.00190780,-0.00182391,12300.75716100,OKX and Hyperliquid context available
2026-06-07T12:14:49.695266+00:00,XLM,OkxSwap,HlPerp,0.21766072,0.00221316,89.0713,-0.00201439,-0.00161683,103414.93679760,OKX and Hyperliquid context available
2026-06-07T12:14:49.695266+00:00,INJ,OkxSwap,HlPerp,0.45978053,0.00246776,47.0173,-0.00204787,-0.00120809,20689.41151750,OKX and Hyperliquid context available
2026-06-07T12:14:49.695266+00:00,DOT,OkxSwap,HlPerp,0.28129254,0.00231722,72.1628,-0.00206033,-0.00154656,8772.18454031,OKX and Hyperliquid context available
2026-06-07T12:14:49.695266+00:00,BERA,OkxSwap,HlPerp,0.18714166,0.00224814,105.2341,-0.00207723,-0.00173542,2851.86236590,OKX and Hyperliquid context available
2026-06-07T12:14:49.695266+00:00,EIGEN,OkxSwap,HlPerp,0.28403063,0.00238432,73.5367,-0.00212493,-0.00160616,8213.93327915,OKX and Hyperliquid context available
2026-06-07T12:14:49.695266+00:00,CC,OkxSwap,HlPerp,0.17288911,0.00231440,117.2666,-0.00215651,-0.00184073,35530.72441620,OKX and Hyperliquid context available
2026-06-07T12:14:49.695266+00:00,GALA,OkxSwap,HlPerp,0.11939701,0.00234017,171.6951,-0.00223113,-0.00201305,1446.70783727,OKX and Hyperliquid context available
2026-06-07T12:14:49.695266+00:00,BABY,HlPerp,OkxSwap,1.41766626,0.00353919,21.8693,-0.00224452,0.00034483,18227.31285893,OKX and Hyperliquid context available
2026-06-07T12:14:49.695266+00:00,AVNT,OkxSwap,HlPerp,0.00000000,0.00224816,0.0000,-0.00224816,-0.00224816,3979.63914723,OKX and Hyperliquid context available
2026-06-07T12:14:49.695266+00:00,ANIME,OkxSwap,HlPerp,0.06369740,0.00233217,320.7319,-0.00227400,-0.00215765,2261.54285717,OKX and Hyperliquid context available
2026-06-07T12:14:49.695266+00:00,DASH,OkxSwap,HlPerp,0.17327971,0.00254555,128.6878,-0.00238730,-0.00207081,14632.98652660,OKX and Hyperliquid context available
2026-06-07T12:14:49.695266+00:00,STX,OkxSwap,HlPerp,0.26931359,0.00281796,91.6601,-0.00257201,-0.00208011,2339.31722277,OKX and Hyperliquid context available
2026-06-07T12:14:49.695266+00:00,JUP,OkxSwap,HlPerp,0.21672221,0.00280944,113.5587,-0.00261152,-0.00221568,10938.13885730,OKX and Hyperliquid context available
2026-06-07T12:14:49.695266+00:00,SPX,OkxSwap,HlPerp,0.00000000,0.00266526,0.0000,-0.00266526,-0.00266526,14355.73017039,OKX and Hyperliquid context available
2026-06-07T12:14:49.695266+00:00,IMX,OkxSwap,HlPerp,0.18425658,0.00290272,138.0022,-0.00273445,-0.00239791,2354.89350904,OKX and Hyperliquid context available
2026-06-07T12:14:49.695266+00:00,YGG,OkxSwap,HlPerp,0.00000000,0.00282871,0.0000,-0.00282871,-0.00282871,1724.72808052,OKX and Hyperliquid context available
2026-06-07T12:14:49.695266+00:00,MEGA,OkxSwap,HlPerp,0.46501736,0.00326283,61.4653,-0.00283816,-0.00198881,9741.45625031,OKX and Hyperliquid context available
2026-06-07T12:14:49.695266+00:00,S,OkxSwap,HlPerp,0.32763123,0.00314548,84.1018,-0.00284627,-0.00224786,1614.98303525,OKX and Hyperliquid context available
2026-06-07T12:14:49.695266+00:00,STABLE,OkxSwap,HlPerp,0.23552288,0.00308841,114.8697,-0.00287332,-0.00244314,11491.09580401,OKX and Hyperliquid context available
2026-06-07T12:14:49.695266+00:00,SYRUP,OkxSwap,HlPerp,0.00000000,0.00289001,0.0000,-0.00289001,-0.00289001,3555.93650210,OKX and Hyperliquid context available
2026-06-07T12:14:49.695266+00:00,SUSHI,HlPerp,OkxSwap,0.10783122,0.00300282,243.9436,-0.00290435,-0.00270740,1949.75163111,OKX and Hyperliquid context available
2026-06-07T12:14:49.695266+00:00,APE,OkxSwap,HlPerp,0.16773786,0.00310995,162.4153,-0.00295677,-0.00265040,8159.91392194,OKX and Hyperliquid context available
2026-06-07T12:14:49.695266+00:00,DYDX,OkxSwap,HlPerp,0.12871147,0.00316488,215.3995,-0.00304734,-0.00281225,2416.98075511,OKX and Hyperliquid context available
2026-06-07T12:14:49.695266+00:00,ATOM,OkxSwap,HlPerp,0.49678512,0.00353541,62.3412,-0.00308172,-0.00217435,4524.47567386,OKX and Hyperliquid context available
2026-06-07T12:14:49.695266+00:00,AIXBT,HlPerp,OkxSwap,0.28195984,0.00341603,106.1302,-0.00315853,-0.00264354,2431.16200420,OKX and Hyperliquid context available
2026-06-07T12:14:49.695266+00:00,KAITO,OkxSwap,HlPerp,0.00000000,0.00318693,0.0000,-0.00318693,-0.00318693,1608.56565680,OKX and Hyperliquid context available
2026-06-07T12:14:49.695266+00:00,RENDER,OkxSwap,HlPerp,0.18005746,0.00339207,165.0281,-0.00322763,-0.00289876,6591.83149300,OKX and Hyperliquid context available
2026-06-07T12:14:49.695266+00:00,ALGO,OkxSwap,HlPerp,0.31198321,0.00352056,98.8518,-0.00323564,-0.00266581,3895.64309201,OKX and Hyperliquid context available
2026-06-07T12:14:49.695266+00:00,AERO,HlPerp,OkxSwap,0.03913607,0.00330935,740.7457,-0.00327361,-0.00320212,3485.93989090,OKX and Hyperliquid context available
2026-06-07T12:14:49.695266+00:00,2Z,HlPerp,OkxSwap,0.01359346,0.00332084,2140.0400,-0.00330842,-0.00328360,1292.99680231,OKX and Hyperliquid context available
2026-06-07T12:14:49.695266+00:00,OP,OkxSwap,HlPerp,0.41626486,0.00372312,78.3505,-0.00334297,-0.00258267,7372.13923805,OKX and Hyperliquid context available
2026-06-07T12:14:49.695266+00:00,MOODENG,OkxSwap,HlPerp,0.00000000,0.00346052,0.0000,-0.00346052,-0.00346052,1721.52083062,OKX and Hyperliquid context available
2026-06-07T12:14:49.695266+00:00,ZORA,HlPerp,OkxSwap,0.27595639,0.00374957,119.0269,-0.00349755,-0.00299352,1655.61571468,OKX and Hyperliquid context available
2026-06-07T12:14:49.695266+00:00,AR,OkxSwap,HlPerp,0.33783350,0.00401284,104.0527,-0.00370432,-0.00308727,12137.72085936,OKX and Hyperliquid context available
2026-06-07T12:14:49.695266+00:00,PYTH,OkxSwap,HlPerp,0.05172942,0.00387343,655.9365,-0.00382618,-0.00373170,5280.19709484,OKX and Hyperliquid context available
2026-06-07T12:14:49.695266+00:00,MORPHO,OkxSwap,HlPerp,0.35433893,0.00417280,103.1603,-0.00384920,-0.00320201,7863.43381900,OKX and Hyperliquid context available
2026-06-07T12:14:49.695266+00:00,0G,OkxSwap,HlPerp,0.00422545,0.00386826,8019.4759,-0.00386440,-0.00385668,1741.79724700,OKX and Hyperliquid context available
2026-06-07T12:14:49.695266+00:00,TURBO,OkxSwap,HlPerp,0.04835433,0.00397666,720.4230,-0.00393250,-0.00384419,920.62974128,low Hyperliquid day volume
2026-06-07T12:14:49.695266+00:00,AXS,OkxSwap,HlPerp,0.17613962,0.00409930,203.8714,-0.00393844,-0.00361672,1413.37218459,OKX and Hyperliquid context available
2026-06-07T12:14:49.695266+00:00,AZTEC,OkxSwap,HlPerp,0.53746823,0.00444163,72.3925,-0.00395079,-0.00296911,2442.49385256,OKX and Hyperliquid context available
2026-06-07T12:14:49.695266+00:00,SKY,OkxSwap,HlPerp,0.00000000,0.00396504,0.0000,-0.00396504,-0.00396504,5388.71967957,OKX and Hyperliquid context available
2026-06-07T12:14:49.695266+00:00,LINEA,OkxSwap,HlPerp,0.00000000,0.00404228,0.0000,-0.00404228,-0.00404228,2546.35246628,OKX and Hyperliquid context available
2026-06-07T12:14:49.695266+00:00,W,OkxSwap,HlPerp,0.12083412,0.00423336,306.9023,-0.00412301,-0.00390231,2772.03043221,OKX and Hyperliquid context available
2026-06-07T12:14:49.695266+00:00,COMP,OkxSwap,HlPerp,0.08258595,0.00423368,449.0725,-0.00415826,-0.00400742,2377.26844500,OKX and Hyperliquid context available
2026-06-07T12:14:49.695266+00:00,GAS,OkxSwap,HlPerp,0.00000000,0.00419178,0.0000,-0.00419178,-0.00419178,664.43751170,low Hyperliquid day volume
2026-06-07T12:14:49.695266+00:00,MERL,HlPerp,OkxSwap,0.30207984,0.00449395,130.3198,-0.00421808,-0.00366633,2413.33320075,OKX and Hyperliquid context available
2026-06-07T12:14:49.695266+00:00,FOGO,OkxSwap,HlPerp,0.00000000,0.00430498,0.0000,-0.00430498,-0.00430498,882.62470224,low Hyperliquid day volume
2026-06-07T12:14:49.695266+00:00,SNX,HlPerp,OkxSwap,0.44268596,0.00496697,98.2878,-0.00456269,-0.00375413,2556.79096882,OKX and Hyperliquid context available
2026-06-07T12:14:49.695266+00:00,BIGTIME,OkxSwap,HlPerp,0.20648367,0.00476602,202.1969,-0.00457745,-0.00420032,1204.59377706,OKX and Hyperliquid context available
2026-06-07T12:14:49.695266+00:00,MET,OkxSwap,HlPerp,0.00000000,0.00471376,0.0000,-0.00471376,-0.00471376,1583.86311861,OKX and Hyperliquid context available
2026-06-07T12:14:49.695266+00:00,MEME,HlPerp,OkxSwap,0.23614157,0.00493634,183.1205,-0.00472069,-0.00428938,5918.15181351,OKX and Hyperliquid context available
2026-06-07T12:14:49.695266+00:00,INIT,HlPerp,OkxSwap,0.00332617,0.00485117,12776.3241,-0.00484813,-0.00484206,2630.27166012,thin OKX top-50 book
2026-06-07T12:14:49.695266+00:00,GRASS,OkxSwap,HlPerp,0.39549942,0.00526066,116.5194,-0.00489947,-0.00417710,6042.73562107,OKX and Hyperliquid context available
2026-06-07T12:14:49.695266+00:00,SAND,OkxSwap,HlPerp,0.00000000,0.00495776,0.0000,-0.00495776,-0.00495776,1776.11326901,OKX and Hyperliquid context available
2026-06-07T12:14:49.695266+00:00,GMT,OkxSwap,HlPerp,0.10483741,0.00510224,426.3324,-0.00500649,-0.00481501,1121.56681181,OKX and Hyperliquid context available
2026-06-07T12:14:49.695266+00:00,BRETT,OkxSwap,HlPerp,0.11261596,0.00523546,407.2482,-0.00513262,-0.00492693,1386.94122565,OKX and Hyperliquid context available
2026-06-07T12:14:49.695266+00:00,NEO,OkxSwap,HlPerp,0.21920447,0.00535155,213.8625,-0.00515137,-0.00475099,1123.14792040,OKX and Hyperliquid context available
2026-06-07T12:14:49.695266+00:00,GMX,OkxSwap,HlPerp,0.33923704,0.00556093,143.5979,-0.00525112,-0.00463151,2219.49726879,OKX and Hyperliquid context available
2026-06-07T12:14:49.695266+00:00,BLUR,OkxSwap,HlPerp,0.08361954,0.00564307,591.1691,-0.00556670,-0.00541397,1837.20133696,wide Hyperliquid impact spread
2026-06-07T12:14:49.695266+00:00,NOT,OkxSwap,HlPerp,0.00000000,0.00577414,0.0000,-0.00577414,-0.00577414,597.37258625,low Hyperliquid day volume; wide Hyperliquid impact spread
2026-06-07T12:14:49.695266+00:00,TRB,OkxSwap,HlPerp,0.00000000,0.00587344,0.0000,-0.00587344,-0.00587344,1144.10905980,wide Hyperliquid impact spread
2026-06-07T12:14:49.695266+00:00,HMSTR,OkxSwap,HlPerp,0.00000000,0.00600989,0.0000,-0.00600989,-0.00600989,1676.51433694,wide Hyperliquid impact spread
2026-06-07T12:14:49.695266+00:00,MOVE,OkxSwap,HlPerp,0.00000000,0.00605137,0.0000,-0.00605137,-0.00605137,781.11555161,low Hyperliquid day volume
2026-06-07T12:14:49.695266+00:00,UMA,OkxSwap,HlPerp,0.59196362,0.00788832,116.7330,-0.00734771,-0.00626650,683.99697251,low Hyperliquid day volume; wide Hyperliquid impact spread
2026-06-07T12:14:49.695266+00:00,IOTA,OkxSwap,HlPerp,0.10103137,0.00797048,691.0865,-0.00787822,-0.00769368,920.32674227,low Hyperliquid day volume; wide Hyperliquid impact spread
2026-06-07T12:14:49.695266+00:00,BOME,OkxSwap,HlPerp,0.04886817,0.00810802,1453.4252,-0.00806339,-0.00797413,267.65633292,low Hyperliquid day volume; wide Hyperliquid impact spread
2026-06-07T12:14:49.695266+00:00,ME,OkxSwap,HlPerp,0.23056457,0.00837949,318.3678,-0.00816893,-0.00774781,1628.20657104,wide Hyperliquid impact spread
2026-06-07T12:14:49.695266+00:00,RESOLV,OkxSwap,HlPerp,0.00000000,0.00880467,0.0000,-0.00880467,-0.00880467,3335.30992902,wide Hyperliquid impact spread
2026-06-07T12:14:49.695266+00:00,WCT,OkxSwap,HlPerp,0.11818834,0.00916182,679.0645,-0.00905388,-0.00883801,695.52554302,low Hyperliquid day volume; wide Hyperliquid impact spread
2026-06-07T12:14:49.695266+00:00,MINA,OkxSwap,HlPerp,0.09729971,0.01031806,928.9459,-0.01022920,-0.01005148,1195.82869247,wide Hyperliquid impact spread
2026-06-07T12:14:49.695266+00:00,SOPH,OkxSwap,HlPerp,0.00000000,0.01060969,0.0000,-0.01060969,-0.01060969,302.13281464,low Hyperliquid day volume; wide Hyperliquid impact spread
2026-06-07T12:14:49.695266+00:00,CELO,OkxSwap,HlPerp,0.00000000,0.01196214,0.0000,-0.01196214,-0.01196214,1280.49666699,wide Hyperliquid impact spread
2026-06-07T12:14:49.695266+00:00,RSR,OkxSwap,HlPerp,0.13673995,0.01248380,799.7526,-0.01235893,-0.01210917,266.51297290,low Hyperliquid day volume; wide Hyperliquid impact spread
2026-06-07T12:15:07.194884+00:00,BTC,OkxSwap,HlPerp,0.12601520,0.00019000,13.2081,-0.00007492,0.00015525,419380.78463000,OKX and Hyperliquid context available
2026-06-07T12:15:07.194884+00:00,SOL,HlPerp,OkxSwap,0.13596494,0.00031105,20.0403,-0.00018688,0.00006146,3152581.35210370,OKX and Hyperliquid context available
2026-06-07T12:15:07.194884+00:00,HYPE,OkxSwap,HlPerp,0.16770161,0.00042866,22.3914,-0.00027551,0.00003079,3748869.27400000,OKX and Hyperliquid context available
2026-06-07T12:15:07.194884+00:00,DOGE,OkxSwap,HlPerp,0.12253824,0.00039489,28.2299,-0.00028298,-0.00005917,98254.38879808,OKX and Hyperliquid context available
2026-06-07T12:15:07.194884+00:00,ZEC,OkxSwap,HlPerp,0.34172434,0.00061939,15.8779,-0.00030731,0.00031684,120700.54500000,OKX and Hyperliquid context available
2026-06-07T12:15:07.194884+00:00,AI,HlPerp,OkxSwap,0.10950000,0.00043076,34.4605,-0.00033076,-0.00013076,0.00000000,missing Hyperliquid context
2026-06-07T12:15:07.194884+00:00,LINK,OkxSwap,HlPerp,0.09862184,0.00047333,42.0432,-0.00038326,-0.00020313,37304.70789410,OKX and Hyperliquid context available
2026-06-07T12:15:07.194884+00:00,BNB,OkxSwap,HlPerp,0.05251775,0.00049873,83.1892,-0.00045077,-0.00035485,66061.30997200,OKX and Hyperliquid context available
2026-06-07T12:15:07.194884+00:00,WLD,OkxSwap,HlPerp,0.40575470,0.00088723,19.1547,-0.00051668,0.00022443,484617.73369803,OKX and Hyperliquid context available
2026-06-07T12:15:07.194884+00:00,AVAX,HlPerp,OkxSwap,0.00773521,0.00060468,684.7875,-0.00059761,-0.00058348,97100.29370572,OKX and Hyperliquid context available
2026-06-07T12:15:07.194884+00:00,TRX,HlPerp,OkxSwap,0.00998328,0.00062155,545.3896,-0.00061243,-0.00059420,47788.89792060,OKX and Hyperliquid context available
2026-06-07T12:15:07.194884+00:00,AAVE,OkxSwap,HlPerp,0.28359058,0.00097633,30.1585,-0.00071734,-0.00019937,52857.50903320,OKX and Hyperliquid context available
2026-06-07T12:15:07.194884+00:00,MEW,HlPerp,OkxSwap,0.10950000,0.00083787,67.0297,-0.00073787,-0.00053787,0.00000000,missing Hyperliquid context
2026-06-07T12:15:07.194884+00:00,XRP,OkxSwap,HlPerp,0.31471979,0.00110654,30.7997,-0.00081912,-0.00024429,378155.77512800,OKX and Hyperliquid context available
2026-06-07T12:15:07.194884+00:00,TIA,OkxSwap,HlPerp,0.61117011,0.00141020,20.2127,-0.00085206,0.00026424,7014.34538865,OKX and Hyperliquid context available
2026-06-07T12:15:07.194884+00:00,LTC,OkxSwap,HlPerp,0.12394826,0.00096960,68.5259,-0.00085640,-0.00063001,31589.21659880,OKX and Hyperliquid context available
2026-06-07T12:15:07.194884+00:00,SUI,OkxSwap,HlPerp,0.02656643,0.00088284,291.1084,-0.00085858,-0.00081006,339509.74187590,OKX and Hyperliquid context available
2026-06-07T12:15:07.194884+00:00,WLFI,OkxSwap,HlPerp,0.22628428,0.00119788,46.3729,-0.00099123,-0.00057793,10123.01002071,OKX and Hyperliquid context available
2026-06-07T12:15:07.194884+00:00,HBAR,OkxSwap,HlPerp,0.18212940,0.00116332,55.9529,-0.00099699,-0.00066433,12047.47818034,OKX and Hyperliquid context available
2026-06-07T12:15:07.194884+00:00,TON,OkxSwap,HlPerp,0.24381551,0.00124287,44.6548,-0.00102021,-0.00057488,336503.24802140,OKX and Hyperliquid context available
2026-06-07T12:15:07.194884+00:00,ADA,OkxSwap,HlPerp,0.24520811,0.00125491,44.8312,-0.00103097,-0.00058310,139913.47426540,OKX and Hyperliquid context available
2026-06-07T12:15:07.194884+00:00,BCH,OkxSwap,HlPerp,0.18502946,0.00120425,57.0138,-0.00103527,-0.00069732,26730.51602160,OKX and Hyperliquid context available
2026-06-07T12:15:07.194884+00:00,UNI,OkxSwap,HlPerp,0.04899830,0.00109942,196.5570,-0.00105468,-0.00096518,10525.93919480,OKX and Hyperliquid context available
2026-06-07T12:15:07.194884+00:00,ASTER,OkxSwap,HlPerp,0.01452818,0.00109638,661.0784,-0.00108311,-0.00105657,44253.50022400,OKX and Hyperliquid context available
2026-06-07T12:15:07.194884+00:00,TAO,OkxSwap,HlPerp,0.25215237,0.00136285,47.3467,-0.00113257,-0.00067202,67696.02247490,OKX and Hyperliquid context available
2026-06-07T12:15:07.194884+00:00,VIRTUAL,OkxSwap,HlPerp,0.19079631,0.00131916,60.5662,-0.00114491,-0.00079643,12473.37576889,OKX and Hyperliquid context available
2026-06-07T12:15:07.194884+00:00,ARB,OkxSwap,HlPerp,0.19301367,0.00135103,61.3169,-0.00117476,-0.00082222,20337.54436012,OKX and Hyperliquid context available
2026-06-07T12:15:07.194884+00:00,STRK,HlPerp,OkxSwap,0.03684899,0.00122170,290.4312,-0.00118805,-0.00112074,8556.95810044,OKX and Hyperliquid context available
2026-06-07T12:15:07.194884+00:00,CRV,OkxSwap,HlPerp,0.19103341,0.00136847,62.7524,-0.00119401,-0.00084509,24656.35229708,OKX and Hyperliquid context available
2026-06-07T12:15:07.194884+00:00,ONDO,OkxSwap,HlPerp,0.13002916,0.00135222,91.0981,-0.00123347,-0.00099597,120097.23670920,OKX and Hyperliquid context available
2026-06-07T12:15:07.194884+00:00,MON,OkxSwap,HlPerp,0.61135569,0.00185473,26.5761,-0.00129641,-0.00017978,24325.22789537,OKX and Hyperliquid context available
2026-06-07T12:15:07.194884+00:00,CHIP,OkxSwap,HlPerp,0.27308254,0.00156068,50.0640,-0.00131129,-0.00081251,9080.48932722,OKX and Hyperliquid context available
2026-06-07T12:15:07.194884+00:00,IP,OkxSwap,HlPerp,0.31513880,0.00163372,45.4130,-0.00134592,-0.00077033,3330.68900989,OKX and Hyperliquid context available
2026-06-07T12:15:07.194884+00:00,JTO,OkxSwap,HlPerp,1.01974714,0.00228655,19.6423,-0.00135527,0.00050728,51299.08828700,OKX and Hyperliquid context available
2026-06-07T12:15:07.194884+00:00,NEAR,OkxSwap,HlPerp,0.27820819,0.00164235,51.7132,-0.00138828,-0.00088014,317508.94872950,OKX and Hyperliquid context available
2026-06-07T12:15:07.194884+00:00,XLM,OkxSwap,HlPerp,0.22164495,0.00170711,67.4694,-0.00150469,-0.00109986,103415.76786600,OKX and Hyperliquid context available
2026-06-07T12:15:07.194884+00:00,TRUMP,HlPerp,OkxSwap,0.04804135,0.00157570,287.3173,-0.00153182,-0.00144408,12269.73918150,OKX and Hyperliquid context available
2026-06-07T12:15:07.194884+00:00,LDO,OkxSwap,HlPerp,0.18085649,0.00173954,84.2567,-0.00157437,-0.00124404,5999.04431319,OKX and Hyperliquid context available
2026-06-07T12:15:07.194884+00:00,BABY,HlPerp,OkxSwap,1.43229720,0.00289185,17.6867,-0.00158381,0.00103226,18227.31285893,OKX and Hyperliquid context available
2026-06-07T12:15:07.194884+00:00,YGG,OkxSwap,HlPerp,0.00000000,0.00164832,0.0000,-0.00164832,-0.00164832,1725.35737009,OKX and Hyperliquid context available
2026-06-07T12:15:07.194884+00:00,WIF,HlPerp,OkxSwap,0.04777690,0.00169932,311.5737,-0.00165569,-0.00156842,12301.09649700,OKX and Hyperliquid context available
2026-06-07T12:15:07.194884+00:00,BERA,OkxSwap,HlPerp,0.18714166,0.00183043,85.6815,-0.00165953,-0.00131771,2851.86236590,OKX and Hyperliquid context available
2026-06-07T12:15:07.194884+00:00,LAYER,OkxSwap,HlPerp,0.26107635,0.00192482,64.5843,-0.00168639,-0.00120954,1717.38520609,OKX and Hyperliquid context available
2026-06-07T12:15:07.194884+00:00,INJ,OkxSwap,HlPerp,0.45767574,0.00215836,41.3114,-0.00174039,-0.00090445,20690.08101990,OKX and Hyperliquid context available
2026-06-07T12:15:07.194884+00:00,S,OkxSwap,HlPerp,0.32804519,0.00206145,55.0481,-0.00176186,-0.00116269,1615.33542791,OKX and Hyperliquid context available
2026-06-07T12:15:07.194884+00:00,ICP,OkxSwap,HlPerp,0.00000000,0.00181882,0.0000,-0.00181882,-0.00181882,11516.39753950,OKX and Hyperliquid context available
2026-06-07T12:15:07.194884+00:00,SEI,OkxSwap,HlPerp,0.15477700,0.00198308,112.2374,-0.00184173,-0.00155903,9192.14202569,OKX and Hyperliquid context available
2026-06-07T12:15:07.194884+00:00,APT,OkxSwap,HlPerp,0.20353000,0.00211616,91.0803,-0.00193029,-0.00155855,16646.86823742,OKX and Hyperliquid context available
2026-06-07T12:15:07.194884+00:00,STABLE,OkxSwap,HlPerp,0.23324497,0.00215961,81.1088,-0.00194661,-0.00152059,11491.09580401,OKX and Hyperliquid context available
2026-06-07T12:15:07.194884+00:00,XPL,OkxSwap,HlPerp,0.39355252,0.00232106,51.6639,-0.00196165,-0.00124283,77697.79934762,OKX and Hyperliquid context available
2026-06-07T12:15:07.194884+00:00,DOT,OkxSwap,HlPerp,0.27817685,0.00223275,70.3111,-0.00197871,-0.00147063,8772.18454031,OKX and Hyperliquid context available
2026-06-07T12:15:07.194884+00:00,CFX,OkxSwap,HlPerp,0.25404608,0.00229530,79.1464,-0.00206330,-0.00159928,4964.64786350,OKX and Hyperliquid context available
2026-06-07T12:15:07.194884+00:00,BIO,OkxSwap,HlPerp,0.29724992,0.00233653,68.8578,-0.00206507,-0.00152214,5818.29200374,OKX and Hyperliquid context available
2026-06-07T12:15:07.194884+00:00,MEGA,OkxSwap,HlPerp,0.46982038,0.00251791,46.9475,-0.00208885,-0.00123073,9741.45625031,OKX and Hyperliquid context available
2026-06-07T12:15:07.194884+00:00,2Z,HlPerp,OkxSwap,0.01125542,0.00215463,1676.9317,-0.00214435,-0.00212379,1292.99680231,OKX and Hyperliquid context available
2026-06-07T12:15:07.194884+00:00,ZEN,HlPerp,OkxSwap,0.33928794,0.00251545,64.9457,-0.00220559,-0.00158589,3063.08097714,OKX and Hyperliquid context available
2026-06-07T12:15:07.194884+00:00,DASH,OkxSwap,HlPerp,0.17684889,0.00237819,117.8006,-0.00221668,-0.00189367,14637.14411160,OKX and Hyperliquid context available
2026-06-07T12:15:07.194884+00:00,LIT,OkxSwap,HlPerp,0.08588194,0.00236130,240.8535,-0.00228287,-0.00212600,60753.59170000,OKX and Hyperliquid context available
2026-06-07T12:15:07.194884+00:00,ATOM,OkxSwap,HlPerp,0.49568270,0.00287503,50.8092,-0.00242235,-0.00151699,4524.47567386,OKX and Hyperliquid context available
2026-06-07T12:15:07.194884+00:00,SPX,OkxSwap,HlPerp,0.00000000,0.00249782,0.0000,-0.00249782,-0.00249782,14355.73017039,OKX and Hyperliquid context available
2026-06-07T12:15:07.194884+00:00,JUP,OkxSwap,HlPerp,0.21665410,0.00271132,109.6270,-0.00251346,-0.00211774,10939.01512770,OKX and Hyperliquid context available
2026-06-07T12:15:07.194884+00:00,ANIME,OkxSwap,HlPerp,0.06369740,0.00266339,366.2838,-0.00260522,-0.00248888,2261.54285717,OKX and Hyperliquid context available
2026-06-07T12:15:07.194884+00:00,SYRUP,OkxSwap,HlPerp,0.00000000,0.00260550,0.0000,-0.00260550,-0.00260550,3556.91568440,OKX and Hyperliquid context available
2026-06-07T12:15:07.194884+00:00,ZK,OkxSwap,HlPerp,0.00852533,0.00270451,2778.9574,-0.00269673,-0.00268115,2466.53135420,OKX and Hyperliquid context available
2026-06-07T12:15:07.194884+00:00,CC,OkxSwap,HlPerp,0.17280940,0.00287146,145.5592,-0.00271364,-0.00239801,35531.81376600,OKX and Hyperliquid context available
2026-06-07T12:15:07.194884+00:00,ALGO,OkxSwap,HlPerp,0.31198321,0.00304076,85.3797,-0.00275584,-0.00218601,3895.64309201,OKX and Hyperliquid context available
2026-06-07T12:15:07.194884+00:00,0G,OkxSwap,HlPerp,0.00422545,0.00281456,5835.0083,-0.00281070,-0.00280299,1741.79724700,OKX and Hyperliquid context available
2026-06-07T12:15:07.194884+00:00,IMX,OkxSwap,HlPerp,0.17984747,0.00305777,148.9378,-0.00289353,-0.00256504,2357.18256364,OKX and Hyperliquid context available
2026-06-07T12:15:07.194884+00:00,AR,OkxSwap,HlPerp,0.33783350,0.00320491,83.1032,-0.00289639,-0.00227934,12137.72085936,OKX and Hyperliquid context available
2026-06-07T12:15:07.194884+00:00,STX,OkxSwap,HlPerp,0.27056428,0.00325027,105.2333,-0.00300318,-0.00250900,2340.19767227,OKX and Hyperliquid context available
2026-06-07T12:15:07.194884+00:00,GALA,OkxSwap,HlPerp,0.11544873,0.00311990,236.7310,-0.00301446,-0.00280360,1446.70783727,OKX and Hyperliquid context available
2026-06-07T12:15:07.194884+00:00,DYDX,OkxSwap,HlPerp,0.12794915,0.00317182,217.1579,-0.00305497,-0.00282128,2419.16340415,OKX and Hyperliquid context available
2026-06-07T12:15:07.194884+00:00,KAITO,OkxSwap,HlPerp,0.00000000,0.00306471,0.0000,-0.00306471,-0.00306471,1608.56565680,OKX and Hyperliquid context available
2026-06-07T12:15:07.194884+00:00,W,OkxSwap,HlPerp,0.11604235,0.00317069,239.3543,-0.00306471,-0.00285276,2772.03043221,OKX and Hyperliquid context available
2026-06-07T12:15:07.194884+00:00,OP,OkxSwap,HlPerp,0.41778787,0.00350990,73.5942,-0.00312836,-0.00236528,7372.24376605,OKX and Hyperliquid context available
2026-06-07T12:15:07.194884+00:00,GAS,OkxSwap,HlPerp,0.00000000,0.00319314,0.0000,-0.00319314,-0.00319314,664.43751170,low Hyperliquid day volume
2026-06-07T12:15:07.194884+00:00,RENDER,OkxSwap,HlPerp,0.17495968,0.00353129,176.8072,-0.00337151,-0.00305195,6597.26315800,OKX and Hyperliquid context available
2026-06-07T12:15:07.194884+00:00,AVNT,OkxSwap,HlPerp,0.00000000,0.00337194,0.0000,-0.00337194,-0.00337194,3979.63914723,OKX and Hyperliquid context available
2026-06-07T12:15:07.194884+00:00,MOODENG,OkxSwap,HlPerp,0.00000000,0.00348460,0.0000,-0.00348460,-0.00348460,1721.87289142,OKX and Hyperliquid context available
2026-06-07T12:15:07.194884+00:00,AIXBT,HlPerp,OkxSwap,0.28036026,0.00374157,116.9074,-0.00348554,-0.00297346,2431.16200420,OKX and Hyperliquid context available
2026-06-07T12:15:07.194884+00:00,APE,OkxSwap,HlPerp,0.16773786,0.00368158,192.2681,-0.00352840,-0.00322202,8159.91392194,OKX and Hyperliquid context available
2026-06-07T12:15:07.194884+00:00,SUSHI,HlPerp,OkxSwap,0.10870109,0.00366203,295.1154,-0.00356276,-0.00336422,1949.75163111,OKX and Hyperliquid context available
2026-06-07T12:15:07.194884+00:00,LINEA,OkxSwap,HlPerp,0.00000000,0.00363498,0.0000,-0.00363498,-0.00363498,2546.35246628,OKX and Hyperliquid context available
2026-06-07T12:15:07.194884+00:00,MORPHO,OkxSwap,HlPerp,0.34755062,0.00400562,100.9614,-0.00368822,-0.00305342,7863.43381900,OKX and Hyperliquid context available
2026-06-07T12:15:07.194884+00:00,MERL,HlPerp,OkxSwap,0.30345779,0.00399472,115.3168,-0.00371759,-0.00316333,2413.33320075,OKX and Hyperliquid context available
2026-06-07T12:15:07.194884+00:00,AERO,HlPerp,OkxSwap,0.03154991,0.00386827,1074.0444,-0.00383945,-0.00378183,3485.93989090,OKX and Hyperliquid context available
2026-06-07T12:15:07.194884+00:00,GRASS,OkxSwap,HlPerp,0.38970390,0.00421431,94.7317,-0.00385841,-0.00314662,6052.06157549,OKX and Hyperliquid context available
2026-06-07T12:15:07.194884+00:00,TURBO,OkxSwap,HlPerp,0.04468300,0.00397617,779.5193,-0.00393536,-0.00385375,920.62974128,low Hyperliquid day volume
2026-06-07T12:15:07.194884+00:00,AZTEC,OkxSwap,HlPerp,0.53746823,0.00443989,72.3642,-0.00394906,-0.00296738,2442.49385256,OKX and Hyperliquid context available
2026-06-07T12:15:07.194884+00:00,COMP,OkxSwap,HlPerp,0.08691591,0.00406077,409.2736,-0.00398140,-0.00382265,2377.26844500,OKX and Hyperliquid context available
2026-06-07T12:15:07.194884+00:00,SNX,HlPerp,OkxSwap,0.43216517,0.00446664,90.5389,-0.00407197,-0.00328263,2558.30379442,OKX and Hyperliquid context available
2026-06-07T12:15:07.194884+00:00,SKY,OkxSwap,HlPerp,0.00000000,0.00412283,0.0000,-0.00412283,-0.00412283,5388.71967957,OKX and Hyperliquid context available
2026-06-07T12:15:07.194884+00:00,SAND,OkxSwap,HlPerp,0.00000000,0.00418091,0.0000,-0.00418091,-0.00418091,1776.11326901,OKX and Hyperliquid context available
2026-06-07T12:15:07.194884+00:00,BIGTIME,OkxSwap,HlPerp,0.20078253,0.00441415,192.5861,-0.00423078,-0.00386406,1204.59377706,OKX and Hyperliquid context available
2026-06-07T12:15:07.194884+00:00,GMX,OkxSwap,HlPerp,0.34646458,0.00466638,117.9846,-0.00434998,-0.00371716,2226.24226673,OKX and Hyperliquid context available
2026-06-07T12:15:07.194884+00:00,AXS,OkxSwap,HlPerp,0.17613962,0.00468986,233.2423,-0.00452901,-0.00420729,1413.37218459,OKX and Hyperliquid context available
2026-06-07T12:15:07.194884+00:00,GMT,OkxSwap,HlPerp,0.10072161,0.00471825,410.3575,-0.00462627,-0.00444230,1121.56681181,OKX and Hyperliquid context available
2026-06-07T12:15:07.194884+00:00,MEME,HlPerp,OkxSwap,0.22860972,0.00492837,188.8481,-0.00471959,-0.00430204,5910.31088121,OKX and Hyperliquid context available
2026-06-07T12:15:07.194884+00:00,MET,OkxSwap,HlPerp,0.00000000,0.00492104,0.0000,-0.00492104,-0.00492104,1583.86311861,OKX and Hyperliquid context available
2026-06-07T12:15:07.194884+00:00,DOOD,OkxSwap,HlPerp,0.00000000,0.00499512,0.0000,-0.00499512,-0.00499512,758.49132518,thin OKX top-50 book; low Hyperliquid day volume
2026-06-07T12:15:07.194884+00:00,INIT,OkxSwap,HlPerp,0.00000000,0.00503075,0.0000,-0.00503075,-0.00503075,2630.27166012,thin OKX top-50 book
2026-06-07T12:15:07.194884+00:00,NEO,OkxSwap,HlPerp,0.21816645,0.00544174,218.5011,-0.00524250,-0.00484402,1123.14792040,OKX and Hyperliquid context available
2026-06-07T12:15:07.194884+00:00,BRETT,OkxSwap,HlPerp,0.10817190,0.00541515,438.5310,-0.00531636,-0.00511879,1387.04227450,OKX and Hyperliquid context available
2026-06-07T12:15:07.194884+00:00,FOGO,OkxSwap,HlPerp,0.00000000,0.00535126,0.0000,-0.00535126,-0.00535126,861.23240076,low Hyperliquid day volume
2026-06-07T12:15:07.194884+00:00,TRB,OkxSwap,HlPerp,0.00000000,0.00550465,0.0000,-0.00550465,-0.00550465,1144.10905980,OKX and Hyperliquid context available
2026-06-07T12:15:07.194884+00:00,NOT,OkxSwap,HlPerp,0.00000000,0.00551157,0.0000,-0.00551157,-0.00551157,597.37258625,low Hyperliquid day volume; wide Hyperliquid impact spread
2026-06-07T12:15:07.194884+00:00,MOVE,OkxSwap,HlPerp,0.00000000,0.00554051,0.0000,-0.00554051,-0.00554051,781.11555161,low Hyperliquid day volume
2026-06-07T12:15:07.194884+00:00,HMSTR,OkxSwap,HlPerp,0.00000000,0.00600989,0.0000,-0.00600989,-0.00600989,1655.57488126,wide Hyperliquid impact spread
2026-06-07T12:15:07.194884+00:00,BLUR,OkxSwap,HlPerp,0.08361954,0.00617137,646.5141,-0.00609501,-0.00594228,1837.20133696,wide Hyperliquid impact spread
2026-06-07T12:15:07.194884+00:00,ME,OkxSwap,HlPerp,0.23142356,0.00653283,247.2851,-0.00632149,-0.00589879,1628.38113132,wide Hyperliquid impact spread
2026-06-07T12:15:07.194884+00:00,UMA,OkxSwap,HlPerp,0.59647346,0.00745643,109.5075,-0.00691170,-0.00582225,683.63149189,low Hyperliquid day volume; wide Hyperliquid impact spread
2026-06-07T12:15:07.194884+00:00,ZETA,OkxSwap,HlPerp,0.00000000,0.00755942,0.0000,-0.00755942,-0.00755942,533.29504073,low Hyperliquid day volume; wide Hyperliquid impact spread
2026-06-07T12:15:07.194884+00:00,WCT,OkxSwap,HlPerp,0.11304810,0.00768520,595.5197,-0.00758196,-0.00737548,685.80967192,low Hyperliquid day volume; wide Hyperliquid impact spread
2026-06-07T12:15:07.194884+00:00,BOME,OkxSwap,HlPerp,0.04531465,0.00810747,1567.2964,-0.00806609,-0.00798333,266.33722767,low Hyperliquid day volume; wide Hyperliquid impact spread
2026-06-07T12:15:07.194884+00:00,IOTA,OkxSwap,HlPerp,0.10881301,0.00818810,659.1835,-0.00808873,-0.00788998,920.32674227,low Hyperliquid day volume; wide Hyperliquid impact spread
2026-06-07T12:15:07.194884+00:00,RESOLV,OkxSwap,HlPerp,0.00000000,0.00918814,0.0000,-0.00918814,-0.00918814,3335.30992902,wide Hyperliquid impact spread
2026-06-07T12:15:07.194884+00:00,MINA,OkxSwap,HlPerp,0.09442545,0.00957091,887.9083,-0.00948467,-0.00931221,1194.98518911,wide Hyperliquid impact spread
2026-06-07T12:15:07.194884+00:00,SOPH,OkxSwap,HlPerp,0.00000000,0.00948669,0.0000,-0.00948669,-0.00948669,300.94256596,low Hyperliquid day volume; wide Hyperliquid impact spread
2026-06-07T12:15:07.194884+00:00,RSR,OkxSwap,HlPerp,0.13437702,0.01248164,813.6749,-0.01235893,-0.01211349,266.33446882,low Hyperliquid day volume; wide Hyperliquid impact spread
2026-06-07T12:15:07.194884+00:00,CELO,OkxSwap,HlPerp,0.00000000,0.01239344,0.0000,-0.01239344,-0.01239344,1280.49666699,wide Hyperliquid impact spread
